30,1.0595,1.68909,0.862507,1,0.91,0.972139,0.4
时间1,(8082,4662),(6624,1332),(5562,4608),(9630,7992),(9144,7650),(13050,5346),(9162,7992),(8748,252),(8748,252),(13266,5292),(9180,2664),(8262,2358),(7506,3618),(6390,4086),(5526,2340),(8118,7974),(5580,6246),(8064,7146),(2268,6858),(4644,7110),(3042,5508),(2088,4266),(1962,3636),(1638,1656),(2178,864),(5184,1908),(6066,1278),(5796,936),(4500,3150),(4356,3348)
时间2,(8415.34,4662),(6704.85,1008.62),(5598,4356),(9595.1,7660.5),(9477.34,7650),(13266,5292),(9144.48,7659.12),(9081.29,246.351),(9081.29,246.351),(13243,4959.46),(9198,2340),(8595.27,2351.59),(7697.83,3345.4),(6408,3852),(5512.12,2006.95),(8118,7668),(5912.99,6230.86),(7730.78,7137.23),(2487.5,6607.14),(4977.34,7110),(3042,5220),(2022.63,3939.14),(1898.16,3308.83),(1743.41,1339.77),(2510.51,840.489),(5058,1800),(5859.45,1016.37),(5832,738),(4167.08,3133.35),(4644,3330)
时间3,(8748.67,4662),(6768,756),(5616,4050),(9594,7650),(9594,7650),(13465,5559.41),(9144,7650),(9414.58,240.702),(9414.58,240.702),(13220,4626.92),(8864.73,2346.41),(8928.55,2345.18),(7848,3132),(6112.72,4006.67),(5508,1908),(8118,7974),(6245.98,6215.73),(7397.56,7128.46),(2707.01,6356.28),(5022,7110),(2709.18,5201.51),(1962,3636),(1834.33,2981.67),(1848.82,1023.54),(2843.01,816.979),(5184,1908),(5796,936),(5498.66,738),(4140,3132),(4356,3348)
时间4,(9082.01,4662),(6687.15,1079.38),(5508,4068),(9628.9,7981.5),(9260.66,7650),(13664,5826.83),(9155.9,7316.88),(9747.86,235.053),(9747.86,235.053),(13197,4294.38),(8531.45,2352.82),(9198,2340),(7656.17,3404.6),(6030,4050),(5521.88,2241.05),(7784.77,7965.67),(6372,6210),(7380,7128),(2772,6282),(5355.34,7110),(2394,5184),(2027.37,3962.86),(1818,2898),(1854,1008),(3175.52,793.468),(5508,1908),(5832,738),(5165.33,738),(4472.92,3148.65),(4104,3348)
时间5,(9162,4662),(6624,1332),(5292,4284),(9630,7992),(9144,7650),(13863,6094.24),(9162,7146),(10081.2,229.404),(10081.2,229.404),(13174,3961.84),(8262,2358),(9198,2006.66),(7506,3618),(5994,4356),(5526,2340),(7451.54,7957.34),(6698.86,6275.37),(7430.69,7457.46),(2552.5,6532.86),(5616,7110),(2160,4950),(2088,4266),(1881.84,3225.17),(1748.59,1324.23),(3508.02,769.958),(5184,1908),(5832,404.664),(4831.99,738),(4500,3150),(3852,3330)
时间6,(8828.66,4662),(6876,1350),(5004,4302),(9296.66,7992),(9161.52,7982.88),(14062,6361.65),(9169.24,6812.74),(10414.4,223.755),(10414.4,223.755),(13151,3629.29),(7928.86,2346.51),(9198,1673.33),(7722,3636),(5886,4554),(5536.41,2673.17),(7398,7956),(6732,6282),(7452,7596),(2332.99,6783.72),(5282.66,7110),(2124,4662),(2421.32,4268.92),(1945.67,3552.33),(1643.18,1640.46),(3840.53,746.447),(5058,1800),(5832,288),(4498.66,738),(4356,3348),(3518.66,3330)
时间7,(8495.33,4662),(6844.4,1681.83),(4673.46,4345.11),(9162,7992),(9162,7992),(14261,6629.07),(9176.49,6479.49),(10747.7,218.106),(10747.7,218.106),(13128,3296.75),(7740,2340),(9198,1494),(7506,3618),(5994,4356),(5544,2916),(7064.66,7956),(7065.21,6272.74),(7402.55,7925.65),(2268,6858),(5022,7110),(2093.82,4330.03),(2754.65,4271.85),(1962,3636),(1638,1656),(3960,738),(5013.95,1469.59),(5498.87,299.792),(4165.32,738),(4104,3348),(3438,3330)
时间8,(8161.99,4662),(6840,1728),(4590,4356),(9144.48,7659.12),(9495.34,7992),(14418,6840),(9180,6318),(10872,216),(10872,216),(13105,2964.21),(8073.14,2351.49),(9084.45,1180.6),(7452,3888),(6030,4050),(5364,2952),(6750,7956),(7380,6264),(7398,7956),(1938.15,6906.1),(4688.66,7110),(2088,4266),(3087.97,4274.77),(1632.35,3685.45),(1671.17,1987.68),(3627.49,761.511),(4986,1260),(5165.75,311.584),(3960,738),(4134.18,3679.97),(3312,3348)
时间9,(8082,4662),(6871.6,1396.17),(4338,4248),(9144,7650),(9630,7992),(14084.7,6840),(9174.35,5984.71),(10538.7,221.649),(10944.3,541.398),(13082,2631.67),(8262,2358),(8970.9,867.201),(7119.82,3860.32),(6361.68,4083.17),(5535.5,3237.83),(6416.83,7945.42),(7713.24,6272.13),(7064.66,7956),(1608.31,6954.21),(4644,7110),(1754.66,4266),(3421.29,4277.7),(1302.7,3734.89),(1674,2016),(3294.99,785.021),(4655.76,1305.33),(4832.62,323.376),(4014.8,1066.8),(4140,3744),(3186,3366)
时间10,(8415.34,4662),(6876,1350),(4590,4356),(9155.9,7316.88),(9963.32,7994.95),(14040,6840),(9168.7,5651.42),(10205.4,227.298),(11016.6,866.797),(13068,2430),(8595.27,2351.59),(8857.35,553.802),(7020,3852),(6390,4086),(5580,3312),(6083.66,7934.85),(8046.47,6280.26),(6750,7956),(1404,6984),(4310.66,7110),(1421.33,4266),(3754.62,4280.62),(1242,3744),(1341.54,2040.09),(2962.48,808.532),(4325.52,1350.65),(4499.49,335.168),(4068,1386),(3806.72,3749.85),(3126.37,3693.96)
时间11,(8748.67,4662),(6894,1062),(4635.55,4686.21),(9162,7146),(10296.6,7997.9),(13712.8,6903.84),(9163.05,5318.14),(9872.14,232.947),(11088.9,1192.19),(13091,2762.54),(8928.55,2345.18),(8748,252),(6686.66,3852),(6390,4419.34),(5580,3645.34),(5750.5,7924.27),(8118,6282),(6750,7622.66),(1345.4,6655.85),(3977.33,7110),(1278,4266),(4087.94,4283.54),(908.953,3757.88),(1009.07,2064.18),(2629.98,832.042),(4068,1386),(4166.36,346.961),(4076.77,1719.22),(3473.43,3755.69),(3114,3762)
时间12,(9082.01,4662),(6768,756),(4662,4878),(9495.17,7156.58),(10630,8000.85),(13385.7,6967.67),(9162,5256),(9538.85,238.596),(11161.2,1517.59),(13114,3095.08),(9198,2340),(8415.57,276.624),(6642,3852),(6390,4662),(5580,3780),(5616,7920),(8450.92,6298.65),(6750,7289.33),(1314,6480),(3643.99,7110),(950.551,4328.37),(4140,4284),(810,3762),(676.607,2088.27),(2297.47,855.553),(4398.24,1340.67),(3833.24,358.753),(4085.54,2052.44),(3140.15,3761.54),(3447.28,3756.15)
时间13,(9162,4662),(7100.82,737.51),(4716,5184),(9828.34,7167.15),(10963.3,8003.8),(13302,6984),(9494.88,5273.52),(9205.56,244.245),(11233.6,1842.99),(13137,3427.62),(9180,2664),(8262,288),(6408,3852),(6390,4328.66),(5580,3446.66),(5606.99,7586.79),(8478,6300),(6750,7146),(1644.3,6435.14),(3510,7110),(900,4338),(4123.35,4616.92),(731.014,3438.16),(432,2106),(2178,864),(4728.48,1295.35),(3798,360),(4086,2070),(3114,3762),(3780.57,3750.31)
时间14,(9198,4392),(7416,720),(4932,5184),(10161.5,7177.73),(11296.6,8006.75),(12970.5,7018.54),(9827.75,5291.04),(8872.27,249.894),(11304,2160),(13160,3760.16),(8847.43,2686.55),(7928.74,280.755),(6390,4086),(6390,4086),(5580,3312),(5598,7254),(8460.48,6632.88),(6480,7128),(1974.61,6390.29),(3574.34,6782.93),(970.81,4663.73),(4106.71,4949.84),(652.028,3114.31),(502.28,2431.84),(1873.39,999.381),(4986,1260),(3929.31,666.384),(4077.23,1736.78),(3173.63,3434.04),(4113.85,3744.46)
时间15,(9180,4086),(7416,1053.34),(4914,5346),(10296,7182),(11629.9,8009.7),(12638.9,7053.07),(9846,5292),(8748,252),(10996.6,2288.91),(13183,4092.71),(8514.85,2709.09),(7595.49,273.511),(6678,4050),(6058.32,4052.83),(5408.5,3026.17),(5616,7110),(8460,6642),(6146.74,7121.06),(2304.91,6345.43),(3638.68,6455.87),(990,4752),(4104,5004),(630,3024),(572.56,2757.69),(1854,1008),(5030.05,1590.41),(3960,738),(4068.46,1403.56),(3186,3366),(4140,3744)
时间16,(8846.71,4091.29),(7416,1116),(4603.58,5467.47),(10275.2,6849.31),(11664,8010),(12307.4,7087.61),(9972,5256),(9081.29,246.351),(10689.2,2417.82),(13206,4425.25),(8182.28,2731.64),(7434,270),(6984,4050),(6030,4050),(5364,2952),(5602.12,6776.95),(8128.32,6608.83),(5813.47,7114.11),(2635.22,6300.58),(3703.02,6128.8),(1055.37,5078.86),(4194,5238),(961.477,2988.84),(630,3024),(1748.59,1324.23),(5058,1800),(4014.8,1066.8),(4068,1386),(3168,3186),(4473.12,3755.9)
时间17,(8513.41,4096.58),(7452,1368),(4500,5508),(10254.4,6516.63),(11997.3,8014.36),(11975.8,7122.14),(9986.8,4922.99),(9414.58,240.702),(10381.8,2546.73),(13229,4757.79),(8118,2736),(7767.26,277.245),(7314.76,4091.35),(6325.28,3895.33),(5544,2916),(5588.25,6443.91),(8100,6606),(5616,7110),(2772,6282),(3726,6012),(1080,5202),(4525.57,5203.7),(1292.95,2953.69),(708.986,3347.84),(1643.18,1640.46),(5184,1908),(4068,1386),(4398.24,1340.67),(3474,3186),(4644,3762)
时间18,(8180.12,4101.87),(7118.83,1357.59),(4810.42,5386.53),(10242,6318),(12330.6,8018.71),(11644.3,7156.68),(10001.6,4589.99),(9747.86,235.053),(10188,2628),(13252,5090.33),(8082,2628),(8100.51,284.489),(7416,4104),(6408,3852),(5876.18,2943.68),(5580,6246),(8077.83,6938.6),(5602.12,6776.95),(3007.7,6046.3),(3979.09,5795.07),(1156.35,5526.47),(4716,5184),(1624.43,2918.53),(787.972,3671.69),(1638,1656),(5508,1908),(4013.2,1057.2),(4728.48,1295.35),(3456,2988),(4977.14,3773.49)
时间19,(8046,4104),(6876,1350),(4914,5346),(9908.95,6304.12),(12663.9,8023.07),(11574,7164),(10008,4446),(10081.2,229.404),(10495.4,2499.09),(13266,5292),(7748.66,2628),(8262,288),(7452,3888),(6728,3758.67),(5976,2952),(5591.69,5912.87),(8064,7146),(5588.25,6443.91),(3096,5958),(4104,5688),(1224,5814),(4384.43,5218.3),(1818,2898),(810,3762),(1671.17,1987.68),(5184,1908),(3960,738),(4986,1260),(3132,2916),(5166,3780)
时间20,(8379.29,4098.71),(6624,1332),(4932,5184),(9810,6300),(12997.2,8027.43),(11609.3,7495.47),(9993.2,4779.01),(10414.4,223.755),(10802.8,2370.18),(13243,4959.46),(7740,2628),(8262,621.336),(7785.34,3888),(6840,3726),(5935.49,3282.86),(5603.38,5579.74),(7730.78,7137.23),(5580,6246),(3428.12,5986.47),(4407.46,5550.06),(1147.65,5489.53),(4194,5238),(1764.29,2569.02),(1143.05,3748.12),(1674,2016),(5058,1800),(4293.34,738),(5030.05,1590.41),(3168,3186),(5499.34,3780)
时间21,(8712.59,4093.42),(6390,1404),(5264.88,5201.52),(9476.8,6309.52),(13330.5,8031.78),(11644.5,7826.93),(9978.4,5112.01),(10747.7,218.106),(11110.2,2241.27),(13220,4626.92),(7812,2898),(8262,954.672),(8118.67,3888),(7110,3582),(5894.97,3613.73),(5615.07,5246.61),(7397.56,7128.46),(5912.99,6230.86),(3726,6012),(4500,5508),(1080,5202),(4050,5202),(1710.58,2240.04),(1242,3744),(1341.54,2040.09),(5013.95,1469.59),(4626.67,738),(5058,1800),(3474,3186),(5580,3780)
时间22,(9045.88,4088.13),(6624,1332),(5274,5202),(9180,6318),(13663.8,8036.14),(11664,8010),(9972,5256),(10872,216),(11304,2160),(13197,4294.38),(8118,2952),(8262,1288.01),(8316,3888),(7020,3852),(5868,3834),(5616,5220),(7380,7128),(6245.98,6215.73),(3888,6066),(4196.54,5645.94),(1413.09,5189.19),(4104,5004),(1674,2016),(1571.65,3694.55),(1009.07,2064.18),(4986,1260),(4960.01,738),(5184,1908),(3438,3330),(5246.66,3780)
时间23,(9180,4086),(6704.85,1008.62),(5058,5454),(9174.35,5984.71),(13997.2,8040.5),(11330.7,8007.05),(10305.1,5243.66),(11205.3,210.049),(11376,2448),(13174,3961.84),(8118,2736),(8262,1314),(8262,3654),(6984,4050),(5922,4050),(5949.34,5220),(7046.8,7137.52),(6372,6210),(4104,5868),(4104,5688),(1548,5184),(4194,5238),(1727.71,2344.98),(1901.3,3645.11),(676.607,2088.27),(4655.76,1305.33),(5293.34,738),(5508,1908),(3312,3348),(5166,3780)
时间24,(9512.35,4060.43),(6768,756),(5094,5634),(9168.7,5651.42),(14330.5,8044.86),(10997.4,8004.1),(10458,5238),(11538.6,204.097),(11709.2,2458.1),(13151,3629.29),(8450.57,2713.45),(8282.17,1646.73),(7942,3560.67),(6678,4050),(5868,3834),(6282.67,5220),(6750,7146),(6372,5876.66),(4399.74,5714.21),(4067.19,5356.7),(1881.21,5174.74),(4050,5202),(1781.42,2673.96),(1962,3636),(432,2106),(4325.52,1350.65),(5626.68,738),(5184,1908),(3186,3366),(5166,3446.66)
时间25,(9844.71,4034.87),(6894,1062),(5058,5454),(9163.05,5318.14),(14418,8046),(10664,8001.15),(10446.1,4904.88),(11871.8,198.146),(11970,2466),(13128,3296.75),(8783.15,2690.91),(8298,1908),(7830,3528),(6642,3852),(6174,3726),(6372,5220),(6743.06,6812.74),(6372,5543.33),(4554,5634),(4050,5202),(2196,5166),(3717.31,5222.79),(1818,2898),(1898.16,3308.83),(374.539,1777.65),(4068,1386),(5832,738),(5058,1800),(3168,3186),(5166,3330)
时间26,(9882,4032),(7225.57,1096.3),(5274,5202),(9162,5256),(14458.6,7715.15),(10330.7,7998.2),(10434.2,4571.75),(11880,198),(12303.2,2455.08),(13105,2964.21),(9115.72,2668.36),(7964.83,1897.59),(8150,3621.33),(6408,3852),(6505.83,3694.4),(6705.14,5231.29),(6736.11,6479.47),(6372,5220),(4626,5814),(4086.81,5533.3),(2160,4950),(3474,5238),(2151.3,2902.57),(1834.33,2981.67),(317.079,1449.31),(4076.77,1719.22),(5832,404.664),(5013.95,1469.59),(3132,2916),(4932,3348)
时间27,(9954,4230),(7416,1116),(5606.88,5219.52),(9494.88,5273.52),(14499.3,7384.3),(9997.39,7995.25),(10422.3,4238.63),(11880,531.336),(12636.3,2444.15),(13082,2631.67),(9180,2664),(7722,1890),(8262,3654),(6390,4086),(6552,3690),(7038.29,5242.59),(6732,6282),(6405.17,4888.32),(4534.43,6134.51),(4104,5688),(2124,4662),(3577.2,5554.96),(2484.61,2907.13),(1818,2898),(306,1386),(4085.54,2052.44),(5832,288),(4986,1260),(3132,2772),(4644,3330)
时间28,(9882,4032),(7452,1368),(5616,5220),(9827.75,5291.04),(14539.9,7053.45),(9664.06,7992.3),(10422,4230),(11880,702),(12969.5,2433.23),(13068,2430),(9198,2340),(8055.17,1900.41),(8316,3888),(6678,4050),(6840,3546),(7371.43,5253.88),(7065.21,6272.74),(6408,4860),(4518,6192),(4104,5868),(1798.85,4735.42),(3680.39,5871.92),(2817.91,2911.7),(1486.52,2933.16),(275.267,1054.08),(4086,2070),(6165.34,288),(4655.76,1305.33),(3456,2808),(4628.86,2997.01)
时间29,(9549.65,4057.57),(7452,1701.34),(5632.65,4887.08),(9846,5292),(14544,7020),(9630,7992),(10088.7,4230),(11896.6,1034.92),(13068,2430),(13091,2762.54),(9198,2006.66),(8298,1908),(7982.66,3888),(6642,3852),(7110,3582),(7434,5256),(7380,6264),(6074.66,4860),(4848.21,6237.55),(4158,6084),(1566,4788),(3726,6012),(3132,2916),(1155.05,2968.31),(244.534,722.168),(4077.23,1736.78),(6498.67,288),(4325.52,1350.65),(3456,2502),(4626,2934)
时间30,(9217.29,4083.13),(7452,1908),(5634,4860),(9846,5625.34),(14418,6840),(9595.1,7660.5),(9954,4230),(11913.3,1367.84),(13050.5,2097.12),(13114,3095.08),(9198,1673.33),(8277.83,1575.27),(7649.33,3888),(6975.34,3852),(7259.07,3283.86),(7416.17,5588.86),(7380,6597.34),(5741.33,4860),(5040,6264),(3888,6066),(1550.86,5120.99),(3622.8,5695.04),(2798.7,2911.43),(823.569,3003.47),(216,414),(4068.46,1403.56),(6516,288),(4068,1386),(3122.66,2502),(4518,2934)
时间31,(9180,4086),(7439.19,2241.09),(5845.9,4602.69),(9846,5958.67),(14084.7,6840),(9594,7650),(10287.3,4230),(11929.9,1700.76),(13050,2088),(13137,3427.62),(9198,1494),(8262,1314),(7452,3888),(7020,3852),(7308,3186),(7398.34,5921.72),(7380,6930.67),(5634,4860),(5032.91,6597.26),(4104,5868),(1548,5184),(3519.61,5378.08),(2465.39,2906.87),(630,3024),(549.298,408.975),(4068,1386),(6593.79,612.132),(4013.2,1057.2),(3114,2502),(4184.98,2919.52)
时间32,(9198,4392),(7434,2376),(5886,4554),(9846,5976),(14040,6840),(9927.34,7650),(10422,4230),(11946.6,2033.68),(12717.1,2104.37),(13160,3760.16),(9084.45,1180.6),(8262,980.664),(7119.82,3860.32),(6984,4050),(7452,2988),(7380.5,6254.58),(7380,7128),(5967.34,4860),(5025.82,6930.52),(4399.74,5714.21),(1881.21,5174.74),(3474,5238),(2132.09,2902.3),(559.72,2698.16),(882.596,403.951),(4013.2,1057.2),(6624,738),(3960,738),(3132,2772),(4104,2916)
时间33,(9530.6,4414.17),(7740,2340),(5674.1,4811.31),(9810,6300),(13855.9,6562.13),(10260.7,7650),(10433.9,4563.12),(11952,2142),(12384.1,2120.75),(13183,4092.71),(8970.9,867.201),(8262,647.328),(7020,3852),(7314.76,4091.35),(7442.2,2654.81),(7380,6264),(7430.69,7457.46),(6300.67,4860),(5022,7110),(4554,5634),(2196,5166),(3140.95,5224.12),(1818,2898),(489.44,2372.31),(1215.89,398.926),(3960,738),(6500.2,1047.49),(3828.69,431.616),(3456,2808),(4140,3132)
时间34,(9863.2,4436.35),(7726.68,2006.93),(5634,4860),(9476.8,6309.52),(13671.7,6284.27),(10332,7650),(10445.8,4896.25),(11618.8,2151.26),(12051.2,2137.12),(13206,4425.25),(8857.35,553.802),(8262,313.992),(7110,3582),(7416,4104),(7434,2376),(7713.24,6272.13),(7452,7596),(6408,4860),(4688.66,7110),(4867.92,5521.89),(2394,5184),(3042,5220),(1881.84,3225.17),(432,2106),(1549.19,393.902),(4293.34,738),(6408,1278),(3798,360),(3456,2502),(4104,3348)
时间35,(10008,4446),(7722,1890),(5562,4608),(9180,6318),(13487.6,6006.4),(10306.4,7317.65),(10457.7,5229.37),(11304,2160),(11952,2142),(13229,4757.79),(8748,252),(8262,288),(6840,3726),(7405.25,4437.16),(7102.03,2345.82),(8046.47,6280.26),(7783.41,7631.83),(6741.28,4853.94),(4644,7110),(5058,5454),(2160,4950),(3042,5508),(1945.67,3552.33),(374.539,1777.65),(1882.49,388.877),(4626.67,738),(6074.66,1278),(4131.13,348.208),(3474,2250),(3852,3330)
时间36,(9675.4,4423.83),(7452,1908),(5279.33,4784.67),(9172.76,6651.26),(13303.5,5728.53),(10296,7182),(10458,5238),(11231.7,1834.6),(12284.9,2125.63),(13252,5090.33),(8415.57,276.624),(7928.74,280.755),(6520,3819.33),(7398,4662),(6840,2322),(8118,6282),(8114.81,7667.66),(7074.56,4847.88),(4672.27,7442.14),(4744.08,5566.11),(2196,5166),(2710.65,5544.31),(1962,3636),(317.079,1449.31),(2215.79,383.852),(4960.01,738),(6066,1278),(4464.25,336.416),(3294,2250),(3804.86,3000.01)
时间37,(9342.8,4401.65),(7452,1574.66),(5274,4788),(9165.51,6984.51),(13119.4,5450.67),(10629.3,7177.31),(10790.9,5255.52),(11159.4,1509.2),(12617.9,2109.25),(13266,5292),(8262,288),(7595.49,273.511),(6408,3852),(7408.75,4328.84),(6857.52,2654.88),(8100,6606),(8118,7668),(7398,4842),(4700.53,7774.27),(4554,5634),(2394,5184),(2379.3,5580.63),(1632.35,3685.45),(306,1386),(2549.09,378.828),(5293.34,738),(5859.45,1016.37),(4797.38,324.624),(3294,2070),(3798,2952)
时间38,(9198,4392),(7452,1368),(4968,4680),(9162,7146),(13050,5346),(10962.6,7172.61),(11123.8,5273.04),(11087.1,1183.81),(12950.8,2092.88),(13243,4959.46),(8594.43,263.376),(7434,270),(6112.72,4006.67),(7416,4104),(6858,2664),(8077.83,6938.6),(8083.7,7336.43),(7426.88,5174.08),(4716,7956),(4626,5814),(2726.82,5202.49),(2047.94,5616.94),(1302.7,3734.89),(275.267,1054.08),(2882.39,373.803),(5626.68,738),(5796,936),(5130.51,312.832),(3096,2070),(4104,2916)
时间39,(9162,4662),(7784.6,1345.83),(4986,4896),(9495.17,7156.58),(12716.9,5333.43),(11295.9,7167.92),(11142,5274),(11014.8,858.407),(13050,2088),(13220,4626.92),(8748,252),(7767.26,277.245),(6030,4050),(7749.34,4104),(7074,2718),(8064,7146),(8064,7146),(7434,5256),(5049.07,7942.68),(4534.43,6134.51),(3042,5220),(1728,5652),(1242,3744),(244.534,722.168),(3215.68,368.779),(5832,738),(5832,738),(5463.64,301.039),(3109.88,2403.05),(4104,2808)
时间40,(9162,4995.34),(8117.2,1323.65),(4662,4878),(9828.34,7167.15),(12383.8,5320.86),(11574,7164),(11214.9,5599.27),(10942.4,533.009),(13032.9,1755.1),(13197,4294.38),(8861.55,565.399),(8100.51,284.489),(5994,4356),(8046,4104),(7308,2844),(8397.34,7146),(7730.78,7137.23),(7766.88,5238.48),(5382.14,7929.35),(4518,6192),(3375.05,5233.88),(1692,5832),(908.953,3757.88),(216,414),(3548.98,363.754),(5832,404.664),(5796,936),(5796.76,289.247),(3114,2502),(4104,2484)
时间41,(9162,5256),(8262,1314),(4616.45,4547.79),(10161.5,7177.73),(12050.7,5308.29),(11498,6839.43),(11287.8,5924.53),(10872,216),(13015.9,1422.2),(13174,3961.84),(8975.1,878.799),(8262,288),(5886,4554),(8067.46,4436.64),(7452,2988),(8730.67,7146),(7397.56,7128.46),(8099.75,5220.96),(5616,7920),(4198.72,6096.22),(3474,5238),(1728,5652),(810,3762),(549.298,408.975),(3798,360),(5832,288),(6002.55,1197.63),(5832,288),(3132,2772),(3770.79,2493.26)
时间42,(9162,4922.66),(7929.4,1336.17),(4590,4356),(10296,7182),(11717.6,5295.72),(11422.1,6514.87),(11360.7,6249.8),(11205.3,210.049),(12998.8,1089.3),(13151,3629.29),(9088.65,1192.2),(8262,621.336),(5994,4356),(8082,4662),(7480.47,3320.12),(9064.01,7146),(7380,7128),(8118,5220),(5282.93,7933.32),(4158,6084),(3806.69,5217.21),(2059.35,5615.69),(731.014,3438.16),(882.596,403.951),(3464.7,365.025),(6165.34,288),(6066,1278),(5498.87,299.792),(3132,2916),(3456,2502)
时间43,(9162,4662),(7596.8,1358.35),(4920.54,4312.89),(10275.2,6849.31),(11384.5,5283.15),(11376,6318),(11376,6318),(11538.6,204.097),(12981.7,756.406),(13128,3296.75),(9198,1494),(8262,954.672),(6030,4050),(8060.54,4329.36),(7506,3618),(9162,7146),(7046.8,7137.52),(8451.14,5231.49),(4949.86,7946.65),(3888,6066),(4050,5202),(2390.7,5579.37),(652.028,3114.31),(1215.89,398.926),(3131.4,370.049),(6498.67,288),(6399.34,1278),(5165.75,311.584),(3456,2988),(3122.66,2502)
时间44,(8828.66,4662),(7452,1368),(5004,4302),(10254.4,6516.63),(11142,5274),(11042.7,6318),(11042.7,6318),(11871.8,198.146),(12978,684),(13105,2964.21),(9198,1827.34),(8262,1288.01),(6361.68,4083.17),(8046,4104),(7452,3888),(8828.66,7146),(6750,7146),(8784.28,5242.98),(4716,7956),(3726,6012),(4104,5004),(2722.06,5543.06),(630,3024),(1549.19,393.902),(2798.11,375.074),(6516,288),(6408,1278),(4832.62,323.376),(3787.5,2953.1),(3114,2502)
时间45,(8495.33,4662),(7118.83,1357.59),(4986,4572),(10242,6318),(11214.9,5599.27),(10709.3,6318),(10709.3,6318),(11880,198),(12644.7,689.464),(13082,2631.67),(9198,2160.67),(8262,1314),(6390,4086),(7712.66,4104),(7416,4104),(8495.33,7146),(6750,7479.34),(9117.41,5254.46),(4383.01,7940.86),(3979.09,5795.07),(4120.65,4671.08),(3042,5508),(961.477,2988.84),(1882.49,388.877),(2464.81,380.098),(6642,270),(6531.8,968.505),(4499.49,335.168),(3798,2952),(3100.12,2168.95)
时间46,(8161.99,4662),(6876,1350),(4968,4680),(10242,5984.66),(11287.8,5924.53),(10376,6318),(10376,6318),(12213.2,186.895),(12311.4,694.928),(13068,2430),(9198,2340),(8282.17,1646.73),(6390,4419.34),(7416,4104),(7452,3888),(8161.99,7146),(6750,7812.67),(9162,5256),(4050.02,7925.73),(4104,5688),(4137.29,4338.16),(3042,5220),(1292.95,2953.69),(2215.79,383.852),(2131.51,385.123),(6725.65,592.668),(6624,738),(4166.36,346.961),(3845.14,3281.99),(3096,2070)
时间47,(8082,4662),(6894,1062),(5274,4788),(10242,5922),(11360.7,6249.8),(10242,6318),(10242,6318),(12546.3,175.79),(11978.1,700.391),(13091,2762.54),(8864.73,2346.41),(8298,1908),(6390,4662),(7085.24,4062.65),(7119.82,3860.32),(8064,7146),(6750,7956),(8828.86,5244.51),(3717.02,7910.59),(4104,5868),(4140,4284),(2709.18,5201.51),(1624.43,2918.53),(2549.09,378.828),(1798.21,390.148),(6768,756),(6546.21,413.868),(3833.24,358.753),(3852,3330),(3294,2070)
时间48,(8415.34,4662),(7225.57,1096.3),(5130,4968),(9911.72,5967.04),(11376,6318),(9908.95,6304.12),(10242,5984.66),(12879.5,164.685),(11880,702),(13114,3095.08),(8531.45,2352.82),(7964.83,1897.59),(6390,4328.66),(6984,4050),(7020,3852),(8098.3,7477.57),(6416.83,7945.42),(8495.72,5233.02),(3528,7902),(4158,6084),(4338,4248),(2394,5184),(1818,2898),(2882.39,373.803),(1464.91,395.172),(6684.35,433.332),(6516,288),(3798,360),(3518.66,3330),(3627.34,2070)
时间49,(8748.67,4662),(7416,1116),(4932,5184),(9846,5976),(11452,6642.57),(9810,6300),(10242,5922),(12960,162),(11896.6,1034.92),(13137,3427.62),(8262,2358),(7722,1890),(6390,4086),(6678,4050),(6686.66,3852),(8118,7668),(6083.66,7934.85),(8162.59,5221.54),(3520.43,7568.75),(4477.28,6179.78),(4140,4284),(2160,4950),(1764.29,2569.02),(3215.68,368.779),(1131.61,400.197),(6642,270),(6642,270),(3929.31,666.384),(3438,3330),(3960.67,2070)
时间50,(9082.01,4662),(7416,782.664),(4716,5184),(9810,6300),(11527.9,6967.13),(9476.8,6309.52),(9911.72,5967.04),(12971.5,495.138),(11913.3,1367.84),(13160,3760.16),(7928.86,2346.51),(8055.17,1900.41),(6408,3852),(6390,4086),(6642,3852),(8118,7974),(5750.5,7924.27),(8118,5220),(3512.85,7235.5),(4518,6192),(4140,3950.66),(2124,4662),(1710.58,2240.04),(3548.98,363.754),(798.317,405.221),(6975.34,270),(6975.34,270),(3960,738),(3474,3186),(4086,2070)
时间51,(9162,4662),(7416,720),(4662,4878),(9846,5976),(11574,7164),(9180,6318),(9846,5976),(12978,684),(11929.9,1700.76),(13183,4092.71),(7740,2340),(8298,1908),(6642,3852),(6058.32,4052.83),(6678,4050),(8451.29,7979.75),(5616,7920),(8096.54,4887.36),(3510,7110),(4563.33,6522.24),(4140,3744),(2093.82,4330.03),(1674,2016),(3798,360),(465.019,410.246),(7308.67,270),(7308.67,270),(4293.34,738),(3456,2988),(4122,2250)
时间52,(9198,4392),(7429.32,386.93),(4986,4896),(9846,5642.66),(11609.3,7495.47),(9174.35,5984.71),(9846,5642.66),(12644.7,689.464),(11946.6,2033.68),(13206,4425.25),(8073.14,2351.49),(8277.83,1575.27),(6408,3852),(6030,4050),(6390,4086),(8784.57,7985.49),(5606.99,7586.79),(8082,4662),(3176.66,7110),(4608.65,6852.48),(4140,4077.34),(2088,4266),(1341.54,2040.09),(3464.7,365.025),(216,414),(7434,270),(7434,270),(4626.67,738),(3787.5,2953.1),(3788.66,2250)
时间53,(9180,4086),(7434,270),(5130,4968),(9846,5309.33),(11644.5,7826.93),(9168.7,5651.42),(9846,5309.33),(12311.4,694.928),(11952,2142),(13229,4757.79),(8262,2358),(8262,1314),(6728,3758.67),(6325.28,3895.33),(6408,3852),(9117.86,7991.24),(5598,7254),(7748.66,4662),(2843.33,7110),(4644,7110),(4140,4284),(2421.32,4268.92),(1009.07,2064.18),(3131.4,370.049),(246.733,745.916),(7100.66,270),(7100.66,270),(4960.01,738),(3798,2952),(3474,2250)
时间54,(8846.71,4091.29),(7420.68,603.07),(5292,5058),(9846,5292),(11664,8010),(9163.05,5318.14),(9846,5292),(11978.1,700.391),(11618.8,2151.26),(13252,5090.33),(8595.27,2351.59),(8262,980.664),(6840,3726),(6408,3852),(6728,3758.67),(9162,7992),(5931.09,7266.81),(7415.33,4662),(2509.99,7110),(4310.66,7110),(4123.35,4616.92),(2754.65,4271.85),(676.607,2088.27),(2798.11,375.074),(277.466,1077.83),(6767.33,270),(6767.33,270),(5293.34,738),(4104,2916),(3456,2502)
时间55,(8513.41,4096.58),(7416,720),(5508,4878),(9972,5256),(11997.3,8014.36),(9162,5256),(9513.12,5274.48),(11880,702),(11304,2160),(13266,5292),(8928.55,2345.18),(8262,647.328),(7110,3582),(6112.72,4006.67),(6840,3726),(8828.71,7986.25),(6264.18,7279.62),(7398,4662),(2484,7110),(3977.33,7110),(4106.71,4949.84),(3087.97,4274.77),(432,2106),(2464.81,380.098),(306,1386),(6642,270),(6642,270),(5626.68,738),(4140,3132),(3789.21,2492.74)
时间56,(8180.12,4101.87),(7083.18,738.49),(5634,4860),(10305.1,5243.66),(12330.6,8018.71),(9494.88,5273.52),(9180.25,5256.96),(11880,368.664),(11376,2448),(13243,4959.46),(9198,2340),(8262,313.992),(6840,3546),(6030,4050),(7110,3582),(8495.43,7980.51),(6534,7290),(7064.66,4662),(2491.57,7443.25),(3643.99,7110),(4104,5004),(3421.29,4277.7),(502.28,2431.84),(2131.51,385.123),(363.461,1714.35),(6725.65,592.668),(6516,288),(5832,738),(4472.92,3148.65),(4104,2484)
时间57,(8046,4104),(6768,756),(5562,4608),(10458,5238),(12663.9,8023.07),(9827.75,5291.04),(9162,5256),(11880,198),(11709.2,2458.1),(13220,4626.92),(9180,2664),(8262,288),(7075.7,3310.3),(5994,4356),(7259.07,3283.86),(8162.14,7974.76),(6480,7128),(6731.33,4662),(2499.15,7776.5),(3510,7110),(4194,5238),(3754.62,4280.62),(572.56,2757.69),(1798.21,390.148),(420.921,2042.69),(6768,756),(6593.79,612.132),(5832,404.664),(4500,3150),(4122,2250)
时间58,(8379.29,4098.71),(6687.15,1079.38),(5598,4356),(10790.9,5255.52),(12997.2,8027.43),(9846,5292),(9167.65,5589.29),(12213.2,186.895),(11970,2466),(13197,4294.38),(8847.43,2686.55),(8594.43,263.376),(7110,3276),(5886,4554),(7308,3186),(8118,7974),(6750,7146),(6397.99,4662),(2502,7902),(3574.34,6782.93),(4525.57,5203.7),(4087.94,4283.54),(630,3024),(1464.91,395.172),(432,2106),(6684.35,433.332),(6624,738),(5832,288),(4518,2934),(4455.34,2250)
时间59,(8712.59,4093.42),(6624,1332),(5472,4356),(11123.8,5273.04),(13330.5,8031.78),(9972,5256),(9173.3,5922.58),(12546.3,175.79),(12303.2,2455.08),(13174,3961.84),(8514.85,2709.09),(8748,252),(7123.88,2942.95),(5994,4356),(7452,2988),(7784.77,7965.67),(6743.06,6812.74),(6390,4662),(2835.34,7902),(3638.68,6455.87),(4716,5184),(4140,4284),(708.986,3347.84),(1131.61,400.197),(502.28,2431.84),(6642,270),(6500.2,1047.49),(6165.34,288),(4184.98,2919.52),(4590,2250)
时间60,(9045.88,4088.13),(6876,1350),(5292,4284),(11142,5274),(13663.8,8036.14),(9986.8,4922.99),(9178.95,6255.86),(12879.5,164.685),(12636.3,2444.15),(13151,3629.29),(8182.28,2731.64),(8861.55,565.399),(7128,2844),(6030,4050),(7147.39,2852.62),(7451.54,7957.34),(6736.11,6479.47),(6408,4860),(3168.67,7902),(3703.02,6128.8),(4384.43,5218.3),(4338,4248),(787.972,3671.69),(798.317,405.221),(572.56,2757.69),(6516,288),(6408,1278),(6498.67,288),(4104,2916),(4590,2502)
时间61,(9180,4086),(6844.4,1681.83),(5004,4302),(11475.1,5286.57),(13997.2,8040.5),(10001.6,4589.99),(9180,6318),(12960,162),(12969.5,2433.23),(13128,3296.75),(8118,2736),(8975.1,878.799),(6808.72,2939.78),(6361.68,4083.17),(7128,2844),(7398,7956),(6732,6282),(6741.28,4853.94),(3502.01,7902),(3726,6012),(4194,5238),(4140,4284),(810,3762),(465.019,410.246),(630,3024),(6593.79,612.132),(6074.66,1278),(6516,288),(4104,2808),(4256.89,2489.66)
时间62,(9512.35,4060.43),(6840,1728),(4986,4572),(11808.2,5299.14),(14330.5,8044.86),(10008,4446),(9172.76,6651.26),(12971.5,495.138),(13068,2430),(13105,2964.21),(8082,2628),(9088.65,1192.2),(6768,2952),(6390,4086),(6801.67,2776.01),(7447.45,7626.35),(6405.14,6216.63),(7074.56,4847.88),(3528,7902),(3393.88,5983.53),(4050,5202),(3806.68,4281.08),(1143.05,3748.12),(216,414),(961.477,2988.84),(6624,738),(6066,1278),(6182.66,288),(4104,2484),(4104,2484)
时间63,(9844.71,4034.87),(6871.6,1396.17),(5319.34,4572),(12141.3,5311.71),(14418,8046),(9993.2,4779.01),(9165.51,6984.51),(12978,684),(13050.5,2097.12),(13082,2631.67),(7748.66,2628),(9198,1494),(6516,2934),(6390,4419.34),(6696,2754),(7452,7596),(6372,6210),(7398,4842),(3520.43,7568.75),(3096,5958),(4104,5004),(3473.35,4278.15),(1242,3744),(246.733,745.916),(1292.95,2953.69),(6500.2,1047.49),(5859.45,1016.37),(5849.33,288),(4122,2250),(4437.11,2496.34)
时间64,(9882,4032),(6876,1350),(5346,4572),(12474.4,5324.28),(14458.6,7715.15),(9978.4,5112.01),(9162,7146),(12995.1,1016.9),(13050,2088),(13068,2430),(7740,2628),(9198,1827.34),(6182.85,2945.11),(6390,4662),(6768,2952),(7783.41,7631.83),(6039.01,6225.14),(7398,4662),(3512.85,7235.5),(2764,5928.2),(4194,5238),(3140.03,4275.23),(1571.65,3694.55),(277.466,1077.83),(1624.43,2918.53),(6408,1278),(5796,936),(5832,288),(3788.66,2250),(4590,2502)
时间65,(9954,4230),(6894,1062),(5472,4356),(12807.5,5336.85),(14499.3,7384.3),(9972,5256),(9150.1,7479.12),(13012.1,1349.8),(12717.1,2104.37),(13091,2762.54),(7812,2898),(9198,2160.67),(5976,2952),(6390,4328.66),(7087.28,2856.22),(8114.81,7667.66),(5706.02,6240.27),(7064.66,4662),(3510,7110),(2432,5898.41),(4050,5202),(2806.71,4272.3),(1901.3,3645.11),(306,1386),(1818,2898),(6074.66,1278),(5832,738),(5498.87,299.792),(3474,2250),(4608,2736)
时间66,(9882,4032),(6768,756),(5292,4284),(13050,5346),(14539.9,7053.45),(10305.1,5243.66),(9144,7650),(13029.2,1682.7),(12384.1,2120.75),(13114,3095.08),(7488.62,2978.85),(9198,2340),(5643.82,2924.32),(6390,4086),(7128,2844),(8118,7668),(5580,6246),(6731.33,4662),(3176.66,7110),(2099.99,5868.61),(3717.31,5222.79),(2473.38,4269.38),(1962,3636),(363.461,1714.35),(2151.3,2902.57),(6066,1278),(5498.66,738),(5165.75,311.584),(3294,2250),(4941.34,2736)
时间67,(9549.65,4057.57),(7100.82,737.51),(5508,4068),(13266,5292),(14544,7020),(10458,5238),(9477.34,7650),(13046.3,2015.59),(12051.2,2137.12),(13137,3427.62),(7452,2988),(9180,2664),(5544,2916),(6408,3852),(7432.61,2979.38),(8118,7974),(5591.69,5912.87),(6397.99,4662),(2843.33,7110),(1767.99,5838.82),(3474,5238),(2140.06,4266.46),(1898.16,3308.83),(420.921,2042.69),(2484.61,2907.13),(5859.45,1016.37),(5165.33,738),(4832.62,323.376),(3294,2070),(5022,2736)
时间68,(9217.29,4083.13),(7416,720),(5616,4050),(13465,5559.41),(14418,6840),(10446.1,4904.88),(9594,7650),(13050,2088),(11952,2142),(13160,3760.16),(7775.38,2907.15),(8847.43,2686.55),(5533.59,2582.83),(6642,3852),(7452,2988),(7784.77,7965.67),(5603.38,5579.74),(6390,4662),(2509.99,7110),(1692,5832),(3577.2,5554.96),(2088,4266),(1834.33,2981.67),(432,2106),(2817.91,2911.7),(5796,936),(4831.99,738),(4499.49,335.168),(3627.34,2070),(5058,2916)
时间69,(9180,4086),(7416,1053.34),(5922,4050),(13664,5826.83),(14084.7,6840),(10434.2,4571.75),(9927.34,7650),(13032.9,1755.1),(11618.8,2151.26),(13183,4092.71),(7812,2898),(8514.85,2709.09),(5526,2340),(6975.34,3852),(7442.2,2654.81),(7451.54,7957.34),(5615.07,5246.61),(6408,4860),(2484,7110),(1358.91,5819.19),(3680.39,5871.92),(1754.66,4266),(1818,2898),(764.464,2081.91),(3132,2916),(5832,738),(4498.66,738),(4166.36,346.961),(3960.67,2070),(4724.95,2929.88)
时间70,(9198,4392),(7416,1116),(5832,4284),(13863,6094.24),(14040,6840),(10422.3,4238.63),(10260.7,7650),(13015.9,1422.2),(11304,2160),(13206,4425.25),(8118,2952),(8182.28,2731.64),(5848.67,2256.35),(7020,3852),(7434,2376),(7398,7956),(5616,5220),(6374.83,5191.68),(2152.17,7078.4),(1224,5814),(3726,6012),(1421.33,4266),(1764.29,2569.02),(1096.93,2057.82),(2798.7,2911.43),(5832,404.664),(4165.32,738),(3833.24,358.753),(4086,2070),(4626,2934)
时间71,(9530.6,4414.17),(7452,1368),(5618.6,4540.08),(14062,6361.65),(13712.8,6903.84),(10422,4230),(10332,7650),(12998.8,1089.3),(10996.6,2288.91),(13229,4757.79),(8352,2970),(8118,2736),(6012,2214),(6984,4050),(7102.03,2345.82),(7064.66,7956),(5949.34,5220),(6372,5220),(2106,7074),(1268.64,6144.33),(3622.8,5695.04),(1278,4266),(1710.58,2240.04),(1429.39,2033.73),(2465.39,2906.87),(5832,288),(3960,738),(3798,360),(4418.91,2086.93),(4608,2736)
时间72,(9863.2,4436.35),(7118.83,1357.59),(5562,4608),(14261,6629.07),(13385.7,6967.67),(10088.7,4230),(10306.4,7317.65),(12981.7,756.406),(10689.2,2417.82),(13252,5090.33),(8677.4,2897.69),(8118,2952),(6156,2142),(6678,4050),(6840,2322),(6750,7956),(6282.67,5220),(6705.14,5231.29),(1878.02,7317.18),(1313.28,6474.67),(3519.61,5378.08),(1255.07,3933.45),(1674,2016),(1674,2016),(2132.09,2902.3),(5498.87,299.792),(3828.69,431.616),(3929.31,666.384),(4751.81,2103.85),(4941.34,2736)
时间73,(10008,4446),(6876,1350),(5346,4572),(14418,6840),(13302,6984),(9954,4230),(10296,7182),(12978,684),(10381.8,2546.73),(13266,5292),(9002.8,2825.38),(8352,2970),(6030,1890),(6642,3852),(6840,1988.66),(6416.83,7945.42),(6372,5220),(7038.29,5242.59),(1650.04,7560.36),(1314,6480),(3474,5238),(1242,3744),(1640.83,1684.32),(1640.83,1684.32),(1818,2898),(5165.75,311.584),(3798,360),(3960,738),(5084.72,2120.78),(5022,2736)
时间74,(9675.4,4423.83),(6624,1332),(5012.66,4572),(14544,7020),(12970.5,7018.54),(10287.3,4230),(10629.3,7177.31),(12644.7,689.464),(10188,2628),(13243,4959.46),(9162,2790),(8677.4,2897.69),(5782.82,1666.36),(6975.34,3852),(6840,1728),(6083.66,7934.85),(6372,5553.34),(7371.43,5253.88),(1566,7650),(1372.6,6808.15),(3140.95,5224.12),(1264.93,4076.55),(1638,1656),(1638,1656),(1881.84,3225.17),(4832.62,323.376),(3929.31,666.384),(4014.8,1066.8),(5148,2124),(5004,2556)
时间75,(9342.8,4401.65),(6390,1404),(4986,4572),(14503.4,7350.85),(12638.9,7053.07),(10422,4230),(10962.6,7172.61),(12311.4,694.928),(10495.4,2499.09),(13220,4626.92),(9491.26,2738.01),(9002.8,2825.38),(5652,1548),(7020,3852),(6506.77,1719.67),(5750.5,7924.27),(6372,5886.67),(7434,5256),(1602,7938),(1404,6984),(3042,5220),(1278,4266),(1743.41,1339.77),(1743.41,1339.77),(1945.67,3552.33),(4499.49,335.168),(3960,738),(4068,1386),(5155.41,2457.25),(4673.46,2512.89)
时间76,(9198,4392),(6624,1332),(4968,4680),(14462.7,7681.7),(12307.4,7087.61),(10433.9,4563.12),(11295.9,7167.92),(11978.1,700.391),(10802.8,2370.18),(13197,4294.38),(9820.51,2686.02),(9162,2790),(5616,1278),(7110,3582),(6173.54,1711.34),(5616,7920),(6372,6210),(7416.17,5588.86),(1935.07,7924.68),(1733.85,6935.9),(3042,5508),(950.551,4328.37),(1848.82,1023.54),(1848.82,1023.54),(1962,3636),(4166.36,346.961),(4293.34,738),(4076.77,1719.22),(5162.81,2790.51),(4590,2502)
时间77,(9162,4662),(6704.85,1008.62),(4986,4896),(14422.1,8012.55),(11975.8,7122.14),(10445.8,4896.25),(11574,7164),(11880,702),(11110.2,2241.27),(13174,3961.84),(10149.8,2634.04),(9166.63,3123.3),(5949.34,1278),(6840,3546),(6120,1710),(5606.99,7586.79),(6698.86,6275.37),(7398.34,5921.72),(2268.14,7911.35),(2063.69,6887.79),(2710.65,5544.31),(900,4338),(1854,1008),(1854,1008),(1632.35,3685.45),(3833.24,358.753),(4626.67,738),(4085.54,2052.44),(5166,2934),(4590,2250)
时间78,(9162,4995.34),(6768,756),(5130,4968),(14418,8046),(11644.3,7156.68),(10457.7,5229.37),(11609.3,7495.47),(11896.6,1034.92),(11304,2160),(13151,3629.29),(10188,2628),(9171.26,3456.61),(6066,1278),(6552,3690),(6237.04,2022.11),(5598,7254),(6732,6282),(7380.5,6254.58),(2502,7902),(2268,6858),(2379.3,5580.63),(848.541,4008.66),(2158.61,872.619),(2158.61,872.619),(1302.7,3734.89),(3798,360),(4960.01,738),(4086,2070),(5148,3168),(4256.66,2250)
时间79,(9162,5256),(6894,1062),(4932,5184),(14084.7,8041.64),(11574,7164),(10458,5238),(11644.5,7826.93),(11913.3,1367.84),(11231.7,1834.6),(13128,3296.75),(9858.74,2679.99),(9175.89,3789.91),(5732.66,1278),(6220.17,3721.6),(6282,2142),(5616,7110),(7065.21,6272.74),(7380,6264),(2835.34,7902),(2106,7074),(2047.94,5616.94),(810,3762),(2178,864),(2178,864),(1242,3744),(4131.13,348.208),(5293.34,738),(4077.23,1736.78),(4950,3186),(4122,2250)
时间80,(9162,4922.66),(7225.57,1096.3),(5264.88,5201.52),(13751.4,8037.29),(11240.7,7168.69),(10790.9,5255.52),(11664,8010),(11929.9,1700.76),(11159.4,1509.2),(13105,2964.21),(9529.49,2731.98),(9180,4086),(5616,1278),(6174,3726),(6156,2142),(5949.26,7116.94),(7380,6264),(7380,6597.34),(3168.67,7902),(1772.79,7083.26),(1728,5652),(861.459,4091.34),(2510.51,840.489),(2510.51,840.489),(908.953,3757.88),(4464.25,336.416),(5626.68,738),(4068.46,1403.56),(4932,3348),(4086,2070)
时间81,(9162,4662),(7416,1116),(5274,5202),(13418.1,8032.93),(10907.4,7173.39),(11123.8,5273.04),(11330.7,8007.05),(11946.6,2033.68),(11087.1,1183.81),(13082,2631.67),(9200.23,2783.96),(9175.37,3752.7),(5652,1548),(5868,3834),(6257.07,2459.64),(6282.53,7123.89),(7713.24,6272.13),(7380,6930.67),(3502.01,7902),(1458,7092),(1692,5832),(900,4338),(2843.01,816.979),(2843.01,816.979),(810,3762),(4797.38,324.624),(5832,738),(4068,1386),(5166,3330),(4418.91,2086.93)
时间82,(8828.66,4662),(7452,1368),(5292,5058),(13084.8,8028.57),(10574.1,7178.08),(11142,5274),(10997.4,8004.1),(11952,2142),(11014.8,858.407),(13068,2430),(9162,2790),(9170.74,3419.39),(5899.18,1771.64),(5908.51,3503.14),(6282,2538),(6480,7128),(8046.47,6280.26),(7380,7128),(3528,7902),(1521.34,7419.26),(1728,5652),(970.81,4663.73),(3175.52,793.468),(3175.52,793.468),(731.014,3438.16),(5130.51,312.832),(5832,404.664),(4398.24,1340.67),(5148,3168),(4751.81,2103.85)
时间83,(8495.33,4662),(7452,1701.34),(5508,4878),(12751.5,8024.22),(10296,7182),(11214.9,5599.27),(10664,8001.15),(12284.9,2125.63),(10942.4,533.009),(13091,2762.54),(8836.6,2862.31),(9166.11,3086.09),(6030,1890),(5949.03,3172.27),(6516,2718),(6534,7290),(8118,6282),(7430.69,7457.46),(3860.99,7917.14),(1566,7650),(2059.35,5615.69),(990,4752),(3508.02,769.958),(3508.02,769.958),(652.028,3114.31),(5463.64,301.039),(5832,288),(4728.48,1295.35),(4950,3186),(5084.72,2120.78)
时间84,(8161.99,4662),(7452,1908),(5634,4860),(12418.2,8019.86),(9962.83,7171.42),(11287.8,5924.53),(10330.7,7998.2),(12617.9,2109.25),(10872,216),(13114,3095.08),(8511.2,2934.62),(9162,2790),(6156,2142),(5976,2952),(6696,2754),(6200.91,7277.19),(8118,5948.66),(7452,7596),(4193.98,7932.27),(1602,7938),(2390.7,5579.37),(1322.69,4772.79),(3840.53,746.447),(3840.53,746.447),(630,3024),(5796.76,289.247),(6165.34,288),(4986,1260),(4932,3348),(5148,2124)
时间85,(8082,4662),(7439.19,2241.09),(5617.35,5192.92),(12084.8,8015.5),(9629.66,7160.85),(11360.7,6249.8),(9997.39,7995.25),(12950.8,2092.88),(10538.7,221.649),(13137,3427.62),(8352,2970),(9491.26,2738.01),(6012,2214),(6309.15,2940.89),(6858,2664),(5867.82,7264.38),(8118,5615.33),(7402.55,7925.65),(4526.98,7947.41),(1935.07,7924.68),(2722.06,5543.06),(1566,4788),(3960,738),(3960,738),(961.477,2988.84),(5832,288),(6498.67,288),(5030.05,1590.41),(4644,3330),(5155.41,2457.25)
时间86,(8415.34,4662),(7434,2376),(5616,5220),(11751.5,8011.14),(9296.5,7150.27),(11376,6318),(9664.06,7992.3),(13050,2088),(10205.4,227.298),(13160,3760.16),(8118,2952),(9820.51,2686.02),(5689.33,2297.65),(6516,2934),(6570.43,2495.43),(5598,7254),(8118,5281.99),(7398,7956),(4716,7956),(2268.14,7911.35),(3042,5508),(1550.86,5120.99),(3627.49,761.511),(3627.49,761.511),(1292.95,2953.69),(6165.34,288),(6516,288),(5058,1800),(4356,3348),(5162.81,2790.51)
时间87,(8748.67,4662),(7740,2340),(5283.12,5202.48),(11664,8010),(9162,7146),(11042.7,6318),(9630,7992),(13067.5,2420.88),(9872.14,232.947),(13183,4092.71),(7812,2898),(10149.8,2634.04),(5526,2340),(6768,2952),(6336,2358),(5616,7110),(8118,5220),(7064.66,7956),(4687.73,7623.86),(2502,7902),(3042,5220),(1548,5184),(3294.99,785.021),(3294.99,785.021),(1624.43,2918.53),(6498.67,288),(6593.79,612.132),(5184,1908),(4500,3150),(5166,2934)
时间88,(9082.01,4662),(7726.68,2006.93),(5274,5202),(11330.7,8007.05),(9169.24,6812.74),(10709.3,6318),(9296.66,7992),(13068,2430),(9538.85,238.596),(13206,4425.25),(7740,2628),(10188,2628),(5512.12,2006.95),(6696,2754),(6282,2142),(5602.12,6776.95),(8096.54,4887.36),(6750,7956),(4659.47,7291.73),(2494.43,7568.75),(2709.18,5201.51),(1214.91,5196.81),(2962.48,808.532),(2962.48,808.532),(1818,2898),(6516,288),(6624,738),(5508,1908),(4518,2934),(5148,3168)
时间89,(9162,4662),(7722,1890),(5292,5058),(10997.4,8004.1),(9176.49,6479.49),(10376,6318),(9162,7992),(12734.8,2440.92),(9205.56,244.245),(13229,4757.79),(8073.34,2628),(9858.74,2679.99),(5508,1908),(7022.33,2821.99),(6156,2142),(5588.25,6443.91),(8082,4662),(6750,7622.66),(4644,7110),(2486.85,7235.5),(2394,5184),(1080,5202),(2629.98,832.042),(2629.98,832.042),(1764.29,2569.02),(6642,270),(6500.2,1047.49),(5184,1908),(4626,2934),(5166,3330)
时间90,(9198,4392),(7452,1908),(5130,4968),(10664,8001.15),(9180,6318),(10242,6318),(9144.48,7659.12),(12401.7,2451.85),(8872.27,249.894),(13252,5090.33),(8082,2628),(9529.49,2731.98),(5521.88,2241.05),(7128,2844),(6257.07,2459.64),(5580,6246),(7748.66,4662),(6750,7289.33),(4598.67,6779.76),(2484,7110),(2196,5166),(1014.63,4875.14),(2297.47,855.553),(2297.47,855.553),(1710.58,2240.04),(6725.65,592.668),(6408,1278),(5058,1800),(4641.14,3266.99),(5166,3663.34)
时间91,(9180,4086),(7439.19,2241.09),(5274,4788),(10330.7,7998.2),(9513.2,6308.48),(9908.95,6304.12),(9144,7650),(12068.5,2462.77),(8748,252),(13266,5292),(8118,2736),(9200.23,2783.96),(5526,2340),(7114.12,3177.05),(6282,2538),(5591.69,5912.87),(7415.33,4662),(6750,7146),(4553.35,6449.52),(2152.17,7078.4),(2160,4950),(990,4752),(2178,864),(2178,864),(1674,2016),(6768,756),(6074.66,1278),(5013.95,1469.59),(4644,3330),(5166,3780)
时间92,(8846.71,4091.29),(7434,2376),(5556.67,4611.33),(9997.39,7995.25),(9810,6300),(9810,6300),(9477.34,7650),(11970,2466),(9081.29,246.351),(13243,4959.46),(8118,2952),(9162,2790),(5536.41,2673.17),(7110,3276),(6516,2718),(5603.38,5579.74),(7398,4662),(6480,7128),(4518,6192),(2106,7074),(2124,4662),(1322.69,4772.79),(1873.39,999.381),(1873.39,999.381),(1341.54,2040.09),(6684.35,433.332),(6066,1278),(4986,1260),(4356,3348),(4832.86,3768.51)
时间93,(8513.41,4096.58),(7740,2340),(5562,4608),(9664.06,7992.3),(9846,5976),(10143,6313.88),(9594,7650),(11636.8,2455.9),(9414.58,240.702),(13220,4626.92),(7812,2898),(9166.63,3123.3),(5544,2916),(6874.3,3511.7),(6696,2754),(5615.07,5246.61),(7398,4842),(6146.74,7121.06),(4848.21,6237.55),(1878.02,7317.18),(1798.85,4735.42),(1566,4788),(1854,1008),(1854,1008),(1009.07,2064.18),(6642,270),(5859.45,1016.37),(4655.76,1305.33),(4104,3348),(4644,3762)
时间94,(8180.12,4101.87),(7726.68,2006.93),(5598,4356),(9630,7992),(10176.3,5930.96),(10242,6318),(9628.9,7981.5),(11376,2448),(9747.86,235.053),(13197,4294.38),(7488.62,2978.85),(9171.26,3456.61),(5364,2952),(6840,3546),(6858,2664),(5616,5220),(7426.88,5174.08),(5813.47,7114.11),(5040,6264),(1650.04,7560.36),(1566,4788),(1550.86,5120.99),(1748.59,1324.23),(1748.59,1324.23),(676.607,2088.27),(6975.34,270),(5796,936),(4325.52,1350.65),(4134.18,3679.97),(4310.88,3750.1)
时间95,(8046,4104),(7722,1890),(5616,4050),(9296.66,7992),(10242,5922),(10242,5984.66),(9630,7992),(11304,2160),(10081.2,229.404),(13174,3961.84),(7452,2988),(9175.89,3789.91),(5535.5,3237.83),(6552,3690),(7074,2718),(5949.34,5220),(7434,5256),(5616,7110),(5238,6210),(1566,7650),(1233.31,4767.21),(1548,5184),(1643.18,1640.46),(1643.18,1640.46),(432,2106),(7308.67,270),(5832,738),(4068,1386),(4140,3744),(4140,3744)
时间96,(8379.29,4098.71),(7452,1908),(5580,3780),(9162,7992),(9911.72,5967.04),(10242,5922),(9595.1,7660.5),(11231.7,1834.6),(10414.4,223.755),(13151,3629.29),(7775.38,2907.15),(9180,4086),(5580,3312),(6220.17,3721.6),(7308,2844),(6282.67,5220),(7766.88,5238.48),(5602.12,6776.95),(5569.5,6244.9),(1502.66,7322.74),(990,4752),(1881.21,5174.74),(1638,1656),(1638,1656),(502.28,2431.84),(7434,270),(5498.66,738),(4013.2,1057.2),(3806.72,3749.85),(4109.82,3412.03)
时间97,(8712.59,4093.42),(7452,1574.66),(5616,4050),(9144.48,7659.12),(9846,5976),(10242,6255.34),(9594,7650),(11159.4,1509.2),(10747.7,218.106),(13128,3296.75),(7812,2898),(9175.37,3752.7),(5580,3645.34),(6174,3726),(7452,2988),(6372,5220),(8099.75,5220.96),(5588.25,6443.91),(5580,6246),(1458,7092),(1055.37,5078.86),(2196,5166),(1671.17,1987.68),(1671.17,1987.68),(572.56,2757.69),(7100.66,270),(5165.33,738),(3960,738),(3473.43,3755.69),(4104,3348)
时间98,(9045.88,4088.13),(7452,1368),(5922,4050),(9144,7650),(9846,5642.66),(10242,6318),(9927.34,7650),(11087.1,1183.81),(10872,216),(13105,2964.21),(7740,2628),(9170.74,3419.39),(5580,3780),(5868,3834),(7480.47,3320.12),(6705.14,5231.29),(8118,5220),(5580,6246),(5248.5,6211.1),(1791.21,7082.74),(1080,5202),(2160,4950),(1674,2016),(1674,2016),(630,3024),(6767.33,270),(4831.99,738),(3828.69,431.616),(3140.15,3761.54),(4140,3132)
时间99,(9180,4086),(7784.6,1345.83),(5832,4284),(9155.9,7316.88),(9846,5309.33),(10262.8,6650.69),(10260.7,7650),(11014.8,858.407),(11205.3,210.049),(13082,2631.67),(8073.34,2628),(9166.11,3086.09),(5580,3446.66),(5908.51,3503.14),(7506,3618),(7038.29,5242.59),(8118,5553.34),(5912.99,6230.86),(5238,6210),(2106,7074),(1156.35,5526.47),(2394,5184),(1341.54,2040.09),(1727.71,2344.98),(708.986,3347.84),(6642,270),(4498.66,738),(3798,360),(3114,3762),(4472.92,3148.65)
时间100,(9512.35,4060.43),(8117.2,1323.65),(5618.6,4540.08),(9162,7146),(9846,5292),(10283.6,6983.37),(10332,7650),(10942.4,533.009),(11538.6,204.097),(13068,2430),(8082,2628),(9162,2790),(5580,3312),(5949.03,3172.27),(7697.83,3345.4),(7371.43,5253.88),(8118,5886.67),(6245.98,6215.73),(5238,5886),(2268,6858),(1224,5814),(2196,5166),(1009.07,2064.18),(1781.42,2673.96),(787.972,3671.69),(6516,288),(4165.32,738),(4131.13,348.208),(3173.63,3434.04),(4500,3150)
时间101,(9844.71,4034.87),(8262,1314),(5562,4608),(9495.17,7156.58),(9972,5256),(10296,7182),(10306.4,7317.65),(10872,216),(11871.8,198.146),(13091,2762.54),(8118,2736),(8836.6,2862.31),(5408.5,3026.17),(5976,2952),(7848,3132),(7434,5256),(8118,6220.01),(6372,6210),(5094,5634),(2487.5,6607.14),(1147.65,5489.53),(1862.79,5175.26),(676.607,2088.27),(1818,2898),(810,3762),(6593.79,612.132),(3960,738),(4464.25,336.416),(3186,3366),(4356,3348)
时间102,(9882,4032),(7929.4,1336.17),(5346,4572),(9828.34,7167.15),(10305.1,5243.66),(10275.2,6849.31),(10296,7182),(11205.3,210.049),(11880,198),(13114,3095.08),(8118,2952),(8511.2,2934.62),(5364,2952),(5643.82,2924.32),(8145.02,3283.31),(7416.17,5588.86),(8118,6282),(6372,5876.66),(5238,5886),(2707.01,6356.28),(1080,5202),(1548,5184),(432,2106),(2151.3,2902.57),(1143.05,3748.12),(6624,738),(4014.8,1066.8),(4797.38,324.624),(3312,3348),(4104,3348)
时间103,(9954,4230),(7596.8,1358.35),(5472,4356),(10161.5,7177.73),(10458,5238),(10254.4,6516.63),(10321.6,7514.35),(11538.6,204.097),(11880,531.336),(13137,3427.62),(8352,2970),(8352,2970),(5544,2916),(5544,2916),(8442.03,3434.62),(7398.34,5921.72),(8450.92,6298.65),(6372,5543.33),(5238,6210),(2772,6282),(1413.09,5189.19),(1214.91,5196.81),(374.539,1777.65),(2484.61,2907.13),(1242,3744),(6500.2,1047.49),(4068,1386),(5130.51,312.832),(3438,3330),(3852,3330)
时间104,(9882,4032),(7452,1368),(5598,4356),(10296,7182),(10790.9,5255.52),(10242,6318),(10332,7650),(11871.8,198.146),(11880,702),(13160,3760.16),(8118,2952),(8677.4,2897.69),(5533.59,2582.83),(5876.18,2943.68),(8739.05,3585.93),(7380.5,6254.58),(8478,6300),(6372,5220),(5040,6264),(2441.7,6326.86),(1548,5184),(1080,5202),(317.079,1449.31),(2817.91,2911.7),(1571.65,3694.55),(6408,1278),(4076.77,1719.22),(5463.64,301.039),(3474,3186),(3518.66,3330)
时间105,(9549.65,4057.57),(7118.83,1357.59),(5616,4050),(10629.3,7177.31),(11123.8,5273.04),(10575.3,6318),(9998.66,7650),(11880,198),(11896.6,1034.92),(13183,4092.71),(7812,2898),(9002.8,2825.38),(5526,2340),(5976,2952),(8802,3618),(7380,6264),(8811.23,6308.54),(6405.17,4888.32),(5032.91,6597.26),(2111.39,6371.71),(1563.14,4851.01),(1014.63,4875.14),(306,1386),(3132,2916),(1901.3,3645.11),(6074.66,1278),(4085.54,2052.44),(5796.76,289.247),(3168,3186),(3438,3330)
时间106,(9217.29,4083.13),(6876,1350),(5508,4068),(10962.6,7172.61),(11142,5274),(10908.7,6318),(9665.33,7650),(12213.2,186.895),(11913.3,1367.84),(13206,4425.25),(7740,2628),(9162,2790),(5848.67,2256.35),(6309.15,2940.89),(9135.34,3618),(7380,6597.34),(9144.45,6317.09),(6408,4860),(5025.82,6930.52),(1781.09,6416.57),(1566,4788),(990,4752),(275.267,1054.08),(2798.7,2911.43),(1962,3636),(6066,1278),(4086,2070),(5832,288),(3186,3366),(3312,3348)
时间107,(9180,4086),(6894,1062),(5292,4284),(11295.9,7167.92),(11475.1,5286.57),(11242,6318),(9594,7650),(12546.3,175.79),(11929.9,1700.76),(13229,4757.79),(8073.34,2628),(9491.26,2738.01),(6012,2214),(6516,2934),(9468.67,3618),(7380,6930.67),(9180,6318),(6074.66,4860),(5022,7110),(1450.78,6461.42),(1891.15,4714.58),(919.19,4426.27),(244.534,722.168),(2465.39,2906.87),(1898.16,3308.83),(5859.45,1016.37),(4077.23,1736.78),(5832,621.336),(3126.37,3693.96),(3186,3366)
时间108,(9198,4392),(7225.57,1096.3),(5004,4302),(11574,7164),(11808.2,5299.14),(11376,6318),(9260.66,7650),(12879.5,164.685),(11946.6,2033.68),(13252,5090.33),(8082,2628),(9820.51,2686.02),(6156,2142),(6768,2952),(9802.01,3618),(7380,7128),(8846.77,6309.46),(5741.33,4860),(5355.34,7110),(1314,6480),(2124,4662),(900,4338),(216,414),(2132.09,2902.3),(1834.33,2981.67),(5796,936),(4068.46,1403.56),(5832,738),(3114,3762),(3168,3186)
时间109,(9530.6,4414.17),(7416,1116),(4673.46,4345.11),(11498,6839.43),(12141.3,5311.71),(11303.1,5992.73),(9144,7650),(12960,162),(11952,2142),(13266,5292),(8118,2736),(10149.8,2634.04),(6030,1890),(7087.28,2856.22),(10135.3,3618),(7046.8,7137.52),(8513.55,6300.91),(5634,4860),(5616,7110),(1269.36,6149.67),(2093.82,4330.03),(1227.45,4275.63),(549.298,408.975),(1818,2898),(1818,2898),(5832,738),(4068,1386),(5498.66,738),(3447.28,3756.15),(3132,2916)
时间110,(9863.2,4436.35),(7416,782.664),(4590,4356),(11422.1,6514.87),(12474.4,5324.28),(11230.2,5667.47),(9155.9,7316.88),(12971.5,495.138),(11618.8,2151.26),(13243,4959.46),(8450.57,2713.45),(10188,2628),(5782.82,1666.36),(7128,2844),(10152,3618),(6750,7146),(8478,6300),(5967.34,4860),(5282.66,7110),(1224.72,5819.33),(2088,4266),(1278,4266),(882.596,403.951),(1486.52,2933.16),(1881.84,3225.17),(5832,404.664),(4398.24,1340.67),(5165.33,738),(3780.57,3750.31),(3456,2988)
时间111,(10008,4446),(7416,720),(4338,4248),(11376,6318),(12807.5,5336.85),(11157.3,5342.2),(9162,7146),(12978,684),(11304,2160),(13220,4626.92),(8783.15,2690.91),(9858.74,2679.99),(5652,1548),(7432.61,2979.38),(9818.66,3618),(6743.06,6812.74),(8460.48,6632.88),(6300.67,4860),(5022,7110),(1224,5814),(2022.63,3939.14),(1611.34,4266),(1215.89,398.926),(1155.05,2968.31),(1945.67,3552.33),(5832,288),(4728.48,1295.35),(4831.99,738),(4113.85,3744.46),(3474,3186)
时间112,(9675.4,4423.83),(7429.32,386.93),(4590,4356),(11452,6642.57),(13050,5346),(11142,5274),(9169.24,6812.74),(12644.7,689.464),(11376,2448),(13197,4294.38),(9115.72,2668.36),(9529.49,2731.98),(5616,1278),(7452,2988),(9485.33,3618),(6736.11,6479.47),(8460,6642),(6408,4860),(4688.66,7110),(1557.09,5826.81),(1962,3636),(1944.67,4266),(1549.19,393.902),(823.569,3003.47),(1962,3636),(6165.34,288),(4986,1260),(4498.66,738),(4140,3744),(3168,3186)
时间113,(9342.8,4401.65),(7434,270),(4635.55,4686.21),(11527.9,6967.13),(13234.1,5623.87),(11475.1,5286.57),(9176.49,6479.49),(12311.4,694.928),(11709.2,2458.1),(13174,3961.84),(9180,2664),(9200.23,2783.96),(5949.34,1278),(7442.2,2654.81),(9151.99,3618),(6732,6282),(8128.32,6608.83),(6741.28,4853.94),(4644,7110),(1692,5832),(2027.37,3962.86),(2088,4266),(1882.49,388.877),(630,3024),(1632.35,3685.45),(6498.67,288),(5030.05,1590.41),(4165.32,738),(4473.12,3755.9),(3132,2916)
时间114,(9198,4392),(7420.68,603.07),(4662,4878),(11574,7164),(13418.3,5901.73),(11808.2,5299.14),(9180,6318),(11978.1,700.391),(11970,2466),(13151,3629.29),(9198,2340),(9162,2790),(6066,1278),(7434,2376),(8818.66,3618),(7065.21,6272.74),(8100,6606),(7074.56,4847.88),(4310.66,7110),(2024,5861.8),(2088,4266),(2421.32,4268.92),(2215.79,383.852),(559.72,2698.16),(1302.7,3734.89),(6516,288),(5058,1800),(3960,738),(4644,3762),(3132,2772)
时间115,(9162,4662),(7416,720),(4716,5184),(11905.5,7129.46),(13602.4,6179.6),(12141.3,5311.71),(9174.35,5984.71),(11880,702),(12303.2,2455.08),(13128,3296.75),(8864.73,2346.41),(9166.63,3123.3),(5732.66,1278),(7102.03,2345.82),(8802,3618),(7380,6264),(8118,6282),(7398,4842),(3977.33,7110),(2356,5891.59),(2118.18,4597.97),(2754.65,4271.85),(2549.09,378.828),(489.44,2372.31),(1242,3744),(6593.79,612.132),(5184,1908),(3828.69,431.616),(4977.14,3773.49),(3456,2808)
时间116,(9162,4995.34),(7083.18,738.49),(4932,5184),(12237.1,7094.93),(13786.5,6457.47),(12474.4,5324.28),(9168.7,5651.42),(11880,368.664),(12636.3,2444.15),(13105,2964.21),(8531.45,2352.82),(9171.26,3456.61),(5616,1278),(6840,2322),(8504.98,3466.69),(7713.24,6272.13),(8450.92,6298.65),(7426.88,5174.08),(3643.99,7110),(2688.01,5921.39),(2124,4662),(3087.97,4274.77),(2882.39,373.803),(432,2106),(908.953,3757.88),(6624,738),(5508,1908),(3798,360),(5166,3780),(3456,2502)
时间117,(9162,5256),(6768,756),(4914,5346),(12568.6,7060.39),(13970.6,6735.33),(12807.5,5336.85),(9163.05,5318.14),(11880,198),(12969.5,2433.23),(13082,2631.67),(8262,2358),(9175.89,3789.91),(5652,1548),(6857.52,2654.88),(8207.97,3315.38),(8046.47,6280.26),(8478,6300),(7434,5256),(3510,7110),(3020.01,5951.18),(1798.85,4735.42),(3421.29,4277.7),(3215.68,368.779),(374.539,1777.65),(810,3762),(6500.2,1047.49),(5184,1908),(4131.13,348.208),(5499.34,3780),(3122.66,2502)
时间118,(9162,4922.66),(6687.15,1079.38),(4603.58,5467.47),(12900.2,7025.86),(14040,6840),(13050,5346),(9162,5256),(12213.2,186.895),(13068,2430),(13068,2430),(7928.86,2346.51),(9180,4086),(5899.18,1771.64),(6858,2664),(7910.95,3164.07),(8118,6282),(8460.48,6632.88),(7766.88,5238.48),(3574.34,6782.93),(3096,5958),(1566,4788),(3754.62,4280.62),(3548.98,363.754),(317.079,1449.31),(731.014,3438.16),(6408,1278),(5058,1800),(4464.25,336.416),(5580,3780),(3114,2502)
时间119,(9162,4662),(6624,1332),(4500,5508),(13231.7,6991.32),(13712.8,6903.84),(13266,5292),(9494.88,5273.52),(12546.3,175.79),(13050.5,2097.12),(13091,2762.54),(7740,2340),(9175.37,3752.7),(6030,1890),(6570.43,2495.43),(7848,3132),(8100,6606),(8460,6642),(8099.75,5220.96),(3638.68,6455.87),(2860.3,6193.7),(1233.31,4767.21),(4087.94,4283.54),(3798,360),(306,1386),(652.028,3114.31),(6074.66,1278),(5013.95,1469.59),(4797.38,324.624),(5246.66,3780),(3132,2772)
时间120,(8828.66,4662),(6876,1350),(4810.42,5386.53),(13302,6984),(13385.7,6967.67),(13465,5559.41),(9827.75,5291.04),(12879.5,164.685),(13050,2088),(13114,3095.08),(8073.14,2351.49),(9170.74,3419.39),(6156,2142),(6336,2358),(7656.17,3404.6),(8077.83,6938.6),(8128.32,6608.83),(8118,5220),(3703.02,6128.8),(2772,6282),(990,4752),(4140,4284),(3464.7,365.025),(275.267,1054.08),(630,3024),(6066,1278),(4986,1260),(5130.51,312.832),(5166,3780),(3456,2808)
时间121,(8495.33,4662),(6844.4,1681.83),(4914,5346),(12970.5,7018.54),(13302,6984),(13664,5826.83),(9846,5292),(12960,162),(13032.9,1755.1),(13137,3427.62),(8262,2358),(9166.11,3086.09),(6282,2142),(6282,2142),(7506,3618),(8064,7146),(8100,6606),(8451.14,5231.49),(3726,6012),(2552.5,6532.86),(919.19,4426.27),(4140,3950.66),(3131.4,370.049),(244.534,722.168),(961.477,2988.84),(5859.45,1016.37),(4655.76,1305.33),(5463.64,301.039),(5166,3446.66),(3456,2502)
时间122,(8161.99,4662),(6840,1728),(4932,5184),(12638.9,7053.07),(13629.2,6920.16),(13863,6094.24),(9972,5256),(12971.5,495.138),(13015.9,1422.2),(13160,3760.16),(8595.27,2351.59),(9162,2790),(6164.96,1829.89),(6336,2358),(7722,3636),(7730.78,7137.23),(8077.83,6938.6),(8784.28,5242.98),(3979.09,5795.07),(2332.99,6783.72),(900,4338),(4140,3744),(2798.11,375.074),(216,414),(1292.95,2953.69),(5796,936),(4325.52,1350.65),(5796.76,289.247),(5166,3330),(3474,2250)
时间123,(8082,4662),(6871.6,1396.17),(5264.88,5201.52),(12307.4,7087.61),(13956.3,6856.33),(14062,6361.65),(9986.8,4922.99),(12978,684),(12998.8,1089.3),(13183,4092.71),(8928.55,2345.18),(8836.6,2862.31),(6120,1710),(6623.57,2526.57),(7506,3618),(7397.56,7128.46),(8064,7146),(9117.41,5254.46),(4104,5688),(2268,6858),(848.541,4008.66),(4140,4077.34),(2464.81,380.098),(246.733,745.916),(1624.43,2918.53),(5832,738),(4068,1386),(5832,288),(4932,3348),(3294,2250)
时间124,(8415.34,4662),(6876,1350),(5274,5202),(11975.8,7122.14),(14040,6840),(14261,6629.07),(10001.6,4589.99),(12644.7,689.464),(12981.7,756.406),(13206,4425.25),(9198,2340),(8511.2,2934.62),(6453.23,1718.33),(6858,2664),(7452,3888),(7380,7128),(8098.3,7477.57),(9162,5256),(4407.46,5550.06),(1938.15,6906.1),(810,3762),(4140,4284),(2131.51,385.123),(277.466,1077.83),(1818,2898),(5498.66,738),(4013.2,1057.2),(6165.34,288),(4644,3330),(3294,2070)
时间125,(8748.67,4662),(6894,1062),(5058,5454),(11644.3,7156.68),(13855.9,6562.13),(14418,6840),(10008,4446),(12311.4,694.928),(12978,684),(13229,4757.79),(9198,2006.66),(8352,2970),(6786.46,1726.66),(7074,2718),(7785.34,3888),(7430.69,7457.46),(8118,7668),(8828.86,5244.51),(4500,5508),(1608.31,6954.21),(861.459,4091.34),(4123.35,4616.92),(1798.21,390.148),(306,1386),(1764.29,2569.02),(5165.33,738),(3960,738),(6498.67,288),(4628.86,2997.01),(3096,2070)
时间126,(9082.01,4662),(6768,756),(5094,5634),(11574,7164),(13671.7,6284.27),(14084.7,6840),(9993.2,4779.01),(11978.1,700.391),(12966.5,350.862),(13252,5090.33),(9198,1673.33),(8118,2952),(6840,1728),(7308,2844),(8118.67,3888),(7452,7596),(7786.59,7632.17),(8495.72,5233.02),(4196.54,5645.94),(1404,6984),(900,4338),(4106.71,4949.84),(1464.91,395.172),(363.461,1714.35),(1710.58,2240.04),(4831.99,738),(3828.69,431.616),(6516,288),(4626,2934),(3109.88,2403.05)
时间127,(9162,4662),(7100.82,737.51),(5058,5454),(11609.3,7495.47),(13487.6,6006.4),(14040,6840),(9978.4,5112.01),(11880,702),(12960,162),(13266,5292),(9198,1494),(8118,2736),(6840,2061.34),(7452,2988),(8316,3888),(7402.55,7925.65),(7455.19,7596.34),(8162.59,5221.54),(4104,5688),(1345.4,6655.85),(1227.45,4275.63),(4104,5004),(1131.61,400.197),(420.921,2042.69),(1674,2016),(4498.66,738),(3798,360),(6642,270),(4959.05,2920.12),(3114,2502)
时间128,(9198,4392),(7416,720),(5274,5202),(11644.5,7826.93),(13303.5,5728.53),(13855.9,6562.13),(9972,5256),(11896.6,1034.92),(12626.8,173.105),(13243,4959.46),(9084.45,1180.6),(8450.57,2713.45),(6840,2322),(7480.47,3320.12),(8262,3654),(7398,7956),(7452,7596),(8118,5220),(4067.19,5356.7),(1314,6480),(1278,4266),(4050,5202),(798.317,405.221),(432,2106),(1341.54,2040.09),(4165.32,738),(4131.13,348.208),(6725.65,592.668),(5058,2916),(3132,2772)
时间129,(9180,4086),(7416,1053.34),(5606.88,5219.52),(11664,8010),(13119.4,5450.67),(13671.7,6284.27),(10305.1,5243.66),(11913.3,1367.84),(12293.7,184.21),(13220,4626.92),(8970.9,867.201),(8783.15,2690.91),(6857.52,2654.88),(7506,3618),(7942,3560.67),(7731.23,7964.33),(7783.41,7631.83),(8096.54,4887.36),(4050,5202),(1644.3,6435.14),(1255.07,3933.45),(3717.31,5222.79),(465.019,410.246),(502.28,2431.84),(1009.07,2064.18),(3960,738),(4464.25,336.416),(6768,756),(5364,2952),(3132,2916)
时间130,(8846.71,4091.29),(7416,1116),(5616,5220),(11997.3,8014.36),(13050,5346),(13487.6,6006.4),(10458,5238),(11929.9,1700.76),(11960.5,195.315),(13197,4294.38),(8857.35,553.802),(9115.72,2668.36),(6858,2664),(7452,3888),(7830,3528),(8064.46,7972.66),(8114.81,7667.66),(8082,4662),(4086.81,5533.3),(1974.61,6390.29),(1242,3744),(3474,5238),(216,414),(572.56,2757.69),(676.607,2088.27),(4014.8,1066.8),(4797.38,324.624),(6684.35,433.332),(5058,2916),(3456,2988)
时间131,(8513.41,4096.58),(7452,1368),(5632.65,4887.08),(12330.6,8018.71),(13266,5292),(13303.5,5728.53),(10446.1,4904.88),(11946.6,2033.68),(11880,198),(13174,3961.84),(8748,252),(9180,2664),(6696,2754),(7119.82,3860.32),(8150,3621.33),(8118,7974),(8118,7668),(7748.66,4662),(4104,5688),(2304.91,6345.43),(1264.93,4076.55),(3140.95,5224.12),(549.298,408.975),(630,3024),(432,2106),(4068,1386),(5130.51,312.832),(6642,270),(5022,2736),(3787.5,2953.1)
时间132,(8180.12,4101.87),(7118.83,1357.59),(5634,4860),(12663.9,8023.07),(13465,5559.41),(13119.4,5450.67),(10434.2,4571.75),(11952,2142),(11880,531.336),(13151,3629.29),(8415.57,276.624),(9198,2340),(6768,2952),(7020,3852),(8262,3654),(8451.29,7979.75),(8118,7974),(7415.33,4662),(4104,5868),(2635.22,6300.58),(1278,4266),(3042,5220),(882.596,403.951),(708.986,3347.84),(502.28,2431.84),(4076.77,1719.22),(5463.64,301.039),(6975.34,270),(5004,2556),(3798,2952)
时间133,(8046,4104),(6876,1350),(5845.9,4602.69),(12997.2,8027.43),(13664,5826.83),(13050,5346),(10422.3,4238.63),(12284.9,2125.63),(11880,702),(13128,3296.75),(8262,288),(9198,2006.66),(7087.28,2856.22),(6984,4050),(8316,3888),(8784.57,7985.49),(8451.29,7979.75),(7398,4662),(4399.74,5714.21),(2772,6282),(1611.34,4266),(2709.18,5201.51),(1215.89,398.926),(787.972,3671.69),(572.56,2757.69),(4085.54,2052.44),(5796.76,289.247),(7308.67,270),(4673.46,2512.89),(3845.14,3281.99)
时间134,(8379.29,4098.71),(6624,1332),(5886,4554),(13330.5,8031.78),(13863,6094.24),(13266,5292),(10422,4230),(12617.9,2109.25),(11896.6,1034.92),(13105,2964.21),(7928.74,280.755),(9198,1673.33),(7128,2844),(7314.76,4091.35),(7982.66,3888),(9117.86,7991.24),(8784.57,7985.49),(7064.66,4662),(4554,5634),(3007.7,6046.3),(1944.67,4266),(2394,5184),(1549.19,393.902),(810,3762),(630,3024),(4086,2070),(5832,288),(7434,270),(4590,2502),(3852,3330)
时间135,(8712.59,4093.42),(6390,1404),(5674.1,4811.31),(13663.8,8036.14),(14062,6361.65),(13465,5559.41),(10088.7,4230),(12950.8,2092.88),(11913.3,1367.84),(13082,2631.67),(7595.49,273.511),(9198,1494),(7114.12,3177.05),(7416,4104),(7649.33,3888),(9162,7992),(9117.86,7991.24),(6731.33,4662),(4626,5814),(3096,5958),(2088,4266),(2160,4950),(1882.49,388.877),(1143.05,3748.12),(961.477,2988.84),(4077.23,1736.78),(5832,621.336),(7100.66,270),(4608,2736),(3518.66,3330)
时间136,(9045.88,4088.13),(6624,1332),(5634,4860),(13997.2,8040.5),(14261,6629.07),(13664,5826.83),(9954,4230),(13050,2088),(11929.9,1700.76),(13068,2430),(7434,270),(9084.45,1180.6),(7110,3276),(7405.25,4437.16),(7452,3888),(8828.71,7986.25),(9162,7992),(6397.99,4662),(4534.43,6134.51),(3428.12,5986.47),(2022.63,3939.14),(2124,4662),(2215.79,383.852),(1242,3744),(1292.95,2953.69),(4068.46,1403.56),(5832,738),(6767.33,270),(4626,2934),(3438,3330)
时间137,(9180,4086),(6704.85,1008.62),(5562,4608),(14330.5,8044.86),(14418,6840),(13863,6094.24),(10287.3,4230),(13032.9,1755.1),(11946.6,2033.68),(13091,2762.54),(7767.26,277.245),(8970.9,867.201),(6874.3,3511.7),(7398,4662),(7416,4104),(8495.43,7980.51),(8828.71,7986.25),(6390,4662),(4518,6192),(3726,6012),(1962,3636),(2093.82,4330.03),(2549.09,378.828),(1571.65,3694.55),(1624.43,2918.53),(4068,1386),(5796,936),(6642,270),(4518,2934),(3474,3186)
时间138,(9512.35,4060.43),(6768,756),(5279.33,4784.67),(14418,8046),(14544,7020),(14062,6361.65),(10422,4230),(13015.9,1422.2),(11952,2142),(13114,3095.08),(8100.51,284.489),(8857.35,553.802),(6840,3546),(7408.75,4328.84),(7749.34,4104),(8162.14,7974.76),(8495.43,7980.51),(6408,4860),(4848.21,6237.55),(3888,6066),(2027.37,3962.86),(2088,4266),(2882.39,373.803),(1901.3,3645.11),(1818,2898),(4398.24,1340.67),(6002.55,1197.63),(6516,288),(4184.98,2919.52),(3456,2988)
时间139,(9844.71,4034.87),(6894,1062),(5274,4788),(14458.6,7715.15),(14503.4,7350.85),(14261,6629.07),(10433.9,4563.12),(12998.8,1089.3),(11618.8,2151.26),(13137,3427.62),(8262,288),(8748,252),(6552,3690),(7416,4104),(8046,4104),(8118,7974),(8162.14,7974.76),(6741.28,4853.94),(5040,6264),(4104,5868),(2088,4266),(2421.32,4268.92),(3215.68,368.779),(1962,3636),(2151.3,2902.57),(4728.48,1295.35),(6066,1278),(6593.79,612.132),(4104,2916),(3787.5,2953.1)
时间140,(9882,4032),(7225.57,1096.3),(4968,4680),(14499.3,7384.3),(14462.7,7681.7),(14418,6840),(10445.8,4896.25),(12981.7,756.406),(11304,2160),(13160,3760.16),(8262,621.336),(8415.57,276.624),(6220.17,3721.6),(7749.34,4104),(8067.46,4436.64),(7784.77,7965.67),(8118,7974),(7074.56,4847.88),(5032.91,6597.26),(4158,6084),(1754.66,4266),(2754.65,4271.85),(3548.98,363.754),(1898.16,3308.83),(2484.61,2907.13),(4986,1260),(6399.34,1278),(6624,738),(4140,3132),(3798,2952)
时间141,(9954,4230),(7416,1116),(4986,4896),(14539.9,7053.45),(14422.1,8012.55),(14084.7,6840),(10457.7,5229.37),(12978,684),(10996.6,2288.91),(13183,4092.71),(8262,954.672),(8262,288),(6174,3726),(8046,4104),(8082,4662),(7451.54,7957.34),(8118,7668),(7398,4842),(5025.82,6930.52),(3888,6066),(1421.33,4266),(3087.97,4274.77),(3798,360),(1834.33,2981.67),(2817.91,2911.7),(5030.05,1590.41),(6408,1278),(6500.2,1047.49),(4104,3348),(4104,2916)
时间142,(9882,4032),(7452,1368),(4662,4878),(14544,7020),(14418,8046),(14040,6840),(10458,5238),(12644.7,689.464),(10689.2,2417.82),(13206,4425.25),(8262,1288.01),(8262,621.336),(5868,3834),(8067.46,4436.64),(8060.54,4329.36),(7398,7956),(8083.7,7336.43),(7398,4662),(5022,7110),(4104,5868),(1278,4266),(3421.29,4277.7),(3464.7,365.025),(1818,2898),(3132,2916),(5058,1800),(6074.66,1278),(6408,1278),(3852,3330),(4104,2808)
时间143,(9549.65,4057.57),(7452,1701.34),(4616.45,4547.79),(14418,6840),(14084.7,8041.64),(13712.8,6903.84),(10790.9,5255.52),(12311.4,694.928),(10381.8,2546.73),(13229,4757.79),(8262,1314),(8262,954.672),(5922,4050),(8082,4662),(8046,4104),(7064.66,7956),(8064,7146),(7064.66,4662),(4688.66,7110),(4399.74,5714.21),(950.551,4328.37),(3754.62,4280.62),(3131.4,370.049),(1764.29,2569.02),(2798.7,2911.43),(5184,1908),(6066,1278),(6531.8,968.505),(3804.86,3000.01),(4104,2484)
时间144,(9217.29,4083.13),(7452,1908),(4590,4356),(14084.7,6840),(13751.4,8037.29),(13385.7,6967.67),(11123.8,5273.04),(11978.1,700.391),(10188,2628),(13252,5090.33),(8282.17,1646.73),(8262,1288.01),(5868,3834),(8060.54,4329.36),(7712.66,4104),(6750,7956),(8397.34,7146),(6731.33,4662),(4644,7110),(4554,5634),(900,4338),(4087.94,4283.54),(2798.11,375.074),(1710.58,2240.04),(2465.39,2906.87),(5508,1908),(5859.45,1016.37),(6624,738),(3798,2952),(3770.79,2493.26)
时间145,(9180,4086),(7439.19,2241.09),(4920.54,4312.89),(14040,6840),(13418.1,8032.93),(13302,6984),(11142,5274),(11880,702),(10495.4,2499.09),(13266,5292),(8298,1908),(8262,1314),(5908.51,3503.14),(8046,4104),(7416,4104),(6416.83,7945.42),(8730.67,7146),(6397.99,4662),(4672.27,7442.14),(4867.92,5521.89),(970.81,4663.73),(4140,4284),(2464.81,380.098),(1674,2016),(2132.09,2902.3),(5184,1908),(5796,936),(6546.21,413.868),(4104,2916),(3456,2502)
时间146,(9198,4392),(7434,2376),(5004,4302),(13855.9,6562.13),(13084.8,8028.57),(12970.5,7018.54),(11214.9,5599.27),(11880,368.664),(10802.8,2370.18),(13243,4959.46),(7964.83,1897.59),(8282.17,1646.73),(5949.03,3172.27),(7712.66,4104),(7452,3888),(6083.66,7934.85),(9064.01,7146),(6390,4662),(4700.53,7774.27),(5058,5454),(990,4752),(4123.35,4616.92),(2131.51,385.123),(1640.83,1684.32),(1818,2898),(5058,1800),(5832,738),(6516,288),(4140,3132),(3122.66,2502)
时间147,(9530.6,4414.17),(7740,2340),(4986,4572),(13671.7,6284.27),(12751.5,8024.22),(12638.9,7053.07),(11287.8,5924.53),(11880,198),(11110.2,2241.27),(13220,4626.92),(7722,1890),(8298,1908),(5976,2952),(7416,4104),(7119.82,3860.32),(5750.5,7924.27),(9162,7146),(6408,4860),(4716,7956),(4744.08,5566.11),(1055.37,5078.86),(4106.71,4949.84),(1798.21,390.148),(1638,1656),(1881.84,3225.17),(5013.95,1469.59),(5498.66,738),(6642,270),(4472.92,3148.65),(3114,2502)
时间148,(9863.2,4436.35),(7726.68,2006.93),(4968,4680),(13487.6,6006.4),(12418.2,8019.86),(12307.4,7087.61),(11360.7,6249.8),(11546.7,203.951),(11304,2160),(13197,4294.38),(8055.17,1900.41),(8277.83,1575.27),(6309.15,2940.89),(7085.24,4062.65),(7020,3852),(5616,7920),(8828.66,7146),(6374.83,5191.68),(5049.07,7942.68),(4554,5634),(1080,5202),(4104,5004),(1464.91,395.172),(1743.41,1339.77),(1945.67,3552.33),(4986,1260),(5165.33,738),(6725.65,592.668),(4500,3150),(3100.12,2168.95)
时间149,(10008,4446),(7722,1890),(5274,4788),(13303.5,5728.53),(12084.8,8015.5),(11975.8,7122.14),(11376,6318),(11213.4,209.903),(11231.7,1834.6),(13174,3961.84),(8298,1908),(8262,1314),(6516,2934),(6984,4050),(7110,3582),(5606.99,7586.79),(8495.33,7146),(6372,5220),(5382.14,7929.35),(4626,5814),(1156.35,5526.47),(4194,5238),(1131.61,400.197),(1848.82,1023.54),(1962,3636),(4655.76,1305.33),(4831.99,738),(6768,756),(4518,2934),(3096,2070)
时间150,(9675.4,4423.83),(7452,1908),(5130,4968),(13119.4,5450.67),(11751.5,8011.14),(11644.3,7156.68),(11042.7,6318),(10880.2,215.854),(11159.4,1509.2),(13151,3629.29),(7964.83,1897.59),(8262,980.664),(6768,2952),(6678,4050),(7259.07,3283.86),(5598,7254),(8161.99,7146),(6038.66,5220),(5616,7920),(4534.43,6134.51),(1224,5814),(4525.57,5203.7),(798.317,405.221),(1854,1008),(1632.35,3685.45),(4325.52,1350.65),(4498.66,738),(6684.35,433.332),(4184.98,2919.52),(3294,2070)
时间151,(9342.8,4401.65),(7439.19,2241.09),(4932,5184),(13050,5346),(11664,8010),(11574,7164),(10709.3,6318),(10872,216),(11087.1,1183.81),(13128,3296.75),(7722,1890),(8262,647.328),(6696,2754),(6390,4086),(7308,3186),(5931.09,7266.81),(8064,7146),(5705.33,5220),(5282.93,7933.32),(4518,6192),(1147.65,5489.53),(4716,5184),(465.019,410.246),(2158.61,872.619),(1302.7,3734.89),(4068,1386),(4165.32,738),(6642,270),(4104,2916),(3627.34,2070)
时间152,(9198,4392),(7434,2376),(4716,5184),(12716.9,5333.43),(11330.7,8007.05),(11609.3,7495.47),(10376,6318),(10538.7,221.649),(11014.8,858.407),(13105,2964.21),(8055.17,1900.41),(8262,313.992),(7022.33,2821.99),(6058.32,4052.83),(7452,2988),(6264.18,7279.62),(7730.78,7137.23),(5616,5220),(4949.86,7946.65),(4198.72,6096.22),(1080,5202),(4384.43,5218.3),(216,414),(2178,864),(1242,3744),(4013.2,1057.2),(3960,738),(6975.34,270),(4104,2808),(3960.67,2070)
时间153,(9162,4662),(7740,2340),(4662,4878),(12383.8,5320.86),(10997.4,8004.1),(11644.5,7826.93),(10242,6318),(10205.4,227.298),(10942.4,533.009),(13082,2631.67),(8298,1908),(8262,288),(7128,2844),(6030,4050),(7442.2,2654.81),(6534,7290),(7397.56,7128.46),(5604.31,5553.13),(4716,7956),(4158,6084),(1413.09,5189.19),(4194,5238),(246.733,745.916),(2510.51,840.489),(908.953,3757.88),(3960,738),(3828.69,431.616),(7308.67,270),(4104,2484),(4086,2070)
时间154,(9162,4995.34),(7726.68,2006.93),(4986,4896),(12050.7,5308.29),(10664,8001.15),(11664,8010),(9908.95,6304.12),(9872.14,232.947),(10872,216),(13068,2430),(8277.83,1575.27),(7928.74,280.755),(7432.61,2979.38),(6325.28,3895.33),(7434,2376),(6480,7128),(7380,7128),(5592.62,5886.26),(4383.01,7940.86),(3888,6066),(1548,5184),(4050,5202),(277.466,1077.83),(2843.01,816.979),(810,3762),(4293.34,738),(3798,360),(7434,270),(4122,2250),(4122,2250)
时间155,(9162,5256),(7722,1890),(5130,4968),(11717.6,5295.72),(10330.7,7998.2),(11330.7,8007.05),(9810,6300),(9538.85,238.596),(10538.7,221.649),(13091,2762.54),(8262,1314),(7595.49,273.511),(7452,2988),(6408,3852),(7102.03,2345.82),(6750,7146),(7046.8,7137.52),(5580.93,6219.39),(4050.02,7925.73),(3726,6012),(1881.21,5174.74),(4104,5004),(306,1386),(3175.52,793.468),(731.014,3438.16),(4626.67,738),(4131.13,348.208),(7100.66,270),(3788.66,2250),(4455.34,2250)
时间156,(9162,4922.66),(7452,1908),(5292,5058),(11384.5,5283.15),(9997.39,7995.25),(10997.4,8004.1),(9476.8,6309.52),(9205.56,244.245),(10205.4,227.298),(13114,3095.08),(8262,980.664),(7434,270),(7480.47,3320.12),(6728,3758.67),(6840,2322),(6750,7479.34),(6750,7146),(5580,6246),(3717.02,7910.59),(3979.09,5795.07),(2196,5166),(4194,5238),(363.461,1714.35),(3508.02,769.958),(652.028,3114.31),(4960.01,738),(4464.25,336.416),(6767.33,270),(3474,2250),(4590,2250)
时间157,(9162,4662),(7452,1574.66),(5508,4878),(11142,5274),(9664.06,7992.3),(10664,8001.15),(9180,6318),(8872.27,249.894),(9872.14,232.947),(13137,3427.62),(8262,647.328),(7767.26,277.245),(7506,3618),(6840,3726),(6840,1988.66),(6750,7812.67),(6743.06,6812.74),(5912.99,6230.86),(3528,7902),(4104,5688),(2160,4950),(4050,5202),(420.921,2042.69),(3840.53,746.447),(630,3024),(5293.34,738),(4797.38,324.624),(6642,270),(3456,2502),(4590,2502)
时间158,(8828.66,4662),(7452,1368),(5634,4860),(11214.9,5599.27),(9630,7992),(10330.7,7998.2),(9174.35,5984.71),(8748,252),(9538.85,238.596),(13160,3760.16),(8262,313.992),(8100.51,284.489),(7697.83,3345.4),(7110,3582),(6840,1728),(6750,7956),(6736.11,6479.47),(6245.98,6215.73),(3520.43,7568.75),(4104,5868),(2124,4662),(3717.31,5222.79),(432,2106),(3960,738),(961.477,2988.84),(5626.68,738),(5130.51,312.832),(6516,288),(3789.21,2492.74),(4256.89,2489.66)
时间159,(8495.33,4662),(7784.6,1345.83),(5562,4608),(11287.8,5924.53),(9296.66,7992),(9997.39,7995.25),(9168.7,5651.42),(9081.29,246.351),(9205.56,244.245),(13183,4092.71),(8262,288),(8262,288),(7848,3132),(6840,3546),(6506.77,1719.67),(6416.83,7945.42),(6732,6282),(6372,6210),(3512.85,7235.5),(4158,6084),(1798.85,4735.42),(3474,5238),(764.464,2081.91),(3627.49,761.511),(1292.95,2953.69),(5832,738),(5463.64,301.039),(6182.66,288),(4104,2484),(4104,2484)
时间160,(8161.99,4662),(8117.2,1323.65),(5598,4356),(11360.7,6249.8),(9162,7992),(9664.06,7992.3),(9163.05,5318.14),(9414.58,240.702),(8872.27,249.894),(13206,4425.25),(8594.43,263.376),(8594.43,263.376),(8145.02,3283.31),(7075.7,3310.3),(6173.54,1711.34),(6083.66,7934.85),(6405.14,6216.63),(6372,5876.66),(3510,7110),(4477.28,6179.78),(1566,4788),(3577.2,5554.96),(1096.93,2057.82),(3294.99,785.021),(1624.43,2918.53),(5832,404.664),(5796.76,289.247),(5849.33,288),(4122,2250),(4437.11,2496.34)
时间161,(8082,4662),(8262,1314),(5472,4356),(11376,6318),(9144.48,7659.12),(9630,7992),(9162,5256),(9747.86,235.053),(8748,252),(13229,4757.79),(8748,252),(8748,252),(8442.03,3434.62),(7110,3276),(6120,1710),(5750.5,7924.27),(6372,6210),(6372,5543.33),(3176.66,7110),(4518,6192),(1550.86,5120.99),(3680.39,5871.92),(1429.39,2033.73),(2962.48,808.532),(1818,2898),(5832,288),(5832,288),(5832,288),(3788.66,2250),(4590,2502)
时间162,(8415.34,4662),(7929.4,1336.17),(5292,4284),(11452,6642.57),(9144,7650),(9595.1,7660.5),(9494.88,5273.52),(10081.2,229.404),(9081.29,246.351),(13252,5090.33),(8861.55,565.399),(8861.55,565.399),(8739.05,3585.93),(7123.88,2942.95),(6237.04,2022.11),(5616,7920),(6698.86,6275.37),(6372,5220),(2843.33,7110),(4563.33,6522.24),(1548,5184),(3726,6012),(1674,2016),(2629.98,832.042),(1764.29,2569.02),(6165.34,288),(5498.87,299.792),(5832,621.336),(3474,2250),(4608,2736)
时间163,(8748.67,4662),(7596.8,1358.35),(5004,4302),(11527.9,6967.13),(9477.34,7650),(9594,7650),(9827.75,5291.04),(10414.4,223.755),(9414.58,240.702),(13266,5292),(8975.1,878.799),(8975.1,878.799),(8802,3618),(7128,2844),(6282,2142),(5606.99,7586.79),(6732,6282),(6705.14,5231.29),(2509.99,7110),(4608.65,6852.48),(1881.21,5174.74),(3622.8,5695.04),(1640.83,1684.32),(2297.47,855.553),(1710.58,2240.04),(6498.67,288),(5165.75,311.584),(5832,738),(3294,2250),(4941.34,2736)
时间164,(9082.01,4662),(7452,1368),(4986,4572),(11574,7164),(9594,7650),(9927.34,7650),(9846,5292),(10747.7,218.106),(9747.86,235.053),(13243,4959.46),(9088.65,1192.2),(9088.65,1192.2),(9135.34,3618),(6801.67,2776.01),(6156,2142),(5598,7254),(7065.21,6272.74),(7038.29,5242.59),(2484,7110),(4644,7110),(2196,5166),(3519.61,5378.08),(1638,1656),(2178,864),(1674,2016),(6516,288),(4832.62,323.376),(5796,936),(3294,2070),(5022,2736)
时间165,(9162,4662),(7118.83,1357.59),(5319.34,4572),(11240.7,7168.69),(9628.9,7981.5),(10260.7,7650),(9846,5625.34),(10872,216),(10081.2,229.404),(13220,4626.92),(9198,1494),(9198,1494),(9468.67,3618),(6696,2754),(6257.07,2459.64),(5616,7110),(7380,6264),(7371.43,5253.88),(2491.57,7443.25),(4310.66,7110),(2394,5184),(3474,5238),(1743.41,1339.77),(1873.39,999.381),(1341.54,2040.09),(6593.79,612.132),(4499.49,335.168),(6002.55,1197.63),(3627.34,2070),(5058,2916)
时间166,(9198,4392),(6876,1350),(5346,4572),(10907.4,7173.39),(9630,7992),(10332,7650),(9846,5958.67),(10944.3,541.398),(10414.4,223.755),(13197,4294.38),(9198,1827.34),(9198,1827.34),(9802.01,3618),(6516,2718),(6282,2538),(5949.26,7116.94),(7380,6597.34),(7434,5256),(2499.15,7776.5),(3977.33,7110),(2160,4950),(3140.95,5224.12),(1848.82,1023.54),(1854,1008),(1009.07,2064.18),(6624,738),(4166.36,346.961),(6066,1278),(3960.67,2070),(4724.95,2929.88)
时间167,(9180,4086),(6894,1062),(5472,4356),(10574.1,7178.08),(9296.66,7992),(10306.4,7317.65),(9846,5976),(11016.6,866.797),(10747.7,218.106),(13174,3961.84),(9198,2160.67),(9198,2160.67),(10135.3,3618),(6282,2538),(6180.93,2220.36),(6282.53,7123.89),(7380,6930.67),(7416.17,5588.86),(2502,7902),(3643.99,7110),(2196,5166),(3042,5220),(1854,1008),(2158.61,872.619),(676.607,2088.27),(6500.2,1047.49),(3833.24,358.753),(6399.34,1278),(4086,2070),(4626,2934)
时间168,(8846.71,4091.29),(7225.57,1096.3),(5292,4284),(10296,7182),(9162,7992),(10296,7182),(9810,6300),(11088.9,1192.19),(10872,216),(13151,3629.29),(9198,2340),(9198,2340),(10152,3618),(6516,2718),(6156,2142),(6480,7128),(7380,7128),(7398.34,5921.72),(2835.34,7902),(3510,7110),(2394,5184),(3042,5508),(1748.59,1324.23),(2178,864),(432,2106),(6408,1278),(3798,360),(6408,1278),(4418.91,2086.93),(4608,2736)
时间169,(8513.41,4096.58),(7416,1116),(5508,4068),(9962.83,7171.42),(9144.48,7659.12),(10275.2,6849.31),(9476.8,6309.52),(11161.2,1517.59),(11205.3,210.049),(13128,3296.75),(8864.73,2346.41),(9180,2664),(9818.66,3618),(6696,2754),(6012,2214),(6534,7290),(7430.69,7457.46),(7380.5,6254.58),(3168.67,7902),(3574.34,6782.93),(2726.82,5202.49),(2710.65,5544.31),(1643.18,1640.46),(2510.51,840.489),(502.28,2431.84),(6074.66,1278),(3929.31,666.384),(6531.8,968.505),(4751.81,2103.85),(4941.34,2736)
时间170,(8180.12,4101.87),(7416,782.664),(5616,4050),(9629.66,7160.85),(9144,7650),(10254.4,6516.63),(9180,6318),(11233.6,1842.99),(11538.6,204.097),(13105,2964.21),(8531.45,2352.82),(8847.43,2686.55),(9485.33,3618),(6858,2664),(5689.33,2297.65),(6200.91,7277.19),(7452,7596),(7380,6264),(3502.01,7902),(3638.68,6455.87),(3042,5220),(2379.3,5580.63),(1638,1656),(2843.01,816.979),(572.56,2757.69),(6066,1278),(3960,738),(6624,738),(5084.72,2120.78),(5022,2736)
时间171,(8046,4104),(7416,720),(5922,4050),(9296.5,7150.27),(9155.9,7316.88),(10242,6318),(9172.76,6651.26),(11304,2160),(11871.8,198.146),(13082,2631.67),(8262,2358),(8514.85,2709.09),(9151.99,3618),(7074,2718),(5526,2340),(5867.82,7264.38),(7402.55,7925.65),(7713.24,6272.13),(3528,7902),(3703.02,6128.8),(3375.05,5233.88),(2047.94,5616.94),(1671.17,1987.68),(3175.52,793.468),(630,3024),(5859.45,1016.37),(4014.8,1066.8),(6546.21,413.868),(5148,2124),(5004,2556)
时间172,(8379.29,4098.71),(7429.32,386.93),(5832,4284),(9162,7146),(9162,7146),(10242,5984.66),(9165.51,6984.51),(11376,2448),(11880,198),(13068,2430),(7928.86,2346.51),(8182.28,2731.64),(8818.66,3618),(7308,2844),(5512.12,2006.95),(5598,7254),(7398,7956),(8046.47,6280.26),(3520.43,7568.75),(3726,6012),(3474,5238),(1728,5652),(1674,2016),(3508.02,769.958),(708.986,3347.84),(5796,936),(4068,1386),(6516,288),(5155.41,2457.25),(4673.46,2512.89)
时间173,(8712.59,4093.42),(7434,270),(5618.6,4540.08),(9495.17,7156.58),(9169.24,6812.74),(10242,5922),(9162,7146),(11709.2,2458.1),(12213.2,186.895),(13091,2762.54),(7740,2340),(8118,2736),(8802,3618),(7452,2988),(5508,1908),(5616,7110),(7064.66,7956),(8118,6282),(3512.85,7235.5),(3393.88,5983.53),(3806.69,5217.21),(1692,5832),(1341.54,2040.09),(3840.53,746.447),(787.972,3671.69),(5832,738),(4076.77,1719.22),(6642,270),(5162.81,2790.51),(4590,2502)
时间174,(9045.88,4088.13),(7420.68,603.07),(5562,4608),(9828.34,7167.15),(9176.49,6479.49),(9911.72,5967.04),(9150.1,7479.12),(11970,2466),(12546.3,175.79),(13114,3095.08),(8073.14,2351.49),(8082,2628),(8504.98,3466.69),(7308,3186),(5521.88,2241.05),(5602.12,6776.95),(6750,7956),(8118,5948.66),(3510,7110),(3096,5958),(4050,5202),(1728,5652),(1009.07,2064.18),(3960,738),(810,3762),(5498.66,738),(4085.54,2052.44),(6725.65,592.668),(5166,2934),(4590,2250)
时间175,(9180,4086),(7416,720),(5346,4572),(10161.5,7177.73),(9180,6318),(9846,5976),(9144,7650),(12303.2,2455.08),(12879.5,164.685),(13137,3427.62),(8262,2358),(7748.66,2628),(8207.97,3315.38),(7158.93,3484.14),(5526,2340),(5588.25,6443.91),(6750,7622.66),(8118,5615.33),(3176.66,7110),(2764,5928.2),(4104,5004),(2059.35,5615.69),(676.607,2088.27),(3627.49,761.511),(1143.05,3748.12),(5165.33,738),(4086,2070),(6768,756),(5148,3168),(4256.66,2250)
时间176,(9512.35,4060.43),(7083.18,738.49),(5012.66,4572),(10296,7182),(9174.35,5984.71),(9810,6300),(9477.34,7650),(12636.3,2444.15),(12960,162),(13160,3760.16),(8595.27,2351.59),(7740,2628),(7910.95,3164.07),(7110,3582),(5536.41,2673.17),(5580,6246),(6750,7289.33),(8118,5281.99),(2843.33,7110),(2432,5898.41),(4120.65,4671.08),(2390.7,5579.37),(432,2106),(3294.99,785.021),(1242,3744),(4831.99,738),(4077.23,1736.78),(6684.35,433.332),(4950,3186),(4122,2250)
时间177,(9844.71,4034.87),(6768,756),(4986,4572),(10275.2,6849.31),(9168.7,5651.42),(10143,6313.88),(9594,7650),(12969.5,2433.23),(12971.5,495.138),(13183,4092.71),(8928.55,2345.18),(7812,2898),(7848,3132),(7020,3852),(5544,2916),(5591.69,5912.87),(6750,7146),(8118,5220),(2509.99,7110),(2099.99,5868.61),(4137.29,4338.16),(2722.06,5543.06),(374.539,1777.65),(2962.48,808.532),(1571.65,3694.55),(4498.66,738),(4068.46,1403.56),(6642,270),(4932,3348),(4086,2070)
时间178,(9882,4032),(6687.15,1079.38),(4968,4680),(10254.4,6516.63),(9163.05,5318.14),(10242,6318),(9927.34,7650),(13068,2430),(12978,684),(13206,4425.25),(9198,2340),(7488.62,2978.85),(7656.17,3404.6),(6984,4050),(5364,2952),(5603.38,5579.74),(6480,7128),(8096.54,4887.36),(2484,7110),(1767.99,5838.82),(4140,4284),(3042,5508),(317.079,1449.31),(2629.98,832.042),(1901.3,3645.11),(4165.32,738),(4068,1386),(6975.34,270),(5166,3330),(4418.91,2086.93)
时间179,(9954,4230),(6624,1332),(4986,4896),(10242,6318),(9162,5256),(10242,5984.66),(10260.7,7650),(13050.5,2097.12),(12995.1,1016.9),(13229,4757.79),(9180,2664),(7452,2988),(7506,3618),(6678,4050),(5535.5,3237.83),(5615.07,5246.61),(6146.74,7121.06),(8082,4662),(2152.17,7078.4),(1692,5832),(4338,4248),(3042,5220),(306,1386),(2297.47,855.553),(1962,3636),(3960,738),(4398.24,1340.67),(7308.67,270),(5148,3168),(4751.81,2103.85)
时间180,(9882,4032),(6876,1350),(5130,4968),(10575.3,6318),(9494.88,5273.52),(10242,5922),(10332,7650),(13050,2088),(13012.1,1349.8),(13252,5090.33),(8847.43,2686.55),(7775.38,2907.15),(7722,3636),(6642,3852),(5580,3312),(5616,5220),(5813.47,7114.11),(7748.66,4662),(2106,7074),(1358.91,5819.19),(4140,4284),(2709.18,5201.51),(275.267,1054.08),(2178,864),(1898.16,3308.83),(3828.69,431.616),(4728.48,1295.35),(7434,270),(4950,3186),(5084.72,2120.78)
时间181,(9549.65,4057.57),(6844.4,1681.83),(4932,5184),(10908.7,6318),(9827.75,5291.04),(9911.72,5967.04),(10306.4,7317.65),(12717.1,2104.37),(13029.2,1682.7),(13266,5292),(8514.85,2709.09),(7812,2898),(7506,3618),(6408,3852),(5580,3645.34),(5949.34,5220),(5616,7110),(7415.33,4662),(1878.02,7317.18),(1224,5814),(4140,3950.66),(2394,5184),(244.534,722.168),(1873.39,999.381),(1834.33,2981.67),(3798,360),(4986,1260),(7100.66,270),(4932,3348),(5148,2124)
时间182,(9217.29,4083.13),(6840,1728),(5264.88,5201.52),(11242,6318),(9846,5292),(9846,5976),(10296,7182),(12384.1,2120.75),(13046.3,2015.59),(13243,4959.46),(8182.28,2731.64),(8118,2952),(7452,3888),(6390,4086),(5580,3780),(6282.67,5220),(5602.12,6776.95),(7398,4662),(1650.04,7560.36),(1268.64,6144.33),(4140,3744),(2160,4950),(216,414),(1854,1008),(1818,2898),(4131.13,348.208),(5030.05,1590.41),(6767.33,270),(4644,3330),(5155.41,2457.25)
时间183,(9180,4086),(6871.6,1396.17),(5274,5202),(11376,6318),(9972,5256),(9846,5642.66),(10629.3,7177.31),(12051.2,2137.12),(13050,2088),(13220,4626.92),(8118,2736),(8118,2736),(7785.34,3888),(6678,4050),(5580,3446.66),(6372,5220),(5588.25,6443.91),(7398,4842),(1566,7650),(1313.28,6474.67),(4140,4077.34),(2124,4662),(549.298,408.975),(1748.59,1324.23),(2151.3,2902.57),(4464.25,336.416),(5058,1800),(6642,270),(4356,3348),(5162.81,2790.51)
时间184,(9198,4392),(6876,1350),(5292,5058),(11452,6642.57),(10305.1,5243.66),(9846,5309.33),(10962.6,7172.61),(11952,2142),(13067.5,2420.88),(13197,4294.38),(8082,2628),(8118,2952),(8118.67,3888),(6642,3852),(5580,3312),(6705.14,5231.29),(5580,6246),(7426.88,5174.08),(1602,7938),(1314,6480),(4140,4284),(2093.82,4330.03),(882.596,403.951),(1643.18,1640.46),(2484.61,2907.13),(4797.38,324.624),(5184,1908),(6516,288),(4500,3150),(5166,2934)
时间185,(9530.6,4414.17),(6894,1062),(5508,4878),(11527.9,6967.13),(10458,5238),(9846,5292),(11295.9,7167.92),(11618.8,2151.26),(13068,2430),(13174,3961.84),(7748.66,2628),(7812,2898),(8316,3888),(6975.34,3852),(5408.5,3026.17),(7038.29,5242.59),(5912.99,6230.86),(7434,5256),(1935.07,7924.68),(1372.6,6808.15),(3806.68,4281.08),(2088,4266),(1215.89,398.926),(1638,1656),(2817.91,2911.7),(5130.51,312.832),(5508,1908),(6182.66,288),(4518,2934),(5148,3168)
时间186,(9863.2,4436.35),(6768,756),(5634,4860),(11574,7164),(10790.9,5255.52),(9972,5256),(11574,7164),(11304,2160),(12734.8,2440.92),(13151,3629.29),(7740,2628),(7740,2628),(8262,3654),(7020,3852),(5364,2952),(7371.43,5253.88),(6245.98,6215.73),(7766.88,5238.48),(2268.14,7911.35),(1404,6984),(3473.35,4278.15),(1754.66,4266),(1549.19,393.902),(1671.17,1987.68),(3132,2916),(5463.64,301.039),(5184,1908),(5849.33,288),(4626,2934),(5166,3330)
时间187,(10008,4446),(7100.82,737.51),(5617.35,5192.92),(11609.3,7495.47),(11123.8,5273.04),(9986.8,4922.99),(11905.5,7129.46),(11376,2448),(12401.7,2451.85),(13128,3296.75),(8073.34,2628),(7812,2898),(7942,3560.67),(7352.18,3879.68),(5544,2916),(7434,5256),(6372,6210),(8099.75,5220.96),(2502,7902),(1733.85,6935.9),(3140.03,4275.23),(1421.33,4266),(1882.49,388.877),(1674,2016),(2798.7,2911.43),(5796.76,289.247),(5058,1800),(5832,288),(4641.14,3266.99),(5166,3663.34)
时间188,(9675.4,4423.83),(7416,720),(5616,5220),(11644.5,7826.93),(11142,5274),(10001.6,4589.99),(12237.1,7094.93),(11709.2,2458.1),(12068.5,2462.77),(13105,2964.21),(8082,2628),(7488.62,2978.85),(7830,3528),(7452,3888),(5876.18,2943.68),(7416.17,5588.86),(6372,5876.66),(8118,5220),(2835.34,7902),(2063.69,6887.79),(2806.71,4272.3),(1278,4266),(2215.79,383.852),(1727.71,2344.98),(2465.39,2906.87),(5832,288),(5013.95,1469.59),(5832,621.336),(4644,3330),(5166,3780)
时间189,(9342.8,4401.65),(7416,1053.34),(5283.12,5202.48),(11664,8010),(11475.1,5286.57),(10008,4446),(12568.6,7060.39),(11970,2466),(11970,2466),(13082,2631.67),(8118,2736),(7452,2988),(8150,3621.33),(7416,4104),(5976,2952),(7398.34,5921.72),(6372,5543.33),(8118,5553.34),(3168.67,7902),(2268,6858),(2473.38,4269.38),(1255.07,3933.45),(2549.09,378.828),(1781.42,2673.96),(2132.09,2902.3),(6165.34,288),(4986,1260),(5832,738),(4356,3348),(4832.86,3768.51)
时间190,(9198,4392),(7416,1116),(5274,5202),(11997.3,8014.36),(11808.2,5299.14),(9993.2,4779.01),(12900.2,7025.86),(11636.8,2455.9),(12303.2,2455.08),(13068,2430),(8118,2952),(7775.38,2907.15),(8262,3654),(7405.25,4437.16),(5935.49,3282.86),(7380.5,6254.58),(6372,5220),(8118,5886.67),(3502.01,7902),(2106,7074),(2140.06,4266.46),(1242,3744),(2882.39,373.803),(1818,2898),(1818,2898),(6498.67,288),(4655.76,1305.33),(5498.66,738),(4104,3348),(4644,3762)
时间191,(9162,4662),(7452,1368),(5292,5058),(12330.6,8018.71),(12141.3,5311.71),(9978.4,5112.01),(13231.7,6991.32),(11376,2448),(12636.3,2444.15),(13091,2762.54),(8352,2970),(7812,2898),(8316,3888),(7398,4662),(5894.97,3613.73),(7380,6264),(6405.17,4888.32),(8118,6220.01),(3528,7902),(1772.79,7083.26),(2088,4266),(1264.93,4076.55),(3215.68,368.779),(1486.52,2933.16),(1881.84,3225.17),(6516,288),(4325.52,1350.65),(5165.33,738),(4134.18,3679.97),(4310.88,3750.1)
时间192,(9162,4995.34),(7118.83,1357.59),(5130,4968),(12663.9,8023.07),(12474.4,5324.28),(9972,5256),(13302,6984),(11304,2160),(12969.5,2433.23),(13114,3095.08),(8677.4,2897.69),(8118,2952),(7982.66,3888),(7408.75,4328.84),(5868,3834),(7380,6597.34),(6408,4860),(8118,6282),(3860.99,7917.14),(1458,7092),(2022.63,3939.14),(1278,4266),(3548.98,363.754),(1155.05,2968.31),(1945.67,3552.33),(6593.79,612.132),(4068,1386),(4831.99,738),(4140,3744),(4140,3744)
时间193,(9162,5256),(6876,1350),(5274,4788),(12997.2,8027.43),(12807.5,5336.85),(10305.1,5243.66),(13629.2,6920.16),(10996.6,2288.91),(13068,2430),(13137,3427.62),(9002.8,2825.38),(8352,2970),(7649.33,3888),(7416,4104),(5922,4050),(7380,6930.67),(6074.66,4860),(8450.92,6298.65),(4193.98,7932.27),(1521.34,7419.26),(1962,3636),(950.551,4328.37),(3798,360),(823.569,3003.47),(1962,3636),(6624,738),(4013.2,1057.2),(4498.66,738),(3806.72,3749.85),(4109.82,3412.03)
时间194,(9162,4922.66),(6624,1332),(5556.67,4611.33),(13330.5,8031.78),(13050,5346),(10458,5238),(13956.3,6856.33),(10689.2,2417.82),(13050.5,2097.12),(13160,3760.16),(9162,2790),(8677.4,2897.69),(7452,3888),(7085.24,4062.65),(5868,3834),(7380,7128),(5741.33,4860),(8478,6300),(4526.98,7947.41),(1566,7650),(2027.37,3962.86),(900,4338),(3464.7,365.025),(630,3024),(1632.35,3685.45),(6500.2,1047.49),(3960,738),(4165.32,738),(3473.43,3755.69),(4104,3348)
时间195,(9162,4662),(6390,1404),(5562,4608),(13663.8,8036.14),(13266,5292),(10446.1,4904.88),(14040,6840),(10381.8,2546.73),(13050,2088),(13183,4092.71),(9491.26,2738.01),(9002.8,2825.38),(7506,3618),(6984,4050),(6174,3726),(7046.8,7137.52),(5634,4860),(8811.23,6308.54),(4716,7956),(1602,7938),(2088,4266),(848.541,4008.66),(3131.4,370.049),(559.72,2698.16),(1302.7,3734.89),(6408,1278),(3828.69,431.616),(3960,738),(3140.15,3761.54),(4140,3132)
时间196,(8828.66,4662),(6624,1332),(5598,4356),(13997.2,8040.5),(13465,5559.41),(10434.2,4571.75),(13855.9,6562.13),(10188,2628),(12717.1,2104.37),(13206,4425.25),(9820.51,2686.02),(9162,2790),(7477.53,3285.88),(7020,3852),(6505.83,3694.4),(6750,7146),(5967.34,4860),(9144.45,6317.09),(4687.73,7623.86),(1935.07,7924.68),(2421.32,4268.92),(810,3762),(2798.11,375.074),(489.44,2372.31),(1242,3744),(6074.66,1278),(3798,360),(4014.8,1066.8),(3114,3762),(4472.92,3148.65)
时间197,(8495.33,4662),(6704.85,1008.62),(5616,4050),(14330.5,8044.86),(13664,5826.83),(10422.3,4238.63),(13671.7,6284.27),(10495.4,2499.09),(12384.1,2120.75),(13229,4757.79),(10149.8,2634.04),(9166.63,3123.3),(7452,2988),(7110,3582),(6552,3690),(6743.06,6812.74),(6300.67,4860),(9180,6318),(4659.47,7291.73),(2268.14,7911.35),(2754.65,4271.85),(861.459,4091.34),(2464.81,380.098),(432,2106),(908.953,3757.88),(6066,1278),(4131.13,348.208),(4068,1386),(3173.63,3434.04),(4500,3150)
时间198,(8161.99,4662),(6768,756),(5580,3780),(14418,8046),(13863,6094.24),(10422,4230),(13487.6,6006.4),(10802.8,2370.18),(12051.2,2137.12),(13252,5090.33),(10188,2628),(9171.26,3456.61),(7442.2,2654.81),(6840,3546),(6840,3546),(6736.11,6479.47),(6408,4860),(8846.77,6309.46),(4644,7110),(2502,7902),(3087.97,4274.77),(900,4338),(2131.51,385.123),(374.539,1777.65),(810,3762),(5859.45,1016.37),(4464.25,336.416),(4076.77,1719.22),(3186,3366),(4356,3348)
时间199,(8082,4662),(6894,1062),(5616,4050),(14458.6,7715.15),(14062,6361.65),(10088.7,4230),(13303.5,5728.53),(11110.2,2241.27),(11952,2142),(13266,5292),(9858.74,2679.99),(9175.89,3789.91),(7434,2376),(7075.7,3310.3),(6552,3690),(6732,6282),(6741.28,4853.94),(8513.55,6300.91),(4598.67,6779.76),(2494.43,7568.75),(3421.29,4277.7),(970.81,4663.73),(1798.21,390.148),(317.079,1449.31),(731.014,3438.16),(5796,936),(4797.38,324.624),(4085.54,2052.44),(3312,3348),(4104,3348)
时间200,(8415.34,4662),(7225.57,1096.3),(5922,4050),(14499.3,7384.3),(14261,6629.07),(9954,4230),(13119.4,5450.67),(11304,2160),(11618.8,2151.26),(13243,4959.46),(9529.49,2731.98),(9180,4086),(7102.03,2345.82),(7110,3276),(6220.17,3721.6),(7065.21,6272.74),(7074.56,4847.88),(8478,6300),(4553.35,6449.52),(2486.85,7235.5),(3754.62,4280.62),(990,4752),(1464.91,395.172),(306,1386),(652.028,3114.31),(5832,738),(5130.51,312.832),(4086,2070),(3438,3330),(3852,3330)
时间201,(8748.67,4662),(7416,1116),(5832,4284),(14539.9,7053.45),(14418,6840),(10287.3,4230),(13050,5346),(11231.7,1834.6),(11304,2160),(13220,4626.92),(9200.23,2783.96),(9175.37,3752.7),(6840,2322),(7123.88,2942.95),(6174,3726),(7380,6264),(7398,4842),(8460.48,6632.88),(4518,6192),(2484,7110),(4087.94,4283.54),(1322.69,4772.79),(1131.61,400.197),(275.267,1054.08),(630,3024),(5832,404.664),(5463.64,301.039),(4077.23,1736.78),(3474,3186),(3518.66,3330)
时间202,(9082.01,4662),(7452,1368),(5618.6,4540.08),(14544,7020),(14544,7020),(10422,4230),(13266,5292),(11159.4,1509.2),(11231.7,1834.6),(13197,4294.38),(9162,2790),(9170.74,3419.39),(6857.52,2654.88),(7128,2844),(5868,3834),(7713.24,6272.13),(7426.88,5174.08),(8460,6642),(4848.21,6237.55),(2152.17,7078.4),(4140,4284),(1566,4788),(798.317,405.221),(244.534,722.168),(961.477,2988.84),(5832,288),(5796.76,289.247),(4068.46,1403.56),(3168,3186),(3438,3330)
时间203,(9162,4662),(7452,1701.34),(5562,4608),(14503.4,7350.85),(14418,6840),(10433.9,4563.12),(13465,5559.41),(11087.1,1183.81),(11159.4,1509.2),(13174,3961.84),(8836.6,2862.31),(9166.11,3086.09),(6858,2664),(7432.61,2979.38),(5908.51,3503.14),(8046.47,6280.26),(7434,5256),(8128.32,6608.83),(5040,6264),(2106,7074),(4123.35,4616.92),(1550.86,5120.99),(465.019,410.246),(216,414),(1292.95,2953.69),(6165.34,288),(5832,288),(4068,1386),(3186,3366),(3312,3348)
时间204,(9198,4392),(7452,1908),(5346,4572),(14462.7,7681.7),(14084.7,6840),(10445.8,4896.25),(13664,5826.83),(11014.8,858.407),(11087.1,1183.81),(13151,3629.29),(8511.2,2934.62),(9162,2790),(6570.43,2495.43),(7452,2988),(5949.03,3172.27),(8118,6282),(7766.88,5238.48),(8100,6606),(5238,6210),(1878.02,7317.18),(4106.71,4949.84),(1548,5184),(216,414),(246.733,745.916),(1624.43,2918.53),(6498.67,288),(5498.87,299.792),(4398.24,1340.67),(3126.37,3693.96),(3186,3366)
时间205,(9180,4086),(7439.19,2241.09),(5472,4356),(14422.1,8012.55),(14040,6840),(10457.7,5229.37),(13863,6094.24),(10942.4,533.009),(11014.8,858.407),(13128,3296.75),(8352,2970),(9491.26,2738.01),(6336,2358),(7308,2844),(5976,2952),(8100,6606),(8099.75,5220.96),(8077.83,6938.6),(5569.5,6244.9),(1650.04,7560.36),(4104,5004),(1214.91,5196.81),(549.298,408.975),(277.466,1077.83),(1818,2898),(6516,288),(5165.75,311.584),(4728.48,1295.35),(3114,3762),(3168,3186)
时间206,(8846.71,4091.29),(7434,2376),(5598,4356),(14418,8046),(13712.8,6903.84),(10458,5238),(14062,6361.65),(10872,216),(10942.4,533.009),(13105,2964.21),(8118,2952),(9820.51,2686.02),(6282,2142),(7074,2718),(6309.15,2940.89),(8431.68,6639.17),(8118,5220),(8064,7146),(5580,6246),(1566,7650),(4194,5238),(1080,5202),(882.596,403.951),(306,1386),(1764.29,2569.02),(6593.79,612.132),(4832.62,323.376),(4986,1260),(3447.28,3756.15),(3132,2916)
时间207,(8513.41,4096.58),(7740,2340),(5616,4050),(14084.7,8041.64),(13385.7,6967.67),(10790.9,5255.52),(14261,6629.07),(11205.3,210.049),(10872,216),(13082,2631.67),(7812,2898),(10149.8,2634.04),(6164.96,1829.89),(6858,2664),(6516,2934),(8460,6642),(8451.14,5231.49),(7730.78,7137.23),(5248.5,6211.1),(1502.66,7322.74),(4525.57,5203.7),(1014.63,4875.14),(1215.89,398.926),(363.461,1714.35),(1710.58,2240.04),(6624,738),(4499.49,335.168),(5030.05,1590.41),(3780.57,3750.31),(3456,2988)
时间208,(8180.12,4101.87),(7726.68,2006.93),(5508,4068),(13751.4,8037.29),(13302,6984),(11123.8,5273.04),(14418,6840),(11538.6,204.097),(11205.3,210.049),(13068,2430),(7740,2628),(10188,2628),(6120,1710),(6696,2754),(6768,2952),(8477.52,6309.12),(8784.28,5242.98),(7397.56,7128.46),(5238,6210),(1458,7092),(4716,5184),(990,4752),(1549.19,393.902),(420.921,2042.69),(1674,2016),(6500.2,1047.49),(4166.36,346.961),(5058,1800),(4113.85,3744.46),(3474,3186)
时间209,(8046,4104),(7722,1890),(5292,4284),(13418.1,8032.93),(12970.5,7018.54),(11142,5274),(14084.7,6840),(11871.8,198.146),(11538.6,204.097),(13091,2762.54),(8073.34,2628),(9858.74,2679.99),(6453.23,1718.33),(6768,2952),(7087.28,2856.22),(8478,6300),(9117.41,5254.46),(7380,7128),(5238,5886),(1791.21,7082.74),(4384.43,5218.3),(1322.69,4772.79),(1882.49,388.877),(432,2106),(1341.54,2040.09),(6408,1278),(3833.24,358.753),(5184,1908),(4140,3744),(3168,3186)
时间210,(8379.29,4098.71),(7452,1908),(5004,4302),(13084.8,8028.57),(12638.9,7053.07),(11214.9,5599.27),(14040,6840),(11880,198),(11871.8,198.146),(13114,3095.08),(8082,2628),(9529.49,2731.98),(6786.46,1726.66),(7087.28,2856.22),(7128,2844),(8145.08,6283.35),(9162,5256),(7430.69,7457.46),(5094,5634),(2106,7074),(4194,5238),(1566,4788),(2215.79,383.852),(502.28,2431.84),(1009.07,2064.18),(6074.66,1278),(3798,360),(5508,1908),(4473.12,3755.9),(3132,2916)
时间211,(8712.59,4093.42),(7439.19,2241.09),(4673.46,4345.11),(12751.5,8024.22),(12307.4,7087.61),(11287.8,5924.53),(13855.9,6562.13),(11880,531.336),(11880,198),(13137,3427.62),(8118,2736),(9200.23,2783.96),(6840,1728),(7128,2844),(6801.67,2776.01),(8118,6282),(8828.86,5244.51),(7452,7596),(5238,5886),(2268,6858),(4050,5202),(1891.15,4714.58),(2549.09,378.828),(572.56,2757.69),(676.607,2088.27),(6066,1278),(3929.31,666.384),(5184,1908),(4644,3762),(3132,2772)
时间212,(9045.88,4088.13),(7434,2376),(4590,4356),(12418.2,8019.86),(11975.8,7122.14),(11360.7,6249.8),(13671.7,6284.27),(11880,702),(12213.2,186.895),(13160,3760.16),(8450.57,2713.45),(9162,2790),(6840,2061.34),(7432.61,2979.38),(6696,2754),(8100,6606),(8495.72,5233.02),(7783.41,7631.83),(5238,6210),(2487.5,6607.14),(4104,5004),(2124,4662),(2882.39,373.803),(630,3024),(432,2106),(5859.45,1016.37),(3960,738),(5058,1800),(4977.14,3773.49),(3456,2808)
时间213,(9180,4086),(7740,2340),(4338,4248),(12084.8,8015.5),(11644.3,7156.68),(11376,6318),(13487.6,6006.4),(11896.6,1034.92),(12546.3,175.79),(13183,4092.71),(8783.15,2690.91),(9166.63,3123.3),(6840,2322),(7452,2988),(6516,2718),(8077.83,6938.6),(8162.59,5221.54),(8114.81,7667.66),(5040,6264),(2707.01,6356.28),(4194,5238),(2093.82,4330.03),(3215.68,368.779),(708.986,3347.84),(502.28,2431.84),(5796,936),(4293.34,738),(5013.95,1469.59),(5166,3780),(3456,2502)
时间214,(9512.35,4060.43),(7726.68,2006.93),(4590,4356),(11751.5,8011.14),(11574,7164),(11042.7,6318),(13303.5,5728.53),(11913.3,1367.84),(12879.5,164.685),(13206,4425.25),(9115.72,2668.36),(9171.26,3456.61),(6857.52,2654.88),(7308,3186),(6282,2538),(8064,7146),(8118,5220),(8118,7668),(5032.91,6597.26),(2772,6282),(4050,5202),(2088,4266),(3548.98,363.754),(787.972,3671.69),(572.56,2757.69),(5832,738),(4626.67,738),(4986,1260),(5499.34,3780),(3122.66,2502)
时间215,(9844.71,4034.87),(7722,1890),(4635.55,4686.21),(11664,8010),(11609.3,7495.47),(10709.3,6318),(13119.4,5450.67),(11929.9,1700.76),(12960,162),(13229,4757.79),(9180,2664),(9175.89,3789.91),(6858,2664),(7158.93,3484.14),(6180.93,2220.36),(8098.3,7477.57),(8096.54,4887.36),(8118,7974),(5025.82,6930.52),(2441.7,6326.86),(3717.31,5222.79),(1754.66,4266),(3798,360),(810,3762),(630,3024),(5832,404.664),(4960.01,738),(4655.76,1305.33),(5580,3780),(3114,2502)
时间216,(9882,4032),(7452,1908),(4662,4878),(11330.7,8007.05),(11644.5,7826.93),(10376,6318),(13050,5346),(11946.6,2033.68),(12971.5,495.138),(13252,5090.33),(9198,2340),(9180,4086),(6570.43,2495.43),(7110,3582),(6156,2142),(8118,7668),(8082,4662),(7784.77,7965.67),(5022,7110),(2111.39,6371.71),(3474,5238),(1421.33,4266),(3464.7,365.025),(1143.05,3748.12),(961.477,2988.84),(5832,288),(5293.34,738),(4325.52,1350.65),(5246.66,3780),(3132,2772)
时间217,(9954,4230),(7452,1574.66),(4716,5184),(10997.4,8004.1),(11664,8010),(10242,6318),(12716.9,5333.43),(11952,2142),(12978,684),(13266,5292),(8864.73,2346.41),(9175.37,3752.7),(6336,2358),(6840,3726),(6030,1890),(7786.59,7632.17),(7748.66,4662),(7451.54,7957.34),(5355.34,7110),(1781.09,6416.57),(3577.2,5554.96),(1278,4266),(3131.4,370.049),(1242,3744),(1292.95,2953.69),(6165.34,288),(5626.68,738),(4068,1386),(5166,3780),(3456,2808)
时间218,(9882,4032),(7452,1368),(4932,5184),(10664,8001.15),(11330.7,8007.05),(9908.95,6304.12),(12383.8,5320.86),(12284.9,2125.63),(12644.7,689.464),(13243,4959.46),(8531.45,2352.82),(9170.74,3419.39),(6282,2142),(6520,3819.33),(5782.82,1666.36),(7455.19,7596.34),(7415.33,4662),(7398,7956),(5616,7110),(1450.78,6461.42),(3680.39,5871.92),(950.551,4328.37),(2798.11,375.074),(1571.65,3694.55),(1624.43,2918.53),(6498.67,288),(5832,738),(4013.2,1057.2),(5166,3446.66),(3456,2502)
时间219,(9549.65,4057.57),(7784.6,1345.83),(4914,5346),(10330.7,7998.2),(10997.4,8004.1),(9810,6300),(12050.7,5308.29),(12617.9,2109.25),(12311.4,694.928),(13220,4626.92),(8262,2358),(9166.11,3086.09),(6156,2142),(6408,3852),(5652,1548),(7452,7596),(7398,4662),(7447.45,7626.35),(5282.66,7110),(1314,6480),(3726,6012),(900,4338),(2464.81,380.098),(1901.3,3645.11),(1818,2898),(6516,288),(5498.66,738),(3960,738),(5166,3330),(3474,2250)
时间220,(9217.29,4083.13),(8117.2,1323.65),(4603.58,5467.47),(9997.39,7995.25),(10664,8001.15),(9476.8,6309.52),(11717.6,5295.72),(12950.8,2092.88),(11978.1,700.391),(13197,4294.38),(7928.86,2346.51),(9162,2790),(6012,2214),(6112.72,4006.67),(5616,1278),(7402.55,7925.65),(7064.66,4662),(7452,7596),(5022,7110),(1269.36,6149.67),(3622.8,5695.04),(970.81,4663.73),(2131.51,385.123),(1962,3636),(2151.3,2902.57),(6642,270),(5165.33,738),(3828.69,431.616),(4932,3348),(3294,2250)
时间221,(9180,4086),(8262,1314),(4500,5508),(9664.06,7992.3),(10330.7,7998.2),(9180,6318),(11384.5,5283.15),(13050,2088),(11880,702),(13174,3961.84),(7740,2340),(8836.6,2862.31),(5689.33,2297.65),(6030,4050),(5949.34,1278),(7398,7956),(6731.33,4662),(7783.41,7631.83),(4688.66,7110),(1224.72,5819.33),(3519.61,5378.08),(990,4752),(1798.21,390.148),(1898.16,3308.83),(2484.61,2907.13),(6725.65,592.668),(4831.99,738),(3798,360),(4644,3330),(3294,2070)
时间222,(9198,4392),(7929.4,1336.17),(4810.42,5386.53),(9630,7992),(9997.39,7995.25),(9174.35,5984.71),(11142,5274),(13032.9,1755.1),(11896.6,1034.92),(13151,3629.29),(8073.14,2351.49),(8511.2,2934.62),(5526,2340),(5994,4356),(6066,1278),(7064.66,7956),(6397.99,4662),(8114.81,7667.66),(4644,7110),(1224,5814),(3474,5238),(1055.37,5078.86),(1464.91,395.172),(1834.33,2981.67),(2817.91,2911.7),(6768,756),(4498.66,738),(4131.13,348.208),(4628.86,2997.01),(3096,2070)
时间223,(9530.6,4414.17),(7596.8,1358.35),(4914,5346),(9296.66,7992),(9664.06,7992.3),(9168.7,5651.42),(11214.9,5599.27),(13015.9,1422.2),(11913.3,1367.84),(13128,3296.75),(8262,2358),(8352,2970),(5536.41,2673.17),(5886,4554),(5732.66,1278),(6750,7956),(6390,4662),(8118,7668),(4310.66,7110),(1557.09,5826.81),(3140.95,5224.12),(1080,5202),(1131.61,400.197),(1818,2898),(3132,2916),(6684.35,433.332),(4165.32,738),(4464.25,336.416),(4626,2934),(3109.88,2403.05)
时间224,(9863.2,4436.35),(7452,1368),(4932,5184),(9162,7992),(9630,7992),(9163.05,5318.14),(11287.8,5924.53),(12998.8,1089.3),(11929.9,1700.76),(13105,2964.21),(8595.27,2351.59),(8118,2952),(5544,2916),(5994,4356),(5616,1278),(6416.83,7945.42),(6408,4860),(8083.7,7336.43),(3977.33,7110),(1692,5832),(3042,5220),(1156.35,5526.47),(798.317,405.221),(1764.29,2569.02),(2798.7,2911.43),(6642,270),(3960,738),(4797.38,324.624),(4959.05,2920.12),(3114,2502)
时间225,(10008,4446),(7118.83,1357.59),(5264.88,5201.52),(9144.48,7659.12),(9595.1,7660.5),(9162,5256),(11360.7,6249.8),(12981.7,756.406),(11946.6,2033.68),(13082,2631.67),(8928.55,2345.18),(8118,2736),(5876.18,2943.68),(6030,4050),(5652,1548),(6083.66,7934.85),(6741.28,4853.94),(8064,7146),(3643.99,7110),(2024,5861.8),(3042,5508),(1224,5814),(465.019,410.246),(1710.58,2240.04),(2465.39,2906.87),(6975.34,270),(4014.8,1066.8),(5130.51,312.832),(5058,2916),(3132,2772)
时间226,(9675.4,4423.83),(6876,1350),(5274,5202),(9144,7650),(9594,7650),(9494.88,5273.52),(11376,6318),(12978,684),(11952,2142),(13068,2430),(9198,2340),(8450.57,2713.45),(5976,2952),(6361.68,4083.17),(5899.18,1771.64),(5750.5,7924.27),(7074.56,4847.88),(8397.34,7146),(3510,7110),(2356,5891.59),(2710.65,5544.31),(1147.65,5489.53),(216,414),(1674,2016),(2132.09,2902.3),(7308.67,270),(4068,1386),(5463.64,301.039),(5364,2952),(3132,2916)
时间227,(9342.8,4401.65),(6894,1062),(5058,5454),(9477.34,7650),(9927.34,7650),(9827.75,5291.04),(11452,6642.57),(12644.7,689.464),(11618.8,2151.26),(13091,2762.54),(9198,2006.66),(8783.15,2690.91),(6309.15,2940.89),(6390,4086),(6030,1890),(5616,7920),(7398,4842),(8730.67,7146),(3574.34,6782.93),(2688.01,5921.39),(2379.3,5580.63),(1080,5202),(246.733,745.916),(1640.83,1684.32),(1818,2898),(7434,270),(4076.77,1719.22),(5796.76,289.247),(5058,2916),(3456,2988)
时间228,(9198,4392),(7225.57,1096.3),(5094,5634),(9594,7650),(10260.7,7650),(9846,5292),(11527.9,6967.13),(12311.4,694.928),(11304,2160),(13114,3095.08),(9198,1673.33),(9115.72,2668.36),(6516,2934),(6390,4419.34),(6156,2142),(5606.99,7586.79),(7398,4662),(9064.01,7146),(3638.68,6455.87),(3020.01,5951.18),(2047.94,5616.94),(1413.09,5189.19),(277.466,1077.83),(1638,1656),(1881.84,3225.17),(7100.66,270),(4085.54,2052.44),(5832,288),(5022,2736),(3787.5,2953.1)
时间229,(9162,4662),(7416,1116),(5058,5454),(9628.9,7981.5),(10332,7650),(9846,5625.34),(11574,7164),(11978.1,700.391),(11376,2448),(13137,3427.62),(9198,1494),(9180,2664),(6768,2952),(6390,4662),(6012,2214),(5598,7254),(7064.66,4662),(9162,7146),(3703.02,6128.8),(3096,5958),(1728,5652),(1548,5184),(306,1386),(1743.41,1339.77),(1945.67,3552.33),(6767.33,270),(4086,2070),(5832,621.336),(5004,2556),(3798,2952)
时间230,(9162,4995.34),(7416,782.664),(5274,5202),(9630,7992),(10306.4,7317.65),(9846,5958.67),(11240.7,7168.69),(11880,702),(11709.2,2458.1),(13160,3760.16),(9084.45,1180.6),(9198,2340),(6696,2754),(6390,4328.66),(5689.33,2297.65),(5931.09,7266.81),(6731.33,4662),(8828.66,7146),(3726,6012),(2860.3,6193.7),(1692,5832),(1881.21,5174.74),(363.461,1714.35),(1848.82,1023.54),(1962,3636),(6642,270),(4077.23,1736.78),(5832,738),(4673.46,2512.89),(3845.14,3281.99)
时间231,(9162,5256),(7416,720),(5606.88,5219.52),(9296.66,7992),(10296,7182),(9846,5976),(10907.4,7173.39),(11880,368.664),(11970,2466),(13183,4092.71),(8970.9,867.201),(9198,2006.66),(7022.33,2821.99),(6390,4086),(5526,2340),(6264.18,7279.62),(6397.99,4662),(8495.33,7146),(3979.09,5795.07),(2772,6282),(1728,5652),(2196,5166),(420.921,2042.69),(1854,1008),(1632.35,3685.45),(6516,288),(4068.46,1403.56),(5796,936),(4590,2502),(3852,3330)
时间232,(9162,4922.66),(7429.32,386.93),(5616,5220),(9162,7992),(9962.83,7171.42),(9810,6300),(10574.1,7178.08),(11880,198),(12303.2,2455.08),(13206,4425.25),(8857.35,553.802),(9198,1673.33),(7128,2844),(6408,3852),(5512.12,2006.95),(6534,7290),(6390,4662),(8161.99,7146),(4104,5688),(2552.5,6532.86),(2059.35,5615.69),(2160,4950),(432,2106),(2158.61,872.619),(1302.7,3734.89),(6593.79,612.132),(4068,1386),(6002.55,1197.63),(4608,2736),(3518.66,3330)
时间233,(9162,4662),(7434,270),(5632.65,4887.08),(9144.48,7659.12),(9629.66,7160.85),(9476.8,6309.52),(10296,7182),(12213.2,186.895),(12636.3,2444.15),(13229,4757.79),(8748,252),(9198,1494),(7114.12,3177.05),(6642,3852),(5508,1908),(6480,7128),(6408,4860),(8064,7146),(4407.46,5550.06),(2332.99,6783.72),(2390.7,5579.37),(2124,4662),(764.464,2081.91),(2178,864),(1242,3744),(6624,738),(4398.24,1340.67),(6066,1278),(4626,2934),(3438,3330)
时间234,(8828.66,4662),(7420.68,603.07),(5634,4860),(9144,7650),(9296.5,7150.27),(9180,6318),(10275.2,6849.31),(12546.3,175.79),(12969.5,2433.23),(13252,5090.33),(8415.57,276.624),(9084.45,1180.6),(7110,3276),(6975.34,3852),(5521.88,2241.05),(6750,7146),(6374.83,5191.68),(7730.78,7137.23),(4500,5508),(2268,6858),(2722.06,5543.06),(1798.85,4735.42),(1096.93,2057.82),(2510.51,840.489),(908.953,3757.88),(6500.2,1047.49),(4728.48,1295.35),(6399.34,1278),(4518,2934),(3474,3186)
时间235,(8495.33,4662),(7416,720),(5845.9,4602.69),(9155.9,7316.88),(9162,7146),(9172.76,6651.26),(10254.4,6516.63),(12879.5,164.685),(13068,2430),(13266,5292),(8262,288),(8970.9,867.201),(6874.3,3511.7),(7020,3852),(5526,2340),(6750,7479.34),(6372,5220),(7397.56,7128.46),(4196.54,5645.94),(1938.15,6906.1),(3042,5508),(1566,4788),(1429.39,2033.73),(2843.01,816.979),(810,3762),(6408,1278),(4986,1260),(6408,1278),(4184.98,2919.52),(3456,2988)
时间236,(8161.99,4662),(7083.18,738.49),(5886,4554),(9162,7146),(9495.17,7156.58),(9165.51,6984.51),(10242,6318),(12960,162),(13050.5,2097.12),(13243,4959.46),(7928.74,280.755),(8857.35,553.802),(6840,3546),(7352.18,3879.68),(5536.41,2673.17),(6750,7812.67),(6038.66,5220),(7380,7128),(4104,5688),(1608.31,6954.21),(3042,5220),(1550.86,5120.99),(1674,2016),(3175.52,793.468),(731.014,3438.16),(6074.66,1278),(5030.05,1590.41),(6531.8,968.505),(4104,2916),(3787.5,2953.1)
时间237,(8082,4662),(6768,756),(5674.1,4811.31),(9169.24,6812.74),(9828.34,7167.15),(9162,7146),(10242,5984.66),(12971.5,495.138),(13050,2088),(13220,4626.92),(7595.49,273.511),(8748,252),(7110,3582),(7452,3888),(5544,2916),(6750,7956),(5705.33,5220),(7046.8,7137.52),(4067.19,5356.7),(1404,6984),(2709.18,5201.51),(1548,5184),(1640.83,1684.32),(3508.02,769.958),(652.028,3114.31),(6066,1278),(5058,1800),(6624,738),(4140,3132),(3798,2952)
时间238,(8415.34,4662),(6687.15,1079.38),(5634,4860),(9176.49,6479.49),(10161.5,7177.73),(9150.1,7479.12),(10242,5922),(12978,684),(13032.9,1755.1),(13197,4294.38),(7434,270),(8415.57,276.624),(7259.07,3283.86),(7416,4104),(5364,2952),(6416.83,7945.42),(5616,5220),(6750,7146),(4050,5202),(1345.4,6655.85),(2394,5184),(1881.21,5174.74),(1638,1656),(3840.53,746.447),(630,3024),(5859.45,1016.37),(5184,1908),(6546.21,413.868),(4104,3348),(4104,2916)
时间239,(8748.67,4662),(6624,1332),(5562,4608),(9180,6318),(10296,7182),(9144,7650),(9911.72,5967.04),(12644.7,689.464),(13015.9,1422.2),(13174,3961.84),(7767.26,277.245),(8262,288),(7308,3186),(7085.24,4062.65),(5535.5,3237.83),(6083.66,7934.85),(5604.31,5553.13),(6743.06,6812.74),(4086.81,5533.3),(1314,6480),(2196,5166),(2196,5166),(1743.41,1339.77),(3960,738),(961.477,2988.84),(5796,936),(5508,1908),(6516,288),(3852,3330),(4104,2808)
时间240,(9082.01,4662),(6876,1350),(5279.33,4784.67),(9174.35,5984.71),(10275.2,6849.31),(9477.34,7650),(9846,5976),(12311.4,694.928),(12998.8,1089.3),(13151,3629.29),(8100.51,284.489),(8262,621.336),(7452,2988),(6984,4050),(5580,3312),(5750.5,7924.27),(5592.62,5886.26),(6736.11,6479.47),(4104,5688),(1644.3,6435.14),(2160,4950),(2394,5184),(1848.82,1023.54),(3627.49,761.511),(1292.95,2953.69),(5832,738),(5184,1908),(6642,270),(3804.86,3000.01),(4104,2484)
End
