competition,year,topic,name,pages,size,converted,path,sha256
MathorCup,2012,综合,Problem_B（Word转PDF）.pdf,1,14476,True,6-1优秀论文库/MathorCup/2012/综合/Problem_B（Word转PDF）.pdf,615c1b4fb61556e38686efc6aa75a55d55e3dde4b2425efff2a7739a4b459bae
MathorCup,2012,A题,A题最佳飞行队列（Word转PDF）.pdf,1,70382,True,6-1优秀论文库/MathorCup/2012/A题/A题最佳飞行队列（Word转PDF）.pdf,3444c4574c8b4c09cc8a900fdaf94fab6255d371fef18b128ba69c2cdc8a4fde
MathorCup,2012,综合,Commitment（Word转PDF）.pdf,1,83137,True,6-1优秀论文库/MathorCup/2012/综合/Commitment（Word转PDF）.pdf,1c4d7870a6ad0c8ce50506969b1efd31f607863c029cce6bc876524f889a35b7
MathorCup,2012,综合,Formate（Word转PDF）.pdf,1,62726,True,6-1优秀论文库/MathorCup/2013/综合/Formate（Word转PDF）.pdf,fbac0deb45874fde5a50598649ba61970fac6b789ea7b150b4f54ee6c69db779
MathorCup,2012,B题,B题公司业务数据分析（Word转PDF）.pdf,1,75723,True,6-1优秀论文库/MathorCup/2012/B题/B题公司业务数据分析（Word转PDF）.pdf,a5982c9d22a4316905f18d1091813d3f7da7a1f12e22ddf01f73f7129e601949
MathorCup,2012,综合,论文格式（Word转PDF）.pdf,1,158981,True,6-1优秀论文库/MathorCup/2013/A题/论文格式（Word转PDF）.pdf,5bfecf372c6557e97208ab39d0ed0a3008c86adb3717d95b66de01c30d9b19af
MathorCup,2012,综合,Problem_C（Word转PDF）.pdf,1,10792,True,6-1优秀论文库/MathorCup/2012/综合/Problem_C（Word转PDF）.pdf,67080fd078b6184bf291af56e7558c8d3f72493e1860b888fd48915054465614
MathorCup,2012,综合,2012Mathorcup竞赛通知（Word转PDF）.pdf,2,132000,True,6-1优秀论文库/MathorCup/2012/综合/2012Mathorcup竞赛通知（Word转PDF）.pdf,f9267f7155d441dc88796b87b8dbca4c92ec54f0e17a283b629bf6442e192161
MathorCup,2012,综合,1061 c（Word转PDF）.pdf,41,1224431,True,6-1优秀论文库/MathorCup/2012/综合/1061 c（Word转PDF）.pdf,188ba75c393aa7f674009ec129654a63502e18352bc0e1b37f6ec257c1ffaa63
MathorCup,2012,综合,1010c.pdf,25,846805,False,6-1优秀论文库/MathorCup/2012/综合/1010c.pdf,743e8e828adf42142f25a8944acb552e68b59be49db744db1fb656e7a42a2c7e
MathorCup,2012,综合,承诺书（Word转PDF）.pdf,1,75882,True,6-1优秀论文库/MathorCup/2012/综合/承诺书（Word转PDF）.pdf,ae545ac34af479097e18f0ddab60a80754542ccb43d52e788c24356c12783a6c
MathorCup,2012,综合,Problem_A（Word转PDF）.pdf,1,11962,True,6-1优秀论文库/MathorCup/2012/综合/Problem_A（Word转PDF）.pdf,4da11f0805dd63cd100a0882a007f7ce3c1519fc673ff78cca03c9f3853f04ce
MathorCup,2012,C题,C题（Word转PDF）.pdf,1,68620,True,6-1优秀论文库/MathorCup/2012/C题/C题（Word转PDF）.pdf,df90a4d83729b659e062da76d26e9c26ed2aee1c7019d51a3b412c9f7f118fa0
MathorCup,2012,综合,1049论文（Word转PDF）.pdf,21,745129,True,6-1优秀论文库/MathorCup/2012/综合/1049论文（Word转PDF）.pdf,69c902f5c2713e082b6d73d195391eea06b2a1ef3941881281254ca0c3df7a4e
MathorCup,2012,综合,1081c（Word转PDF）.pdf,18,833051,True,6-1优秀论文库/MathorCup/2012/综合/1081c（Word转PDF）.pdf,1b6871554e02d33aa4cc54511d0db93a6d8262f3457138b3b860e853d5989a76
MathorCup,2012,综合,Paper（Word转PDF）.pdf,2,41646,True,6-1优秀论文库/MathorCup/第一届（年份待核实）/综合/Paper（Word转PDF）.pdf,51f6371ceed99e8d453179e51f4c0feb3a9b8fba508930e1b24b9543613d3d95
MathorCup,2012,综合,2012mgmmc（Word转PDF）.pdf,3,136095,True,6-1优秀论文库/MathorCup/2012/综合/2012mgmmc（Word转PDF）.pdf,6a21f7cb8d8cd7db275a8a2c747908e8d7f2b22cce594c1532f815fadb490651
MathorCup,2012,综合,论文（Word转PDF）.pdf,2,68511,True,6-1优秀论文库/MathorCup/第一届（年份待核实）/综合/论文（Word转PDF）.pdf,625b50639060f4a35771e61960f70f513394e534f0a2b437d47723055b92c3c2
MathorCup,2013,A题,A题中文题目（Word转PDF）.pdf,2,177029,True,6-1优秀论文库/MathorCup/2013/A题/A题中文题目（Word转PDF）.pdf,31dc8d877fabd3187da9775e575826c2f343ab365661ee0547dc34b2a7d9daf3
MathorCup,2013,C题,承诺书（Word转PDF）.pdf,1,75866,True,6-1优秀论文库/MathorCup/2013/A题/承诺书（Word转PDF）.pdf,1802b5027c81c6b43c12772d68ec327e674a58d9f6b9d5c96428ef5cec2e66b7
MathorCup,2013,C题,2013Mathorcup竞赛通知（Word转PDF）.pdf,2,131081,True,6-1优秀论文库/MathorCup/2013/A题/2013Mathorcup竞赛通知（Word转PDF）.pdf,9918f0d06e04e0f5d7cc569ffe666c92e8833a42a71d1c46fc6130995e8d4ea1
MathorCup,2013,综合,Formate（Word转PDF）.pdf,1,62726,True,6-1优秀论文库/MathorCup/2013/综合/Formate（Word转PDF）.pdf,fbac0deb45874fde5a50598649ba61970fac6b789ea7b150b4f54ee6c69db779
MathorCup,2013,综合,2013MathorCupNotice（Word转PDF）.pdf,3,113634,True,6-1优秀论文库/MathorCup/2013/综合/2013MathorCupNotice（Word转PDF）.pdf,b8e550f9257595323be3fede2e6792bd882758c67c99b5652f5898b6f2729545
MathorCup,2013,C题,论文格式（Word转PDF）.pdf,1,158981,True,6-1优秀论文库/MathorCup/2013/A题/论文格式（Word转PDF）.pdf,5bfecf372c6557e97208ab39d0ed0a3008c86adb3717d95b66de01c30d9b19af
MathorCup,2013,C题,C题中文题目（Word转PDF）.pdf,1,162718,True,6-1优秀论文库/MathorCup/2013/C题/C题中文题目（Word转PDF）.pdf,e3fc058e5ef1ecaf94402eeb347bb37246cea3c81b5a59414e227789432e2fb1
MathorCup,2013,综合,ProblemB（Word转PDF）.pdf,1,182103,True,6-1优秀论文库/MathorCup/2013/综合/ProblemB（Word转PDF）.pdf,ce1a4d4f4e701babd9523c06003ba34e6ce21d1dcb10526ae10425f3abca3a4a
MathorCup,2013,综合,ProblemA（Word转PDF）.pdf,2,197535,True,6-1优秀论文库/MathorCup/2013/综合/ProblemA（Word转PDF）.pdf,bae65e64be222e260f61ee4ffcac12839e34ee3bee5ce77e0ecf3791d6f232c8
MathorCup,2013,B题,B题中文题目（Word转PDF）.pdf,1,150651,True,6-1优秀论文库/MathorCup/2013/B题/B题中文题目（Word转PDF）.pdf,c4affbd626333e41c250245681955f6a6f1c8c87b2aef3e3f82b95da085b97fc
MathorCup,2013,综合,Commitment（Word转PDF）.pdf,1,84270,True,6-1优秀论文库/MathorCup/2013/综合/Commitment（Word转PDF）.pdf,eaba47345b7dfa8b1b3d123cef59013e2ffbab363ee6a2cbb806c91c31d1a89f
MathorCup,2013,综合,Paper（Word转PDF）.pdf,2,41646,True,6-1优秀论文库/MathorCup/第一届（年份待核实）/综合/Paper（Word转PDF）.pdf,51f6371ceed99e8d453179e51f4c0feb3a9b8fba508930e1b24b9543613d3d95
MathorCup,2013,综合,ProblemC（Word转PDF）.pdf,1,179894,True,6-1优秀论文库/MathorCup/2013/综合/ProblemC（Word转PDF）.pdf,df1f4b21da393cfccb532fd47dfbb9f28a0c1b2e7a3b7f2b0bc49f2ccf82f671
MathorCup,2013,C题,论文（Word转PDF）.pdf,2,68511,True,6-1优秀论文库/MathorCup/第一届（年份待核实）/综合/论文（Word转PDF）.pdf,625b50639060f4a35771e61960f70f513394e534f0a2b437d47723055b92c3c2
MathorCup,2014,综合,2014MathorCupNotice（Word转PDF）.pdf,3,110788,True,6-1优秀论文库/MathorCup/2014/综合/2014MathorCupNotice（Word转PDF）-757e6d7f.pdf,757e6d7f713bb186da673d3bf7789db65dfdfa2f20ebad2a6328712388d0a7c9
MathorCup,2014,B题,2014MathorCup竞赛通知（Word转PDF）.pdf,2,132913,True,6-1优秀论文库/MathorCup/2014/B题/2014MathorCup竞赛通知（Word转PDF）.pdf,9b55fc871a68666e1c10ebb36a4874aa0afbc360240d125ba5718c9980a06f13
MathorCup,2014,C题,2014MathorCup竞赛通知（Word转PDF）.pdf,2,132913,True,6-1优秀论文库/MathorCup/2014/C题/2014MathorCup竞赛通知（Word转PDF）.pdf,dcd3091a3eddd7d5567213245ab8983f778fe245fd120d645052d4c0c50a549c
MathorCup,2014,综合,2014MathorCupNotice（Word转PDF）.pdf,3,110788,True,6-1优秀论文库/MathorCup/2014/综合/2014MathorCupNotice（Word转PDF）.pdf,4326863a425337f7968d85742638a30f81f3706540ce487199a999cc9b7ac5ab
MathorCup,2014,综合,2014MathorCupNotice（Word转PDF）.pdf,3,110788,True,6-1优秀论文库/MathorCup/2014/综合/2014MathorCupNotice（Word转PDF）-504653ae.pdf,504653ae5d95e2040482c131968e10666738ba53c68f928933687f7874151690
MathorCup,2014,A题,2014MathorCup竞赛通知（Word转PDF）.pdf,2,132913,True,6-1优秀论文库/MathorCup/2014/A题/2014MathorCup竞赛通知（Word转PDF）.pdf,d8c48db05d931f0f94fc4321e6d60e73f190c014558f635a33e3a401adb723c7
MathorCup,2018,综合,D6086.pdf,29,925112,False,6-1优秀论文库/MathorCup/2018/综合/D6086.pdf,948dbbd58c6b96b971b86849029ab56ccde5b72e58872150e303244114e41da7
MathorCup,2018,综合,D7519.pdf,32,1155792,False,6-1优秀论文库/MathorCup/2018/综合/D7519.pdf,07251b81f3c3a8cd84d19f10f92fbfef35c60993b2bf25349498426effca7276
MathorCup,2018,综合,A6016.pdf,18,618632,False,6-1优秀论文库/MathorCup/2018/综合/A6016.pdf,eaa0a81fe4a8e06384b7dbcdcfa7402023051ed0b932cb3007830000cc834661
MathorCup,2018,综合,C3289-特等奖答辩PPT.pdf,31,1150880,False,6-1优秀论文库/MathorCup/2018/综合/C3289-特等奖答辩PPT.pdf,200656b55ff0f074f74989ae114c02e609453ebb6070c3a81ac3f0fb1febd4ae
MathorCup,2018,综合,B3617-特等奖答辩ppt.pdf,45,2862859,False,6-1优秀论文库/MathorCup/2018/综合/B3617-特等奖答辩ppt.pdf,3e9e9b3d7ae1b9efb9fce6c37b64bab91b3c398819c36dbba155ccb29b9eb616
MathorCup,2018,综合,D6086-特等奖答辩PPT.pdf,25,1733237,False,6-1优秀论文库/MathorCup/2018/综合/D6086-特等奖答辩PPT.pdf,4aaf2f997e39e6be2fab9205ac295a861bcd59e637abe90e073b3bd8a6cbd6ce
MathorCup,2018,综合,C3289.pdf,24,526884,False,6-1优秀论文库/MathorCup/2018/综合/C3289.pdf,65e3697bb5fa17f2232bfdd87c0c2b5ea753732a0e79fa4981a1c1ef9bf2bd8d
MathorCup,2018,综合,B3617.pdf,27,1192703,False,6-1优秀论文库/MathorCup/2018/综合/B3617.pdf,f694227be695379f94817434cccb9534d5a647c974bb4da683bbb4b3348bfd71
MathorCup,2018,综合,A6016答辩ppt.pdf,17,807903,False,6-1优秀论文库/MathorCup/2018/综合/A6016答辩ppt.pdf,b50eb5a59ec6ea7facd080754258c57f80935f7c0a985080d2a7a467ee93aa25
MathorCup,2018,综合,C4028.pdf,22,1108198,False,6-1优秀论文库/MathorCup/2018/综合/C4028.pdf,2b6b0c97d9ab4a02c4e90c2fcb775bb83277f631481393b8e8dfa84f528d66fa
MathorCup,2018,C题,C题4028-特等奖答辩ppt.pdf,75,4998748,False,6-1优秀论文库/MathorCup/2018/C题/C题4028-特等奖答辩ppt.pdf,f892f529cc3ad9cb0dcb4e325f675e2b1f35a7e9ae7901afd785bcd20ab7c603
MathorCup,2019,D题,D903462.pdf,33,1587938,False,6-1优秀论文库/MathorCup/2019/D题/D903462.pdf,42272a04b93eb030b7ec9203830d6d0e8a17e736b42cf3c2b19a98cdd1e3872d
MathorCup,2019,A题,A900494.pdf,90,3428285,False,6-1优秀论文库/MathorCup/2019/A题/A900494.pdf,55b40ccaa1d7dc9fd29c89b7c9594f9eed9d9a842cf7c84cd59211dee12976dc
MathorCup,2019,B题,B901138-PPT.pdf,28,2443531,False,6-1优秀论文库/MathorCup/2019/B题/B901138-PPT.pdf,1bb97bfdd9e2745f37f5600892836ce129b823127688daa47415dbb227b3c550
MathorCup,2019,D题,D904604.pdf,42,997737,False,6-1优秀论文库/MathorCup/2019/D题/D904604.pdf,d564aa8725db5193120eb4d46680b34ca680dddc84c7cb5433180e9da614c5c8
MathorCup,2019,B题,B901138.pdf,63,2480065,False,6-1优秀论文库/MathorCup/2019/B题/B901138.pdf,253c4c680721bc42d01dfee3f9089a11a211894af218e8383a89056e57b06619
MathorCup,2019,A题,A900494-PPT.pdf,46,4234089,False,6-1优秀论文库/MathorCup/2019/A题/A900494-PPT.pdf,b509879ee8cdd65cb6caaea2e804b5f9f4bac69feeea37a8e72e05a671f21175
MathorCup,2019,D题,D904604-PPT.pdf,36,1979031,False,6-1优秀论文库/MathorCup/2019/D题/D904604-PPT.pdf,66bc07ebabe6f85068068f7ae6cf8be740682d08daf8e359d2ac72865862e550
MathorCup,2019,D题,D903462-PPT.pdf,25,12093592,False,6-1优秀论文库/MathorCup/2019/D题/D903462-PPT.pdf,835444a80aa1fc188ecd12a3e85b2635cf041326e43e449d1b6dca2b7b7598f1
MathorCup,第一届（年份待核实）,综合,A（Word转PDF）.pdf,1,84844,True,6-1优秀论文库/MathorCup/第一届（年份待核实）/综合/A（Word转PDF）.pdf,78b78415a24fcac871afbd74e18c590a9e04d5d9229250cf50eba83cd8ef5a43
MathorCup,第一届（年份待核实）,综合,Formate（Word转PDF）.pdf,1,62164,True,6-1优秀论文库/MathorCup/第一届（年份待核实）/综合/Formate（Word转PDF）.pdf,8bb8dab0f587ce5cd3da7b03e8ffe2cb6a3d202e62763c1b81b2c274de9fc043
MathorCup,第一届（年份待核实）,综合,承诺书（Word转PDF）.pdf,1,73726,True,6-1优秀论文库/MathorCup/第一届（年份待核实）/综合/承诺书（Word转PDF）.pdf,d1cb64415b3e9972d763ae1fc7a2b03941e29f1c2e6a3ac31a8bcdb179e9fffe
MathorCup,第一届（年份待核实）,综合,论文格式（Word转PDF）.pdf,1,161778,True,6-1优秀论文库/MathorCup/第一届（年份待核实）/综合/论文格式（Word转PDF）.pdf,03277540c24ef924ba88114fee81566070a84d047ed56a94c915b91cfd867401
MathorCup,第一届（年份待核实）,B题,B（Word转PDF）.pdf,1,118678,True,6-1优秀论文库/MathorCup/第一届（年份待核实）/B题/B（Word转PDF）.pdf,987b43f8808a50a65f6466c40aa1d4707594552d9f8eb6dd803f402c5dd0cba9
MathorCup,第一届（年份待核实）,综合,Commitment（Word转PDF）.pdf,1,82091,True,6-1优秀论文库/MathorCup/第一届（年份待核实）/综合/Commitment（Word转PDF）.pdf,784c85aed453c3f3fa64402ca5de499afba11064c8813e06a3ff149c2d3fa06e
MathorCup,第一届（年份待核实）,综合,C（Word转PDF）.pdf,1,143088,True,6-1优秀论文库/MathorCup/第一届（年份待核实）/综合/C（Word转PDF）.pdf,491274ad56283514d2bd20525ce81c75a95edb0c4461c2cad1ba110450b1a192
MathorCup,第一届（年份待核实）,综合,Paper（Word转PDF）.pdf,2,41646,True,6-1优秀论文库/MathorCup/第一届（年份待核实）/综合/Paper（Word转PDF）.pdf,51f6371ceed99e8d453179e51f4c0feb3a9b8fba508930e1b24b9543613d3d95
MathorCup,第一届（年份待核实）,综合,论文（Word转PDF）.pdf,2,68511,True,6-1优秀论文库/MathorCup/第一届（年份待核实）/综合/论文（Word转PDF）.pdf,625b50639060f4a35771e61960f70f513394e534f0a2b437d47723055b92c3c2
MathorCup,第三届（年份待核实）,A题,1149中文版（Word转PDF）.pdf,25,1162270,True,6-1优秀论文库/MathorCup/第三届（年份待核实）/A题/1149中文版（Word转PDF）.pdf,4879517b9b98a01233a3e8c87a5cabe7094bb4c952d453735fb71b6029c157e6
MathorCup,第三届（年份待核实）,A题,1206c.pdf,20,366399,False,6-1优秀论文库/MathorCup/第三届（年份待核实）/A题/1206c.pdf,0f692475d6e615f2b54f9997c1802e72501b54c07464b504a761c74717bbe156
MathorCup,第三届（年份待核实）,A题,1242c（Word转PDF）.pdf,26,790126,True,6-1优秀论文库/MathorCup/第三届（年份待核实）/A题/1242c（Word转PDF）.pdf,7d0798485320f619a6f80bb773363452ddb47381247de9d7cf5007bd9a502ed2
MathorCup,第三届（年份待核实）,A题,1259 c.pdf,23,752350,False,6-1优秀论文库/MathorCup/第三届（年份待核实）/A题/1259 c.pdf,35a1e90c6005d1c0e3f376ec4ab471d2d323fab96b2ba0fc4c949c408906e7c7
MathorCup,第三届（年份待核实）,C题,1209c.pdf,26,1704308,False,6-1优秀论文库/MathorCup/第三届（年份待核实）/C题/1209c.pdf,e2f98ccc1b77e2c72a9f02205f4207e4bcdf62172665683901c95e4435b6abdf
MathorCup,第三届（年份待核实）,B题,1132c（Word转PDF）.pdf,51,1558108,True,6-1优秀论文库/MathorCup/第三届（年份待核实）/B题/1132c（Word转PDF）.pdf,f999ce0930c4cc69c6ec050b2a602ad2203c1c3eb7703951f36c63383f0510d1
MathorCup,第三届（年份待核实）,C题,1190c.pdf,51,3255028,False,6-1优秀论文库/MathorCup/第三届（年份待核实）/C题/1190c.pdf,53aee1a50e1349fd77434c4ff8838faebf11f7e35a9ca2e5b246a0be2b544690
MathorCup,第三届（年份待核实）,B题,1253c.pdf,34,473712,False,6-1优秀论文库/MathorCup/第三届（年份待核实）/B题/1253c.pdf,14ae19bcf5fcbf4839435c605549b6101fb6c86d4e9c72287d6d99e66d1d8994
MathorCup,第三届（年份待核实）,B题,1138c.pdf,53,1161019,False,6-1优秀论文库/MathorCup/第三届（年份待核实）/B题/1138c.pdf,c413dfb1595a1be3cf4605d8ef2003841f016f1f618b5b860b5f67c2d27760eb
MathorCup,第五届（年份待核实）,A题,一等奖A题_中国石油大学（北京）_文豪_徐建平.pdf,44,1337077,False,6-1优秀论文库/MathorCup/第五届（年份待核实）/A题/一等奖A题_中国石油大学（北京）_文豪_徐建平.pdf,e9c518afb3e49998c299c28d3aa1da13274999241e7455e704d5509728e5fbe8
MathorCup,第五届（年份待核实）,综合,1431651550694897.pdf,1,97206,False,6-1优秀论文库/MathorCup/第五届（年份待核实）/综合/1431651550694897.pdf,22436a02e2d128d2e0dcbf7ea38eed2b5bcb10ba11deb049b441d0137a665368
MathorCup,第五届（年份待核实）,综合,1431651551376783.pdf,3,280313,False,6-1优秀论文库/MathorCup/第五届（年份待核实）/综合/1431651551376783.pdf,257d44dcef260aaf7eb29b3d0397f3d589ed787d3611528230e98c9cc4a03464
MathorCup,第五届（年份待核实）,A题,一等奖A题_安徽财经大学_李东玲_杜文好_张杰.pdf,30,824993,False,6-1优秀论文库/MathorCup/第五届（年份待核实）/A题/一等奖A题_安徽财经大学_李东玲_杜文好_张杰.pdf,a596a9ac3269cdc249699e20f65ddb29dae6500836e7d33e36f548f647a4f26d
MathorCup,第五届（年份待核实）,A题,特等奖A题_南昌大学_顾秀秀_高军_刘文锋.pdf,52,1594383,False,6-1优秀论文库/MathorCup/第五届（年份待核实）/A题/特等奖A题_南昌大学_顾秀秀_高军_刘文锋.pdf,54791471a2d222de0012d546f5e8cf03f69fe4f6b6307c87b3c20f6cd5c0f39d
MathorCup,第五届（年份待核实）,C题,一等奖C题_西北工业大学_肖茂超_杨晓建_闫辰毓.pdf,24,1307192,False,6-1优秀论文库/MathorCup/第五届（年份待核实）/C题/一等奖C题_西北工业大学_肖茂超_杨晓建_闫辰毓.pdf,aa69f7c3004f33be8c7ccbc27e143451b60c3898615e47ee429f7833d101afbc
MathorCup,第五届（年份待核实）,D题,一等奖D题_山东科技大学_李倩_孔令波_李晓杭.pdf,53,1816125,False,6-1优秀论文库/MathorCup/第五届（年份待核实）/D题/一等奖D题_山东科技大学_李倩_孔令波_李晓杭.pdf,4e194ab29d09204d143ce56885dc09981af17a3f1673a01045ce76d1e5fecadf
MathorCup,第五届（年份待核实）,综合,1431651550203430.pdf,1,61087,False,6-1优秀论文库/MathorCup/第五届（年份待核实）/综合/1431651550203430.pdf,afd51e78edf220b3307ca5dd52f3fc0b123b30e58c0f2d919a826fd2686e3c92
MathorCup,第五届（年份待核实）,D题,特等奖D题_中国矿业大学（北京）_蒋书棋_李晨光_王畅.pdf,23,1204064,False,6-1优秀论文库/MathorCup/第五届（年份待核实）/D题/特等奖D题_中国矿业大学（北京）_蒋书棋_李晨光_王畅.pdf,5a53c5125102dd60786bdcd6cee917cbc2a802ff29e055969538a571d84afa3d
MathorCup,第五届（年份待核实）,A题,一等奖A题_山东理工大学_刘继国_宋向宇_苏利娟.pdf,43,1971249,False,6-1优秀论文库/MathorCup/第五届（年份待核实）/A题/一等奖A题_山东理工大学_刘继国_宋向宇_苏利娟.pdf,42eca0f7c373df29b29431ffd46297cd855fb48b27518c85a795412863292ca4
MathorCup,第五届（年份待核实）,C题,一等奖C题_东北石油大学_狄喜凤_支树宝_任泽彬.pdf,44,580321,False,6-1优秀论文库/MathorCup/第五届（年份待核实）/C题/一等奖C题_东北石油大学_狄喜凤_支树宝_任泽彬.pdf,d32ad68e6508f7fe08b55e306b09019219f8aed9e0cc1ca1b8bfffc74a2e2061
MathorCup,第五届（年份待核实）,综合,1431651551565282.pdf,2,250910,False,6-1优秀论文库/MathorCup/第五届（年份待核实）/综合/1431651551565282.pdf,3115de5f6afc2e3c8b5c3db29de34780e4bb477e03d467e965aa98a251d342e6
MathorCup,第五届（年份待核实）,D题,一等奖D题_武汉大学_王桐_蔡家骏_李默颖.pdf,35,1434847,False,6-1优秀论文库/MathorCup/第五届（年份待核实）/D题/一等奖D题_武汉大学_王桐_蔡家骏_李默颖.pdf,73b72d9a6c8b662691d26511356fd84f9bd8701eff98491aa55ae7193aaf906b
MathorCup,第五届（年份待核实）,A题,一等奖A题_山东理工大学_胡展_尹金风_曹婷婷.pdf,27,502640,False,6-1优秀论文库/MathorCup/第五届（年份待核实）/A题/一等奖A题_山东理工大学_胡展_尹金风_曹婷婷.pdf,ea33c96096c60ca4710f3c6cffa181c6b72190485827e35c021c298911fdb081
MathorCup,第五届（年份待核实）,B题,一等奖B题_山东农业大学_张东航_朱思程_杜明慧.pdf,28,943373,False,6-1优秀论文库/MathorCup/第五届（年份待核实）/B题/一等奖B题_山东农业大学_张东航_朱思程_杜明慧.pdf,e6b7dd3c4fb49510aadc525e479009b1bf2a3753aaaa599418fa91874fb3b7a7
MathorCup,第六届（年份待核实）,A题,华中农大特等奖.pdf,38,2111033,False,6-1优秀论文库/MathorCup/第六届（年份待核实）/A题/华中农大特等奖.pdf,9e115d3749f55054ff4aebc90430a43b10e7634147fed84b615d354277420d67
MathorCup,第六届（年份待核实）,B题,第六届MathorCup大学生数学建模挑战赛论文格式规范（Word转PDF）.pdf,1,152170,True,6-1优秀论文库/MathorCup/第六届（年份待核实）/A题/第六届MathorCup大学生数学建模挑战赛论文格式规范（Word转PDF）.pdf,4612c43c3af698560a2fb8565fe27e2113a05965f11eeabbd72e8e5f481436f9
MathorCup,第六届（年份待核实）,B题,江西师范大学二等奖B.pdf,18,1302273,False,6-1优秀论文库/MathorCup/第六届（年份待核实）/B题/江西师范大学二等奖B.pdf,07f69dc7afaf602342ab9932a60e07251e1da5416cce7b5e7dccef16464239f1
MathorCup,第六届（年份待核实）,A题,常州大学一等奖.pdf,37,1222622,False,6-1优秀论文库/MathorCup/第六届（年份待核实）/A题/常州大学一等奖.pdf,91ec8340387d03fe27c0a32a675b50d514f916a2208aa4bc70e28ef576d47fa8
MathorCup,第六届（年份待核实）,A题,华北电力大学一等奖.pdf,25,1389701,False,6-1优秀论文库/MathorCup/第六届（年份待核实）/A题/华北电力大学一等奖.pdf,ea6ff4bf783fa6eb0191f51f4a1eb4bebbec80be85a13ebff95a32c66e959ef0
MathorCup,第六届（年份待核实）,B题,西南交通大学一等奖B.pdf,29,1037698,False,6-1优秀论文库/MathorCup/第六届（年份待核实）/B题/西南交通大学一等奖B.pdf,4c647ba897d1a56e938c72f101abda827d567dabe01d2723772265d5db8fb9e0
MathorCup,第六届（年份待核实）,A题,武汉大学一等奖A.pdf,51,1340335,False,6-1优秀论文库/MathorCup/第六届（年份待核实）/A题/武汉大学一等奖A.pdf,16b29e2c6410541f00a809f0d7bfa13e6ff41b49a204e39acea0f5623b9c9826
MathorCup,第六届（年份待核实）,A题,成都理工大学二等奖A题.pdf,38,1288023,False,6-1优秀论文库/MathorCup/第六届（年份待核实）/A题/成都理工大学二等奖A题.pdf,53bc93305cbc1f698b75598c50a03cd9f7b030367f427b762185b149cf4f59c4
MathorCup,第六届（年份待核实）,A题,附件8 地表水环境质量标准.pdf,12,781736,False,6-1优秀论文库/MathorCup/第六届（年份待核实）/A题/附件8 地表水环境质量标准.pdf,60f1fe869c1a4c0cc2cbf4c4e920daa591255d5ed5a0f683403950d4ae3631fe
MathorCup,第六届（年份待核实）,B题,中国民航大学一等奖B.pdf,72,1061652,False,6-1优秀论文库/MathorCup/第六届（年份待核实）/B题/中国民航大学一等奖B.pdf,024516607424ee60d3dcf287a1deb9d46e19ab3a076ac4f3284280ead946d5f1
MathorCup,第六届（年份待核实）,B题,西南交通大学二等奖B.pdf,31,1376139,False,6-1优秀论文库/MathorCup/第六届（年份待核实）/B题/西南交通大学二等奖B.pdf,8755a9f5b4f66e1c92d0a8f56f02121e482209421d797038b5db8214205bfdbd
MathorCup,第六届（年份待核实）,A题,华北理工大学一等奖A樊丽娟.pdf,25,863653,False,6-1优秀论文库/MathorCup/第六届（年份待核实）/A题/华北理工大学一等奖A樊丽娟.pdf,9c9ac4486c5c1d4502a752d7bdceed3c33db0d5f79688f1c18dc0d97300cb298
MathorCup,第六届（年份待核实）,B题,山东科技大学特等奖.pdf,38,7828613,False,6-1优秀论文库/MathorCup/第六届（年份待核实）/B题/山东科技大学特等奖.pdf,564d83b7956f9b7d12244e9aa25be7d68e616b5d34527574095aa634fce64876
MathorCup,第六届（年份待核实）,B题,第六届MathorCup大学生数学建模挑战赛承诺书（Word转PDF）.pdf,1,216811,True,6-1优秀论文库/MathorCup/第六届（年份待核实）/A题/第六届MathorCup大学生数学建模挑战赛承诺书（Word转PDF）.pdf,82aa6844b7d1bd107f5f9282c7a7c56c566f196f91d16d3c476f3d3e1ed51693
MathorCup,第六届（年份待核实）,A题,重庆大学二等奖A.pdf,65,1882786,False,6-1优秀论文库/MathorCup/第六届（年份待核实）/A题/重庆大学二等奖A.pdf,5d03d6aba2870c653255e2f5b103c48734a585c33d6b116627735d933850ce17
MathorCup,第六届（年份待核实）,B题,附件1 小区某楼停车位分布.pdf,1,1264681,False,6-1优秀论文库/MathorCup/第六届（年份待核实）/B题/附件1 小区某楼停车位分布.pdf,d4d18e0674a4623cd24968fc425ea8d54d9d5c7f6edf5e6cb03ff24be3e37cf3
MathorCup,第六届（年份待核实）,A题,A题 淡水养殖池塘水华发生及池水净化处理（Word转PDF）.pdf,2,82538,True,6-1优秀论文库/MathorCup/第六届（年份待核实）/A题/A题 淡水养殖池塘水华发生及池水净化处理（Word转PDF）.pdf,2b9a52b02ebba24b6049725a667b1daf8d1ea47a4e71ddfddaee1c80b9ec1692
MathorCup,第六届（年份待核实）,A题,华北电力大学二等奖A.pdf,29,1809700,False,6-1优秀论文库/MathorCup/第六届（年份待核实）/A题/华北电力大学二等奖A.pdf,2d54b6eb50a0ba59c305272ece5f0ae024022343aeb059706309584dfd715331
MathorCup,第六届（年份待核实）,B题,西北工业大学二等奖B题.pdf,22,333505,False,6-1优秀论文库/MathorCup/第六届（年份待核实）/B题/西北工业大学二等奖B题.pdf,d4f2a784b393c5cc8bdb6a2cf33ea202da2505c555457b625bceaef5759560a6
MathorCup,第六届（年份待核实）,B题,车位分布的优化设计与评价（Word转PDF）.pdf,1,60994,True,6-1优秀论文库/MathorCup/第六届（年份待核实）/B题/车位分布的优化设计与评价（Word转PDF）.pdf,667cd8a34d005fa6d410ae989816bb204af4b80723e331fed6e293373d636a4e
MathorCup,第四届（年份待核实）,B题,10342c.pdf,25,582725,False,6-1优秀论文库/MathorCup/第四届（年份待核实）/B题/10342c.pdf,92b9ec666fe171787a2da671bc034a453b8ddb105cc78d0976a7267bd0b1902a
MathorCup,第四届（年份待核实）,C题,10564e.pdf,32,1139953,False,6-1优秀论文库/MathorCup/第四届（年份待核实）/C题/10564e.pdf,eafe37d4aa59bbed97c1446c6610b2907f80a7dd3c8c6b2d817e4da4431463a9
MathorCup,第四届（年份待核实）,B题,10352e.pdf,19,1005939,False,6-1优秀论文库/MathorCup/第四届（年份待核实）/B题/10352e.pdf,6d321ecdcc2497cbf53595a705cc1780b44efbcd6f25d5e669ee03ab04b346c3
MathorCup,第四届（年份待核实）,A题,10331c（Word转PDF）.pdf,15,580371,True,6-1优秀论文库/MathorCup/第四届（年份待核实）/A题/10331c（Word转PDF）.pdf,5a7cdba95a29a154141d0a1340e0f39c4bfb9715cd298ab1fdd55567df7b53f9
MathorCup,第四届（年份待核实）,A题,10376a.pdf,24,1247380,False,6-1优秀论文库/MathorCup/第四届（年份待核实）/A题/10376a.pdf,f75283a4c19f7ee6e5a76448a9ec7cff9f67b1e8e1ef8d15ccf0ada6a709ebf9
MathorCup,第四届（年份待核实）,B题,20038c（Word转PDF）.pdf,15,533906,True,6-1优秀论文库/MathorCup/第四届（年份待核实）/B题/20038c（Word转PDF）.pdf,d6691c73924f0a65dafc033bec81e4fec17a8620c635b7c35e6f76fa2bc0464d
MathorCup,第四届（年份待核实）,C题,10560c.pdf,23,359856,False,6-1优秀论文库/MathorCup/第四届（年份待核实）/C题/10560c.pdf,288828a34d6e2308db1167962a9b0ebe550ba68c1e272b20fdf99ae92eea329f
MathorCup,第四届（年份待核实）,B题,20017e（Word转PDF）.pdf,15,319140,True,6-1优秀论文库/MathorCup/第四届（年份待核实）/B题/20017e（Word转PDF）.pdf,080b8ac66d3dd1f9625ec264b419e3b59e75aa9f2a34971e99fedbe5a9c8f233
MathorCup,第四届（年份待核实）,C题,20027E.pdf,20,477246,False,6-1优秀论文库/MathorCup/第四届（年份待核实）/C题/20027E.pdf,6cb18c4316c4e56df6477c0f1fa7cfc36bf63658044e70038564a8b2fea254b2
MathorCup,第四届（年份待核实）,C题,C题.pdf,1,164900,False,6-1优秀论文库/MathorCup/第四届（年份待核实）/C题/C题.pdf,eab8bee74e2b64435e6f0a3b69b575fb9ca515e99f86cc07fd395961fec26912
MathorCup,第四届（年份待核实）,C题,10317.pdf,30,838783,False,6-1优秀论文库/MathorCup/第四届（年份待核实）/C题/10317.pdf,a61d76be3f21d87a96986e7a0a9ee0e964050cd682f30110b90f6b0b4c0c57b2
MathorCup,第四届（年份待核实）,综合,Problem A.pdf,1,199918,False,6-1优秀论文库/MathorCup/第四届（年份待核实）/综合/Problem A.pdf,6c82d68596fcbb9c875147ff3a09a8d5fd8a1075822a94358d3ab1b1935f2066
MathorCup,第四届（年份待核实）,B题,20025C（Word转PDF）.pdf,15,509380,True,6-1优秀论文库/MathorCup/第四届（年份待核实）/B题/20025C（Word转PDF）.pdf,b9bef70e3401e2118f9452ed7e445456e205d6c3314b5052d1102ddaf082ec26
MathorCup,第四届（年份待核实）,A题,10466c.pdf,23,595946,False,6-1优秀论文库/MathorCup/第四届（年份待核实）/A题/10466c.pdf,cffc933088646c1edc8f07f98425bdcedaaddfe1c6cc940bbfe38d44f90f4364
MathorCup,第四届（年份待核实）,综合,Problem B.pdf,2,155004,False,6-1优秀论文库/MathorCup/第四届（年份待核实）/综合/Problem B.pdf,3b4f7cc1786aabbe48caf9a5454de72e2ae5e41b9fd8ef2e4f35e426cc93b7c4
MathorCup,第四届（年份待核实）,C题,10486c.pdf,22,355089,False,6-1优秀论文库/MathorCup/第四届（年份待核实）/C题/10486c.pdf,2038dbd970f13b2052d23e9aebe38ffcc6ee9ce4b26a2e5feed17614131acae6
MathorCup,第四届（年份待核实）,B题,10352c.pdf,18,764183,False,6-1优秀论文库/MathorCup/第四届（年份待核实）/B题/10352c.pdf,4d1a120f1b202c3303c5c011a7e4adcfefbd013d51d52fe5acc40d7424396f22
MathorCup,第四届（年份待核实）,综合,Commitment（Word转PDF）.pdf,1,84363,True,6-1优秀论文库/MathorCup/第四届（年份待核实）/综合/Commitment（Word转PDF）-14c9a240.pdf,14c9a240b55aed16a7486699830333f08827ffb3a0a15318907188baa1e4b11e
MathorCup,第四届（年份待核实）,A题,20007c（Word转PDF）.pdf,28,842554,True,6-1优秀论文库/MathorCup/第四届（年份待核实）/A题/20007c（Word转PDF）.pdf,49dc3cc8c8b32e6990d7117130b833ce7447ff1dc2b678c56ad2cd63e6c08240
MathorCup,第四届（年份待核实）,综合,Formate（Word转PDF）.pdf,1,62639,True,6-1优秀论文库/MathorCup/第四届（年份待核实）/综合/Formate（Word转PDF）-4ea20971.pdf,4ea209713f38c403fdd84dc6f12871ff0cc029ddad7970f14f3a16b626d67a09
MathorCup,第四届（年份待核实）,C题,20009E（Word转PDF）.pdf,20,463995,True,6-1优秀论文库/MathorCup/第四届（年份待核实）/C题/20009E（Word转PDF）.pdf,07037766747af86b2123d8d9e61a92bea8c7c5f54f49baa4c47cc51e58b02751
MathorCup,第四届（年份待核实）,B题,10490e.pdf,20,722534,False,6-1优秀论文库/MathorCup/第四届（年份待核实）/B题/10490e.pdf,d74df1c700caaf5694535a4f9f818f49cc4948f41b408217fa9d447ded1f90c2
MathorCup,第四届（年份待核实）,C题,论文格式（Word转PDF）.pdf,1,161249,True,6-1优秀论文库/MathorCup/第四届（年份待核实）/C题/论文格式（Word转PDF）.pdf,401f2643a6b931197e2ca7a40400c3050506be46790ef3fe16341de0fcf6f274
MathorCup,第四届（年份待核实）,C题,20069c（Word转PDF）.pdf,32,879079,True,6-1优秀论文库/MathorCup/第四届（年份待核实）/C题/20069c（Word转PDF）.pdf,fd21e1291117744af6b07a078132464fbd2f7f3c7da5c8b1db821d1f8fb9069e
MathorCup,第四届（年份待核实）,A题,20035c.pdf,24,1961273,False,6-1优秀论文库/MathorCup/第四届（年份待核实）/A题/20035c.pdf,a116af560727f6472e30cc1a3841d4842fbede28ae21922748b5c0f2fc5e8508
MathorCup,第四届（年份待核实）,B题,10469e（Word转PDF）.pdf,20,396980,True,6-1优秀论文库/MathorCup/第四届（年份待核实）/B题/10469e（Word转PDF）.pdf,b86c5bbadb1663fbef00ec5ae0083fb8007f7d8da2c97db597cc640128d5501d
MathorCup,第四届（年份待核实）,A题,承诺书（Word转PDF）.pdf,1,75710,True,6-1优秀论文库/MathorCup/第四届（年份待核实）/A题/承诺书（Word转PDF）.pdf,39265490e5c9a3c7409acefabca79ba74916f11a83800a8979bd6f8b5a4aa766
MathorCup,第四届（年份待核实）,C题,10564c.pdf,29,1058704,False,6-1优秀论文库/MathorCup/第四届（年份待核实）/C题/10564c.pdf,e6552d76ce1545ba1f8f99e9be8187a0bdf829d29f728d22f49c445d871ee588
MathorCup,第四届（年份待核实）,C题,20026E（Word转PDF）.pdf,24,513577,True,6-1优秀论文库/MathorCup/第四届（年份待核实）/C题/20026E（Word转PDF）.pdf,786abd43657a46f1190b0eef7467f134035cbf25cf17d212c2a22c26a90ac5be
MathorCup,第四届（年份待核实）,A题,10302A（Word转PDF）.pdf,32,1194203,True,6-1优秀论文库/MathorCup/第四届（年份待核实）/A题/10302A（Word转PDF）.pdf,ebf4cb7902ed540db007a71bba4908ad801562217a2f099f66407af8e3374723
MathorCup,第四届（年份待核实）,A题,20007e（Word转PDF）.pdf,30,768043,True,6-1优秀论文库/MathorCup/第四届（年份待核实）/A题/20007e（Word转PDF）.pdf,f039cb9d9f105ba8339b80358b0c33200fc49fb868110ce3ed58a3796c868b8b
MathorCup,第四届（年份待核实）,C题,10560e.pdf,28,521146,False,6-1优秀论文库/MathorCup/第四届（年份待核实）/C题/10560e.pdf,537821f1c2d4f6743d67bcacf4d02566ba945eb8c78171a0ab9f22350983ce90
MathorCup,第四届（年份待核实）,C题,20069e（Word转PDF）.pdf,32,831408,True,6-1优秀论文库/MathorCup/第四届（年份待核实）/C题/20069e（Word转PDF）.pdf,67dd0a12fdb713b92a11b3bfc6efb18756c0a2407ecb3d6301ca8deda249ca7c
MathorCup,第四届（年份待核实）,C题,承诺书（Word转PDF）.pdf,1,75620,True,6-1优秀论文库/MathorCup/第四届（年份待核实）/C题/承诺书（Word转PDF）.pdf,54d05b469b76efd7bd959ac4e58d2d89b368e013f9761e1a6e5fbef2fc3ddf9f
MathorCup,第四届（年份待核实）,综合,Commitment（Word转PDF）.pdf,1,84363,True,6-1优秀论文库/MathorCup/第四届（年份待核实）/综合/Commitment（Word转PDF）.pdf,799073b6da107745cd40c313dcf8ed0e7f39e60be7397ecefc9b0708f8f1a7d5
MathorCup,第四届（年份待核实）,C题,10476c.pdf,23,762780,False,6-1优秀论文库/MathorCup/第四届（年份待核实）/C题/10476c.pdf,0e2ef72433b1893936b7e78b2fc3d181793036e7eef991cfcff16b88fb76bb3c
MathorCup,第四届（年份待核实）,B题,10469c（Word转PDF）.pdf,20,631213,True,6-1优秀论文库/MathorCup/第四届（年份待核实）/B题/10469c（Word转PDF）.pdf,a03bd7f49a2c162ddbf19acff88466ef82acfc5374b5e6eaa899791dad743493
MathorCup,第四届（年份待核实）,C题,10486e.pdf,26,361247,False,6-1优秀论文库/MathorCup/第四届（年份待核实）/C题/10486e.pdf,f2f219931d371ed577236f2e88c455a8c88df2b8295093d31ff525a7a3122fc3
MathorCup,第四届（年份待核实）,综合,Problem C.pdf,1,63898,False,6-1优秀论文库/MathorCup/第四届（年份待核实）/综合/Problem C.pdf,9da2bc16c5fdb9eea58ba62bee086c3a6f49a3fa714ee7413d8e41f12b9b6a56
MathorCup,第四届（年份待核实）,B题,10490c.pdf,37,1950291,False,6-1优秀论文库/MathorCup/第四届（年份待核实）/B题/10490c.pdf,61199f09994255b02112c30a12e69df3c74e8cd5e4ce35d90da3e38fb5ac44da
MathorCup,第四届（年份待核实）,B题,论文格式（Word转PDF）.pdf,1,161249,True,6-1优秀论文库/MathorCup/第四届（年份待核实）/B题/论文格式（Word转PDF）.pdf,34d9fae991e2cde40f9a8f21ad1e8250662c7c46f0061cb74867de65ca8bad68
MathorCup,第四届（年份待核实）,C题,10463c.pdf,35,432760,False,6-1优秀论文库/MathorCup/第四届（年份待核实）/C题/10463c.pdf,86829db2c2541009ac6e7e06c24660d39c782c5490bcfaae06665f09a53f1996
MathorCup,第四届（年份待核实）,C题,20001C（Word转PDF）.pdf,14,443269,True,6-1优秀论文库/MathorCup/第四届（年份待核实）/C题/20001C（Word转PDF）.pdf,705753d6c1e3d1503914fe977594df626fe90a039ce6db9ddb959bb0d7d050f0
MathorCup,第四届（年份待核实）,C题,20009C（Word转PDF）.pdf,18,539538,True,6-1优秀论文库/MathorCup/第四届（年份待核实）/C题/20009C（Word转PDF）.pdf,a7eb49922927df2b49ff146d1ac636940d855239e5d68d401017ecc5f66f5a47
MathorCup,第四届（年份待核实）,综合,Commitment（Word转PDF）.pdf,1,84363,True,6-1优秀论文库/MathorCup/第四届（年份待核实）/综合/Commitment（Word转PDF）-03ca9656.pdf,03ca965693949ba73c270c60e34f0b8d57a59fa6f5a98c7e070d8fa3472f41e3
MathorCup,第四届（年份待核实）,C题,20026C（Word转PDF）.pdf,18,538434,True,6-1优秀论文库/MathorCup/第四届（年份待核实）/C题/20026C（Word转PDF）.pdf,1db6bd4d3872b181613a0dc131de56ee5e15b091815ba451ab671e63e827e146
MathorCup,第四届（年份待核实）,B题,20038e（Word转PDF）.pdf,21,546515,True,6-1优秀论文库/MathorCup/第四届（年份待核实）/B题/20038e（Word转PDF）.pdf,192df4c76bc79dbd24fca55693639390bcc11328202fe1a7cae66a6094b39780
MathorCup,第四届（年份待核实）,B题,10342e.pdf,28,597203,False,6-1优秀论文库/MathorCup/第四届（年份待核实）/B题/10342e.pdf,697a82be9719e73eba4c5f971b96cd94da1e041ead198617d53f76c35d8c5f44
MathorCup,第四届（年份待核实）,C题,10476e.pdf,25,685979,False,6-1优秀论文库/MathorCup/第四届（年份待核实）/C题/10476e.pdf,d30ea9a810bc0190fac0e9793ec9d0075323bbd4d26108abdff1dbf45eb7672b
MathorCup,第四届（年份待核实）,B题,20017c（Word转PDF）.pdf,13,413386,True,6-1优秀论文库/MathorCup/第四届（年份待核实）/B题/20017c（Word转PDF）.pdf,a5734984dec710bba9682ca4acb58204d051deb666a316bea779075841193669
MathorCup,第四届（年份待核实）,综合,Formate（Word转PDF）.pdf,1,62639,True,6-1优秀论文库/MathorCup/第四届（年份待核实）/综合/Formate（Word转PDF）-5cfe7a95.pdf,5cfe7a95efa499d7f5dfc9bbe5e0bb2f917fe7aec6b1610e04216fa0cbcd8fc4
MathorCup,第四届（年份待核实）,综合,Formate（Word转PDF）.pdf,1,62639,True,6-1优秀论文库/MathorCup/第四届（年份待核实）/综合/Formate（Word转PDF）.pdf,01eaea1f82ba090e3fd55552b410e9b2891c534ef2fe45577b1abc07abd3f7f6
MathorCup,第四届（年份待核实）,A题,论文格式（Word转PDF）.pdf,1,161249,True,6-1优秀论文库/MathorCup/第四届（年份待核实）/A题/论文格式（Word转PDF）.pdf,26103b6d58b3909bc26f2e9676100303b4cb207ba93bb93375b1101bacaa60ae
MathorCup,第四届（年份待核实）,C题,20001E（Word转PDF）.pdf,23,364105,True,6-1优秀论文库/MathorCup/第四届（年份待核实）/C题/20001E（Word转PDF）.pdf,b213c61127fe90b900c678323ca49ef03b2591342e72bd03214fa86caae037b8
MathorCup,第四届（年份待核实）,C题,20027C.pdf,16,777323,False,6-1优秀论文库/MathorCup/第四届（年份待核实）/C题/20027C.pdf,cc6de6aa5105435380ceca792d46caa87c7fcae33a64797436b21b7e9a4b8067
MathorCup,第四届（年份待核实）,C题,10463e.pdf,36,373363,False,6-1优秀论文库/MathorCup/第四届（年份待核实）/C题/10463e.pdf,0bf20808adb4208940770b7bb554ecc20072faf0575f335ac29bb5f32283d2c8
MathorCup,第四届（年份待核实）,A题,20035e.pdf,24,381641,False,6-1优秀论文库/MathorCup/第四届（年份待核实）/A题/20035e.pdf,78e4da7d0a9b541866a973ffeebbbe3aab2d0c950076db0a75f64d754b6cd999
MathorCup,第四届（年份待核实）,A题,A题.pdf,1,222063,False,6-1优秀论文库/MathorCup/第四届（年份待核实）/A题/A题.pdf,9b8cd29f69a07b7f2874a7f0faef09c86786157a6a946e09a483df6a48f48459
MathorCup,第四届（年份待核实）,B题,20025E（Word转PDF）.pdf,16,388750,True,6-1优秀论文库/MathorCup/第四届（年份待核实）/B题/20025E（Word转PDF）.pdf,060dc6a831b598aa24f3d3e5a8d84d077e26083ecbda29b9b56b7209b62f38c8
MathorCup,第四届（年份待核实）,B题,承诺书（Word转PDF）.pdf,1,75620,True,6-1优秀论文库/MathorCup/第四届（年份待核实）/B题/承诺书（Word转PDF）.pdf,ad554764437ae9880358e3a97f758123a3a4fad2a97b1ed549b7e9b80e630018
MathorCup,第四届（年份待核实）,综合,Paper（Word转PDF）.pdf,2,41646,True,6-1优秀论文库/MathorCup/第一届（年份待核实）/综合/Paper（Word转PDF）.pdf,51f6371ceed99e8d453179e51f4c0feb3a9b8fba508930e1b24b9543613d3d95
MathorCup,第四届（年份待核实）,C题,10300C.pdf.pdf,30,993777,False,6-1优秀论文库/MathorCup/第四届（年份待核实）/C题/10300C.pdf.pdf,9eb40de7ff51fcce580ce97e23ca11d26ff82a74539ddc2e9bbc8cf20184b089
MathorCup,第四届（年份待核实）,C题,论文（Word转PDF）.pdf,2,68511,True,6-1优秀论文库/MathorCup/第一届（年份待核实）/综合/论文（Word转PDF）.pdf,625b50639060f4a35771e61960f70f513394e534f0a2b437d47723055b92c3c2
MathorCup,第四届（年份待核实）,B题,B题.pdf,1,177031,False,6-1优秀论文库/MathorCup/第四届（年份待核实）/B题/B题.pdf,7bc9d42ae8d3a47d1c2e616380cca2e5a699c9a019fade16744130bd00e898ef
MathorCup,第四届（年份待核实）,C题,10317 english.pdf,24,421887,False,6-1优秀论文库/MathorCup/第四届（年份待核实）/C题/10317 english.pdf,308c42709f25faf70a240922bd6a1f03ef45c44ca2f0a20b1521f0265f988f3d
东北三省数学建模,2011,综合,2011年全国大学生数学建模夏令营A题垃圾分类处理与清运方案论文(1)（Word转PDF）.pdf,25,792800,True,6-1优秀论文库/东北三省数学建模/2011/综合/2011年全国大学生数学建模夏令营A题垃圾分类处理与清运方案论文(1)（Word转PDF）.pdf,c8a37aba88b0f38f545d4ffc4514a6354b1c3cc4474498385f8fbf859f86a77c
东北三省数学建模,2011,综合,垃圾分类处理与清运方案设计（Word转PDF）.pdf,15,535899,True,6-1优秀论文库/东北三省数学建模/2011/综合/垃圾分类处理与清运方案设计（Word转PDF）.pdf,84048358da90daab18d8ffed1637532d8c82af96a23152753bfc3590ce4aff22
东北三省数学建模,2011,综合,夏令营题Final（Word转PDF）.pdf,8,523402,True,6-1优秀论文库/东北三省数学建模/2011/综合/夏令营题Final（Word转PDF）.pdf,478185aaca8a1be01b95253dd78257a2fcc863304f117767719bbd77d64f2d3c
东北三省数学建模,2011,综合,数模论文——北京水资源短缺风险综合评价_(3)（Word转PDF）.pdf,19,622742,True,6-1优秀论文库/东北三省数学建模/2011/综合/数模论文——北京水资源短缺风险综合评价_(3)（Word转PDF）.pdf,0701604e932d0f4df51fe062014da544c5455de06ab1cbf4d46814defafee15c
东北三省数学建模,2011,综合,测井曲线自动分层问题研究.pdf,19,709478,False,6-1优秀论文库/东北三省数学建模/2011/综合/测井曲线自动分层问题研究.pdf,e4606896285670217b66db73f6c37acc6dba51f4267ee8d643388f0e9882651f
东北三省数学建模,2011,综合,北京市水资源短缺风险评价_最终版.pdf,24,1078795,False,6-1优秀论文库/东北三省数学建模/2011/综合/北京市水资源短缺风险评价_最终版.pdf,93aa59c9253c90d5248f0e5f82b73e0327ca6b92522129b5498b0da187ed6456
东北三省数学建模,2011,综合,2011年全国大学生数学建模夏令营A题垃圾分类处理与清运方案论文（Word转PDF）.pdf,25,792800,True,6-1优秀论文库/东北三省数学建模/2011/综合/2011年全国大学生数学建模夏令营A题垃圾分类处理与清运方案论文（Word转PDF）.pdf,dd2b2055f3e44ea830b3c85aa1a982400f375da78de4fc97cedf6d8decbdbdfa
东北三省数学建模,2011,综合,数学建模论文(A[1][1].垃圾的分类处理与清运方案)(建议修改处)道县五中__道县教育局（Word转PDF）.pdf,27,669542,True,6-1优秀论文库/东北三省数学建模/2011/综合/数学建模论文(A[1][1].垃圾的分类处理与清运方案)(建议修改处)道县五中__道县教育局（Word转PDF）.pdf,36a6929db7ebe419a3398b8cb9615a757d4deb4859e1ae9dd2da857760bc9520
东北三省数学建模,2011,B题,B题__水资源短缺风险综合评价（Word转PDF）.pdf,24,804385,True,6-1优秀论文库/东北三省数学建模/2011/B题/B题__水资源短缺风险综合评价（Word转PDF）.pdf,80bc9fad53251b4996267c3ed50339714916701639512880a0c72437f6e64f4c
东北三省数学建模,2011,C题,C题：测井曲线自动分层问题（Word转PDF）.pdf,30,929147,True,6-1优秀论文库/东北三省数学建模/2011/C题/C题：测井曲线自动分层问题（Word转PDF）.pdf,4a034937047021364f5b87ab18865e1c6366ae06843aca7b843c8988d7ec13c4
东北三省数学建模,2011,综合,基于综合法对测井曲线的自动分层（Word转PDF）.pdf,12,360844,True,6-1优秀论文库/东北三省数学建模/2011/综合/基于综合法对测井曲线的自动分层（Word转PDF）.pdf,cbf8ac740572275f8ca3b453f12b2f8dc9a454b8d76a7697bf3b9af6f62d689e
东北三省数学建模,2011,综合,基于因子分析法和GM灰度预测的北京市水资源短缺风险评级模型.pdf,20,969267,False,6-1优秀论文库/东北三省数学建模/2011/综合/基于因子分析法和GM灰度预测的北京市水资源短缺风险评级模型.pdf,cbfaacc2657d8a1433c9fa62cdb1374e899c020dd9f1ff9994537b3220d73122
东北三省数学建模,2011,综合,2011数学建模夏令营B题：水资源短缺风险综合评价（Word转PDF）.pdf,20,713920,True,6-1优秀论文库/东北三省数学建模/2011/综合/2011数学建模夏令营B题：水资源短缺风险综合评价（Word转PDF）.pdf,3cf801c6f91ab0ef62d4b8a83459e01b68caddd3702605f3b25ea16b4cc45f53
东北三省数学建模,2011,综合,用出租车GPS数据分析深圳道路交通情况.pdf,22,995790,False,6-1优秀论文库/东北三省数学建模/2011/综合/用出租车GPS数据分析深圳道路交通情况.pdf,324c1692b76b15f9fcd10b617fa2f084ccca37d9bcadd2a7da7877d62a40286d
东北三省数学建模,2011,综合,测井曲线自动分层问题论文.pdf,27,663799,False,6-1优秀论文库/东北三省数学建模/2011/综合/测井曲线自动分层问题论文.pdf,484657f9a2a65343f26c4b8b773e66296adf48681a748ef498a90b4fd483d448
东北三省数学建模,2012,综合,2012深圳杯数学建模竞赛D题——打孔机生产效能的提高_参考答案（Word转PDF）.pdf,8,403679,True,6-1优秀论文库/东北三省数学建模/2012/综合/2012深圳杯数学建模竞赛D题——打孔机生产效能的提高_参考答案（Word转PDF）.pdf,bd8c978f60fc64304b62b138b8a6353778e23084a88d44ce50581082a41e5941
东北三省数学建模,2012,综合,附件3.pdf,43,1426169,False,6-1优秀论文库/东北三省数学建模/2012/综合/附件3.pdf,c7f280a26859b5ddc674dc870e1a9348d27ef93d4a523bba10a5840e02af8f3a
东北三省数学建模,2012,综合,重邮校数模题目A：深圳人口与医疗需求预测.pdf,20,1088861,False,6-1优秀论文库/东北三省数学建模/2012/综合/重邮校数模题目A：深圳人口与医疗需求预测.pdf,b045a53ed04321641a6816b66b1d79b6ec6b76a07d7fbcc764d1d8a13d11cd78
东北三省数学建模,2012,综合,深圳人口与医疗需求预测-数学建模（Word转PDF）.pdf,24,1219713,True,6-1优秀论文库/东北三省数学建模/2012/综合/深圳人口与医疗需求预测-数学建模（Word转PDF）.pdf,72807b82b59ce58fa2a610fee58c3a86ba5d8098a3d56123c6bb524d6c18a683
东北三省数学建模,2012,综合,绿色机房设计（Word转PDF）.pdf,2,385687,True,6-1优秀论文库/东北三省数学建模/2012/综合/绿色机房设计（Word转PDF）.pdf,45af22bf9343f68a8d7fbc916984b556d2bb920c5a610b3fed97b61d417aee29
东北三省数学建模,2012,综合,深圳人口与医疗需求预测（Word转PDF）.pdf,1,136723,True,6-1优秀论文库/东北三省数学建模/2012/综合/深圳人口与医疗需求预测（Word转PDF）.pdf,a1baac32e456306e8fbd329772298ce0df9e8c6b4fb9671ac9ac10bc6bb0f692
东北三省数学建模,2012,综合,打孔机生产效能的提高论文（Word转PDF）.pdf,8,323617,True,6-1优秀论文库/东北三省数学建模/2012/综合/打孔机生产效能的提高论文（Word转PDF）.pdf,3e22164d27967283c6e28698adf52770a4a7ca71c8ac8360dc2ab0985d17de05
东北三省数学建模,2012,综合,建模D题打孔机（Word转PDF）.pdf,10,363413,True,6-1优秀论文库/东北三省数学建模/2012/综合/建模D题打孔机（Word转PDF）.pdf,484eaa789620d1df323f50711876c55c5703550ac39f302c8b4a75e670a504a1
东北三省数学建模,2012,综合,提高打孔机生产效能.pdf,19,882602,False,6-1优秀论文库/东北三省数学建模/2012/综合/提高打孔机生产效能.pdf,a21c800a7cf5399c5353ded1124eaed584e71308c1fbeeba37214e502f7f2b16
东北三省数学建模,2012,综合,打孔机生产效能的提高（Word转PDF）.pdf,2,109733,True,6-1优秀论文库/东北三省数学建模/2012/综合/打孔机生产效能的提高（Word转PDF）.pdf,566eadb78ac883bacce8078ebf95478d819f23a8679ec031ac062f25ab5fbbf4
东北三省数学建模,2012,综合,(已更新)2012年夏令营建模B题论文(完整)（Word转PDF）.pdf,28,955001,True,6-1优秀论文库/东北三省数学建模/2012/综合/(已更新)2012年夏令营建模B题论文(完整)（Word转PDF）.pdf,4a362022d1d3919636eb93b4f1b0fd0def102eda62572fb99f4d468662be4d37
东北三省数学建模,2012,综合,手机用户精准识别模型（Word转PDF）.pdf,3,268481,True,6-1优秀论文库/东北三省数学建模/2012/综合/手机用户精准识别模型（Word转PDF）.pdf,dbcd2eedf519f857b0911077e9bd924f003c390193ccc253817755aac2f4aada
东北三省数学建模,2012,综合,深圳A题--深圳人口与医疗预测(校数模竞赛论文)（Word转PDF）.pdf,20,1049762,True,6-1优秀论文库/东北三省数学建模/2012/综合/深圳A题--深圳人口与医疗预测(校数模竞赛论文)（Word转PDF）.pdf,be19185ba24764c73e5a5e700e4f47b363ba18ebb77a64f08e33abc3a41c176b
东北三省数学建模,2012,综合,2012东三省数学建模A题论文（Word转PDF）.pdf,22,491440,True,6-1优秀论文库/东北三省数学建模/2012/综合/2012东三省数学建模A题论文（Word转PDF）.pdf,0ba03f7b4509ce32c141c150c3800309ac0274381c38268258b6504c88ef7425
东北三省数学建模,2014,综合,2014年东北三省数学建模论文（Word转PDF）.pdf,17,375038,True,6-1优秀论文库/东北三省数学建模/2014/综合/2014年东北三省数学建模论文（Word转PDF）.pdf,9374881f99ad6a540507c266eb9b39e71a88018d40df7bbf69783b807dc17820
东北三省数学建模,2015,综合,2015东三省数学建模竞赛一等奖D题航班延误论文（Word转PDF）.pdf,39,1159403,True,6-1优秀论文库/东北三省数学建模/2015/综合/2015东三省数学建模竞赛一等奖D题航班延误论文（Word转PDF）.pdf,8433f169e93cc5c6c74a94afe0287011ebb1d02c36fb1af0b66956ea63f7e3aa
东北三省数学建模,2016,综合,2016年东北三省自主命题B题优秀论文.pdf,20,847677,False,6-1优秀论文库/东北三省数学建模/2016/综合/2016年东北三省自主命题B题优秀论文.pdf,4be1930e6b2cd7356d645e8b1b720e76f2b9b12f54057bb00586c6b4c793f489
五一苏北数学建模,2004,综合,2004年首届苏北数建模学联赛论文集封面及前言（Word转PDF）.pdf,2,21167,True,6-1优秀论文库/五一苏北数学建模/2004/综合/2004年首届苏北数建模学联赛论文集封面及前言（Word转PDF）.pdf,d3be69d41355beced8f8466064fb5cc03ab1b0fc9d6cd5d3b2a57073830a8019
五一苏北数学建模,2004,综合,2004年首届苏北数建模学论文集目录（Word转PDF）.pdf,1,71649,True,6-1优秀论文库/五一苏北数学建模/2004/综合/2004年首届苏北数建模学论文集目录（Word转PDF）.pdf,76778b5845382afb3aa0340169686d57ef63e5120287c6b18737c00e50ce3284
五一苏北数学建模,2004,综合,2004年首届苏北数建模学论文集（Word转PDF）.pdf,52,1749237,True,6-1优秀论文库/五一苏北数学建模/2004/综合/2004年首届苏北数建模学论文集（Word转PDF）.pdf,686f0ed98e2d2eeb00301bae2743ebe383d87643a986f787a99cefb1238f4ffb
五一苏北数学建模,2005,综合,目   录（Word转PDF）.pdf,1,43467,True,6-1优秀论文库/五一苏北数学建模/2005/综合/目   录（Word转PDF）.pdf,fe0f429591dfea942f63c250c1efc58f209736be72bdbb1491a3182ef55abc1d
五一苏北数学建模,2005,综合,第二届苏北数学建模论文集（Word转PDF）.pdf,153,3094319,True,6-1优秀论文库/五一苏北数学建模/2005/综合/第二届苏北数学建模论文集（Word转PDF）.pdf,794c65f6aded0dcf5d3fecb644b3548a7049792a7f0b5a17259aaa7b166befa9
五一苏北数学建模,2005,综合,封面（Word转PDF）.pdf,1,51381,True,6-1优秀论文库/五一苏北数学建模/2005/综合/封面（Word转PDF）.pdf,68a1111889f8346ed75b8b9b38ef4654b63e619d90e9932bf126c8474807fa01
五一苏北数学建模,2006,综合,第三届苏北数学建模论文集（Word转PDF）.pdf,174,4383481,True,6-1优秀论文库/五一苏北数学建模/2006/综合/第三届苏北数学建模论文集（Word转PDF）.pdf,d74077550ad95d859b1990e2affb7d7f9aaab82c4846a6f93e14c9e2c4bca7aa
五一苏北数学建模,2007,综合,优秀论文集（Word转PDF）.pdf,189,5115986,True,6-1优秀论文库/五一苏北数学建模/2007/综合/优秀论文集（Word转PDF）.pdf,f3fafc43551e1adfee9d3b0c3122e111782b863407cfd6c41da6f65ee34b084b
五一苏北数学建模,2007,综合,论文集目录（Word转PDF）.pdf,1,51869,True,6-1优秀论文库/五一苏北数学建模/2007/综合/论文集目录（Word转PDF）.pdf,1259ef4184c31ecdd32d53f2e5826141ed1f25ff551c16cc6e93f7d1104d5fab
五一苏北数学建模,2007,综合,封面（Word转PDF）.pdf,2,57254,True,6-1优秀论文库/五一苏北数学建模/2007/综合/封面（Word转PDF）.pdf,0d9c44e11b0117af77a0d5c40a7242aa13ea9c3b446f055982ebae698c21fef1
五一苏北数学建模,2008,A题,A题（Word转PDF）.pdf,18,556824,True,6-1优秀论文库/五一苏北数学建模/2008/A题/A题（Word转PDF）.pdf,ae36b1f34269dc043544dee7c928b3293a98cbffe7e8ed6514fd2eee708d168a
五一苏北数学建模,2009,综合,第六届苏北数学建模论文.pdf,24,279439,False,6-1优秀论文库/五一苏北数学建模/2009/综合/第六届苏北数学建模论文.pdf,3f92425b4c191b064332e61a217a1384f10c984015fe1ed2cb3650974b4e4283
五一苏北数学建模,2010,综合,2010苏北数学建模一等奖论文（Word转PDF）.pdf,17,513160,True,6-1优秀论文库/五一苏北数学建模/2010/综合/2010苏北数学建模一等奖论文（Word转PDF）.pdf,639a14188153c1f7b438246384a55ce85c18067e2d107931aaa3c45636451494
五一苏北数学建模,2010,综合,2010苏北赛一等奖论文（Word转PDF）.pdf,12,357598,True,6-1优秀论文库/五一苏北数学建模/2010/综合/2010苏北赛一等奖论文（Word转PDF）.pdf,e08a14b5d4442b4e0c1af47f32b6ddeed8f0d83a85c5cc95a5b327694b304b63
五一苏北数学建模,2011,综合,第八届苏北数学建模一等奖C题奖学金评定体系构建（Word转PDF）.pdf,19,443164,True,6-1优秀论文库/五一苏北数学建模/2011/综合/第八届苏北数学建模一等奖C题奖学金评定体系构建（Word转PDF）.pdf,d4492446fb6be0de0c92c3b3c454fde384593293f658509c6811659cc25ccc85
五一苏北数学建模,2011,综合,2011苏北数学建模一等奖论文 （Word转PDF）.pdf,16,610016,True,6-1优秀论文库/五一苏北数学建模/2011/综合/2011苏北数学建模一等奖论文 （Word转PDF）.pdf,72a4724823d1ba330ffcb3ffb4a3dcccd62e0e567383b95d7d920b88bcca260d
五一苏北数学建模,2011,综合,第八届苏北地区数学建模联赛B题一等奖论文（Word转PDF）.pdf,18,636541,True,6-1优秀论文库/五一苏北数学建模/2011/综合/第八届苏北地区数学建模联赛B题一等奖论文（Word转PDF）.pdf,303fd11bd991000340092c492f10d5a89eab595a80a8b369baa77c143333301f
五一苏北数学建模,2012,综合,2012苏北建模A题获奖论文（Word转PDF）.pdf,24,934856,True,6-1优秀论文库/五一苏北数学建模/2012/综合/2012苏北建模A题获奖论文（Word转PDF）.pdf,1609b149ced15748d55443014e8f46d5778a277119b3ac8ac6c91038a8cbec06
五一苏北数学建模,2012,综合,2012苏北数学建模B题获奖论文（Word转PDF）.pdf,16,518878,True,6-1优秀论文库/五一苏北数学建模/2012/综合/2012苏北数学建模B题获奖论文（Word转PDF）.pdf,f0359946553992881d9757a0eae9520830fd7e8d2be3bcbb4864cbae9c453cef
五一苏北数学建模,2012,综合,2012苏北数学建模优秀论文（Word转PDF）.pdf,28,863147,True,6-1优秀论文库/五一苏北数学建模/2012/综合/2012苏北数学建模优秀论文（Word转PDF）.pdf,d4b54b29e779aa2b21e4d546412f907f783acdc77f4d53a963be0769b3786477
五一苏北数学建模,2012,综合,2012-苏北数学建模获奖论文（Word转PDF）.pdf,17,482270,True,6-1优秀论文库/五一苏北数学建模/2012/综合/2012-苏北数学建模获奖论文（Word转PDF）.pdf,1b820464100c932ed031cf441b1a76301a8a73a65af268265c59265967a435c7
五一苏北数学建模,2013,综合,第十届苏北赛优秀论文（Word转PDF）.pdf,20,848052,True,6-1优秀论文库/五一苏北数学建模/2013/综合/第十届苏北赛优秀论文（Word转PDF）.pdf,21659b5048c41f4721ceb5189b976cfcb8a127ef9e57afe3ef68942816dbae7a
五一苏北数学建模,2013,A题,2013苏北数学建模获奖论文-A题.pdf,25,1024785,False,6-1优秀论文库/五一苏北数学建模/2013/A题/2013苏北数学建模获奖论文-A题.pdf,ae5d9adf8b378aab6f6f65e9b9b16333aaa2aa13bf0d80c5c56505527feb9bb7
五一苏北数学建模,2013,综合,2013年苏北数学建模A题获奖论文.pdf,26,1713071,False,6-1优秀论文库/五一苏北数学建模/2013/综合/2013年苏北数学建模A题获奖论文.pdf,0f2e79a9c41ccc74fab7f8896180a62d88c188848523632551260a20cdcc4ca4
五一苏北数学建模,2014,C题,C题（Word转PDF）.pdf,26,708963,True,6-1优秀论文库/五一苏北数学建模/2014/C题/C题（Word转PDF）.pdf,f189fb7695752f8fdbbbc03d351042d4c9c6a83cd0af02eef77d7346e9a89551
五一苏北数学建模,2014,综合,2014苏北数学建模B题一等奖（Word转PDF）.pdf,27,846527,True,6-1优秀论文库/五一苏北数学建模/2014/综合/2014苏北数学建模B题一等奖（Word转PDF）.pdf,eb46db31000b64184c64a26f5f32b2d4bcbc5ccf083532c0d754f2c5cc99ff99
五一苏北数学建模,2015,综合,2015-A.pdf,25,1934846,False,6-1优秀论文库/五一苏北数学建模/2015/综合/2015-A.pdf,afd048ced41c5e404bec898ff848d75e250c2d70952553837140a342379f7899
五一苏北数学建模,2015,综合,2015第十二届五一数模联赛优秀论文C（Word转PDF）.pdf,24,813652,True,6-1优秀论文库/五一苏北数学建模/2015/综合/2015第十二届五一数模联赛优秀论文C（Word转PDF）.pdf,0f6850429d5c86487f093dd6b7bbe0488eed3ce6cf5be4e5d0036b70b539ec1b
五一苏北数学建模,2015,综合,2015第十二届五一数模联赛优秀论文B（Word转PDF）.pdf,26,1023455,True,6-1优秀论文库/五一苏北数学建模/2015/综合/2015第十二届五一数模联赛优秀论文B（Word转PDF）.pdf,d21c0326301513cf3d3d41647a2d6ef9740e26aacb9baf51af23b55ef2a07a03
五一苏北数学建模,2015,综合,2015第十二届五一数模联赛优秀论文A（Word转PDF）.pdf,25,953531,True,6-1优秀论文库/五一苏北数学建模/2015/综合/2015第十二届五一数模联赛优秀论文A（Word转PDF）.pdf,03614d0cbbeff57120f7aed2f93edc3db28f6a49e830564cd5ffebdb413dff80
五一苏北数学建模,2015,综合,2015-B.pdf,26,576198,False,6-1优秀论文库/五一苏北数学建模/2015/综合/2015-B.pdf,802551f4b0c54d35bfa52d98ca867b852a16031cee82e86ac9c855675db4fd8f
五一苏北数学建模,2015,综合,2015-C.pdf,24,577656,False,6-1优秀论文库/五一苏北数学建模/2015/综合/2015-C.pdf,7e8a021578ffbc1cfcc1d86dbe44fbfba0f1f3ad23d80727befa6ed383ead469
五一苏北数学建模,2016,综合,2016年五一赛论文.pdf,27,1015443,False,6-1优秀论文库/五一苏北数学建模/2016/综合/2016年五一赛论文.pdf,a97e280f06dbc9e2b47a40e8e3e2d99cb608397055d1b082b67b7940f92bbeea
五一苏北数学建模,2016,综合,2016年第十三届五一赛C题优秀论文.pdf,36,528863,False,6-1优秀论文库/五一苏北数学建模/2016/综合/2016年第十三届五一赛C题优秀论文.pdf,5b370705d0dd7d38b410d72ecdc02539a8e76e56469008f11e5ec7bb546c11fd
五一苏北数学建模,2016,B题,B题-中文版.pdf,1,70934,False,6-1优秀论文库/五一苏北数学建模/2016/B题/B题-中文版.pdf,f560836ef3060ea0618788fbf88f869885b2077d931913aff443c4428650f678
全国大学生数学建模,2002,综合,[2002国赛A题特等奖]北京化工大学-车灯线光源的优化设计方案.pdf,10,440315,False,6-1优秀论文库/全国大学生数学建模/2002/综合/[2002国赛A题特等奖]北京化工大学-车灯线光源的优化设计方案.pdf,ef3436794f3e20f86072ef60dfca51dd4b3d4f592a0d4c9f9b26562ddafbfd59
全国大学生数学建模,2002,综合,[2002国赛A题特等奖]车灯线光源的优化设计方案-薛武（Word转PDF）.pdf,11,458604,True,6-1优秀论文库/全国大学生数学建模/2002/综合/[2002国赛A题特等奖]车灯线光源的优化设计方案-薛武（Word转PDF）.pdf,d96efc1db32c8699b1df0420afad4f4fb13304c36dd17e64b139a382cdc81d33
全国大学生数学建模,2003,综合,非典数学模型的建立与分析.pdf,9,1040798,False,6-1优秀论文库/全国大学生数学建模/2003/综合/非典数学模型的建立与分析.pdf,b396da4807f96f37cc51f557fbd1598ef6f7b0956611ac428743c84182d8203b
全国大学生数学建模,2003,综合,！2003-露天生产的车辆安排.pdf,13,167951,False,6-1优秀论文库/全国大学生数学建模/2003/综合/！2003-露天生产的车辆安排.pdf,c35b1d03dfefe6569ac5f490a51df0b4f3a6586f5b2fea575c029939ffe5f0e2
全国大学生数学建模,2003,综合,[2003国赛A题特等奖]厦门大学-SARS传播的数学原理及预测与控制.pdf,6,201642,False,6-1优秀论文库/全国大学生数学建模/2003/综合/[2003国赛A题特等奖]厦门大学-SARS传播的数学原理及预测与控制.pdf,975911f20384acb83b02806508c326cf0b284bdb97e1fcd1fa499022433ab3b8
全国大学生数学建模,2004,综合,电网输电分配与阻塞管理的数学模型.pdf,5,331968,False,6-1优秀论文库/全国大学生数学建模/2004/综合/电网输电分配与阻塞管理的数学模型.pdf,2b13da0b306fda13bbd7bd6575221a3d551c8f79775d71e73fa714e6a0c012e9
全国大学生数学建模,2004,综合,2004-北京奥运会临时迷你超市（Word转PDF）.pdf,19,692847,True,6-1优秀论文库/全国大学生数学建模/2004/综合/2004-北京奥运会临时迷你超市（Word转PDF）.pdf,9f0fb1674469cb0da7927c8c0a3c912ac7e1c416301c56e9c3710340d679762b
全国大学生数学建模,2004,综合,！奥运会临时超市网点的设计.pdf,26,431094,False,6-1优秀论文库/全国大学生数学建模/2004/综合/！奥运会临时超市网点的设计.pdf,0a492c63a9724eae8bb2c800fec697cc0accd8323180edc33d1aafccd69af933
全国大学生数学建模,2004,综合,[2004国赛B题特等奖]武汉大学-电力市场输电阻塞管理模型.pdf,14,1422549,False,6-1优秀论文库/全国大学生数学建模/2004/综合/[2004国赛B题特等奖]武汉大学-电力市场输电阻塞管理模型.pdf,123536622c61e0287b6a9f5afe70cc8227d3245cadc35a058d880bbea194ba59
全国大学生数学建模,2004,综合,2004-电力市场的输电阻塞问题.pdf,13,217893,False,6-1优秀论文库/全国大学生数学建模/2004/综合/2004-电力市场的输电阻塞问题.pdf,37ddc8a16b1a57cb69e97232695e246316e1a579030c31de3fd1632055b73f24
全国大学生数学建模,2004,综合,电力市场的输电阻塞优化管理.pdf,8,571900,False,6-1优秀论文库/全国大学生数学建模/2004/综合/电力市场的输电阻塞优化管理.pdf,4bfecb89f7bc73ff786b495b738c9823e57da0b66543295fe13f81021fc34988
全国大学生数学建模,2004,综合,电力市场的输电阻塞管理-w（Word转PDF）.pdf,18,529136,True,6-1优秀论文库/全国大学生数学建模/2004/综合/电力市场的输电阻塞管理-w（Word转PDF）.pdf,9b9afc4a4cd6596f0964db371d0e46214a32530e7c837f8f44811cfa0549ece8
全国大学生数学建模,2004,综合,奥运会超市网点布局.pdf,20,582853,False,6-1优秀论文库/全国大学生数学建模/2004/综合/奥运会超市网点布局.pdf,caf4df63baeab258d48a407aab9625c0ecada35d6b681c97b30b7b5827e30ee5
全国大学生数学建模,2005,综合,[2005国赛B题特等奖]DVD租赁优化方案（Word转PDF）.pdf,15,507250,True,6-1优秀论文库/全国大学生数学建模/2005/综合/[2005国赛B题特等奖]DVD租赁优化方案（Word转PDF）.pdf,a4291e78cb2964a4ee0487dd37da1a30119c165bc743bdce812324449ce3a2ba
全国大学生数学建模,2005,综合,基于回归分析的长江水质预测与控制.pdf,6,351435,False,6-1优秀论文库/全国大学生数学建模/2005/综合/基于回归分析的长江水质预测与控制.pdf,b0b3894dcfec37e698479d8c981be50089675d5909bc692c6318171053495774
全国大学生数学建模,2005,综合,长江水质评价和预测研究.pdf,6,376580,False,6-1优秀论文库/全国大学生数学建模/2005/综合/长江水质评价和预测研究.pdf,512ee697e0fb2b4a713c741d2ce12b5738cdba9c65fcb21e9a7d727c6d705620
全国大学生数学建模,2005,综合,[2005国赛B题特等奖]西北工业大学-DVD租赁优化方案(特等奖文章).pdf,15,397694,False,6-1优秀论文库/全国大学生数学建模/2005/综合/[2005国赛B题特等奖]西北工业大学-DVD租赁优化方案(特等奖文章).pdf,3cec7f62ca347d8534b14555e1a86b26b7bba0fbbaf09026a7188a9c3d1a76e2
全国大学生数学建模,2005,综合,长江水质的评价和预测.pdf,9,635457,False,6-1优秀论文库/全国大学生数学建模/2005/综合/长江水质的评价和预测.pdf,847d9b766222fd02374f9eb3dd182bf45b67f2acda221d3eb74d049c1e8e0f90
全国大学生数学建模,2006,综合,艾滋病疗法的评价及疗效的预测3（Word转PDF）.pdf,10,418362,True,6-1优秀论文库/全国大学生数学建模/2006/综合/艾滋病疗法的评价及疗效的预测3（Word转PDF）.pdf,f36ab05e5539d856648e1a6871fe7b98ae3016c45f75b9bef8181f6141e5b6a4
全国大学生数学建模,2006,综合,cumcm0619[1].pdf,22,263089,False,6-1优秀论文库/全国大学生数学建模/2006/综合/cumcm0619[1].pdf,386aa9275be056ea7c7c2fec9a7ee4148e43197257b854fe8bc7215185c18e46
全国大学生数学建模,2006,综合,艾滋病疗法的评价及疗效的预测2（Word转PDF）.pdf,11,384558,True,6-1优秀论文库/全国大学生数学建模/2006/综合/艾滋病疗法的评价及疗效的预测2（Word转PDF）.pdf,46472b08aa7abb81b489616fecf7ac361c08a059fae5055aea4f0458f6aa0625
全国大学生数学建模,2006,综合,cumcm0601[1].pdf,17,276226,False,6-1优秀论文库/全国大学生数学建模/2006/综合/cumcm0601[1].pdf,2cc2b896eb04b164da24c215585600365a6548b41424673c5b951e24fc46fd2a
全国大学生数学建模,2006,综合,cumcm0613[1].pdf,17,388642,False,6-1优秀论文库/全国大学生数学建模/2006/综合/cumcm0613[1].pdf,96c9fe33377845fc9a041aff80a49a4b30217bf03d32c6e3c319265e2819c8cf
全国大学生数学建模,2006,综合,cumcm0603[1].pdf,30,425773,False,6-1优秀论文库/全国大学生数学建模/2006/综合/cumcm0603[1].pdf,722a82d86b5ec0e2cfad950c68fbdf70eb4fc6330faa812226fe188888c381c3
全国大学生数学建模,2006,综合,cumcm0602[1].pdf,19,336997,False,6-1优秀论文库/全国大学生数学建模/2006/综合/cumcm0602[1].pdf,2c4302f9b88ef4c3b1a51ee4507c88b58cdee012d86fc747904d7c4c49e8adfa
全国大学生数学建模,2006,综合,06年B题.pdf,1,65487,False,6-1优秀论文库/全国大学生数学建模/2006/综合/06年B题.pdf,fa500581057c6da234df0405d502f877c44976ef054f75cfda78c4001f30c1fe
全国大学生数学建模,2006,综合,cumcm0609[1].pdf,16,204214,False,6-1优秀论文库/全国大学生数学建模/2006/综合/cumcm0609[1].pdf,f0204be51380473a29874f9562ec594769b175c6e0658a0f6639dc8f0f4c97f4
全国大学生数学建模,2006,综合,[2006国赛A题特等奖]海军航空工程学院出版社资源配置优化(原文).pdf,47,916103,False,6-1优秀论文库/全国大学生数学建模/2006/综合/[2006国赛A题特等奖]海军航空工程学院出版社资源配置优化(原文).pdf,9e4360f0ec3a54fa7fb64be4b12c8c862e545496d33c19bcc0adab652ca5b0ca
全国大学生数学建模,2006,综合,2006A出版社的资源配置问题（Word转PDF）.pdf,29,899843,True,6-1优秀论文库/全国大学生数学建模/2006/综合/2006A出版社的资源配置问题（Word转PDF）.pdf,df7db26a01911d95f45c7ef342ab108092958244247e4ea23919363a092ff92f
全国大学生数学建模,2006,综合,艾滋病疗法的评价及疗效的预测4（Word转PDF）.pdf,24,689372,True,6-1优秀论文库/全国大学生数学建模/2006/综合/艾滋病疗法的评价及疗效的预测4（Word转PDF）.pdf,af451dfbb0fd4622206aee7b0fd0ddebccc0a6666136931e4a64021ea534280d
全国大学生数学建模,2006,综合,06年A题.pdf,1,56657,False,6-1优秀论文库/全国大学生数学建模/2006/综合/06年A题.pdf,19286535013b3ae8739516cd32f272760b729a6da32c4cfbd40e2a8066e0fae7
全国大学生数学建模,2006,综合,艾滋病疗法的评价及疗效的预测5（Word转PDF）.pdf,29,718365,True,6-1优秀论文库/全国大学生数学建模/2006/综合/艾滋病疗法的评价及疗效的预测5（Word转PDF）.pdf,77143eeb34cb947bb84033379978ca7540d506331e07aee3495068b692b3d524
全国大学生数学建模,2006,综合,cumcm0612[1].pdf,25,295225,False,6-1优秀论文库/全国大学生数学建模/2006/综合/cumcm0612[1].pdf,604696486a79c3c1991bcdde40417f211b4d8e1ba4590230d82489283edc628f
全国大学生数学建模,2006,综合,艾滋病疗法的评价及疗效的预测1（Word转PDF）.pdf,10,361952,True,6-1优秀论文库/全国大学生数学建模/2006/综合/艾滋病疗法的评价及疗效的预测1（Word转PDF）.pdf,eae602407e9e8bdc2a093099d467b16c6f3130d9d483cfffa7641f21cc65ba1d
全国大学生数学建模,2007,综合,2007-乘公交，看奥运（Word转PDF）.pdf,59,1068192,True,6-1优秀论文库/全国大学生数学建模/2007/综合/2007-乘公交，看奥运（Word转PDF）.pdf,198f35bcf3b636a19d41438e044757a5d3440f3e621d207f601da40b7a811bf8
全国大学生数学建模,2007,综合,人口增长模型（Word转PDF）.pdf,19,723204,True,6-1优秀论文库/全国大学生数学建模/2007/综合/人口增长模型（Word转PDF）.pdf,d1d45dc01c6060a4eec5825aee287d4ee08267bc5936019e312dd808ca5d6feb
全国大学生数学建模,2007,综合,07福州大学（Word转PDF）.pdf,15,430375,True,6-1优秀论文库/全国大学生数学建模/2007/综合/07福州大学（Word转PDF）.pdf,221662cc9e5bb0099fbe5f2a05fd4a52697444424aff2381b23a977de70755a2
全国大学生数学建模,2007,综合,cumcm0708[1].pdf,18,406647,False,6-1优秀论文库/全国大学生数学建模/2007/综合/cumcm0708[1].pdf,4bec12b84cb8b209d96c238e65923659216495cfa39a8508aff9015007d9cc1b
全国大学生数学建模,2007,综合,cumcm0715[1].pdf,24,564063,False,6-1优秀论文库/全国大学生数学建模/2007/综合/cumcm0715[1].pdf,06ee5d4427908aa995d9be913bf1dd17a5ecca4dce2f2fdf4bbe361a0af131f0
全国大学生数学建模,2007,综合,[2007国赛B题特等奖]海军航空工程学院-公交查询系统的最佳乘车方案研究与设计.pdf,41,462344,False,6-1优秀论文库/全国大学生数学建模/2007/综合/[2007国赛B题特等奖]海军航空工程学院-公交查询系统的最佳乘车方案研究与设计.pdf,1f5c58a4645489c159d8ac0f9f02e2d3002e8b1e88e2219ec8ba40d2e9ee5ac4
全国大学生数学建模,2007,综合,cumcm0716[1].pdf,18,409654,False,6-1优秀论文库/全国大学生数学建模/2007/综合/cumcm0716[1].pdf,b8b087ccc7eb99f4d95421d51672cb803f1831939f9c40775d07cf4e229e8242
全国大学生数学建模,2007,综合,cumcm0714[1].pdf,25,404363,False,6-1优秀论文库/全国大学生数学建模/2007/综合/cumcm0714[1].pdf,8fc461cf6a65397cd1d580c4061085cbfd9d5b75297ef59f19b25c4593c4c9f4
全国大学生数学建模,2007,综合,cumcm0720[1].pdf,20,833007,False,6-1优秀论文库/全国大学生数学建模/2007/综合/cumcm0720[1].pdf,29926bd9b4f42826893c0d732814cc69d769c6e652f0d9429387130c53bf9fbc
全国大学生数学建模,2007,综合,cumcm0719[1].pdf,19,657525,False,6-1优秀论文库/全国大学生数学建模/2007/综合/cumcm0719[1].pdf,50795e4040cbe896c7e7e7254ef722c40ac7d4e52a0070120275f792f6e521ad
全国大学生数学建模,2007,综合,07年（Word转PDF）.pdf,24,531433,True,6-1优秀论文库/全国大学生数学建模/2007/综合/07年（Word转PDF）.pdf,3f915056adc104bf2a4ab117c23942e29585f26f9bdea5b66e2507d5561a87bd
全国大学生数学建模,2007,综合,[2007国赛D题特等奖]体能测试时间安排-崔国富-刘贺-郝鹏志.pdf,6,898887,False,6-1优秀论文库/全国大学生数学建模/2007/综合/[2007国赛D题特等奖]体能测试时间安排-崔国富-刘贺-郝鹏志.pdf,0cab2b8b7a6a4a6078e646daec8735d650336dd12208d72a8d60927bf09c9c41
全国大学生数学建模,2007,综合,cumcm0727[1].pdf,18,1037997,False,6-1优秀论文库/全国大学生数学建模/2007/综合/cumcm0727[1].pdf,cfd6eaa354e587b0bc8d65c18013b2757e9f93c96102bf7284586b1edc6d9150
全国大学生数学建模,2007,综合,07年A题.pdf,1,51563,False,6-1优秀论文库/全国大学生数学建模/2007/综合/07年A题.pdf,f6cdca8a3a85f3be560f9ccc99f0edb1c9b4c4b286c2409a4fa6a69350dec642
全国大学生数学建模,2007,综合,cumcm0718[1].pdf,16,274859,False,6-1优秀论文库/全国大学生数学建模/2007/综合/cumcm0718[1].pdf,ef462325b46229cdc89536da31c3cb9ab7a62a134177fc8b665d112ad3903c00
全国大学生数学建模,2007,综合,07年B题.pdf,1,102658,False,6-1优秀论文库/全国大学生数学建模/2007/综合/07年B题.pdf,fd5b9928b2f78ce74be11a87538a4504cb8c457e16d9bcfb077934b46bfcfddf
全国大学生数学建模,2007,综合,cumcm0723[1].pdf,26,297531,False,6-1优秀论文库/全国大学生数学建模/2007/综合/cumcm0723[1].pdf,77a10959826252f826c9a078d883eabdc2988218daa3557562ea78a065fa2ce7
全国大学生数学建模,2007,综合,基于差分方程的人口预测模型.pdf,15,193862,False,6-1优秀论文库/全国大学生数学建模/2007/综合/基于差分方程的人口预测模型.pdf,38ae29caa3ff999085a6c2128217076565d8ee6a3111338b7daee32b7761a7c1
全国大学生数学建模,2007,综合,cumcm0702[1].pdf,26,437414,False,6-1优秀论文库/全国大学生数学建模/2007/综合/cumcm0702[1].pdf,4bdf26215f50bde2b4fa8ce3358c4c747519baf473c982ed162829567d08ae44
全国大学生数学建模,2008,综合,2008年大学生数学建模竞赛B题优秀论文（3）.PDF,16,525091,False,6-1优秀论文库/全国大学生数学建模/2008/综合/2008年大学生数学建模竞赛B题优秀论文（3）.pdf,fc7ba69dc7f97fd8b7f8b7741178e1808460313a8e3f28daadbabb549aecd418
全国大学生数学建模,2008,综合,cumcm0812[1].pdf,19,617653,False,6-1优秀论文库/全国大学生数学建模/2008/综合/cumcm0812[1].pdf,7b7375bc373a9663e82d1a245c38ca90b2a34f9a5c7493473aa52ad22c3530ee
全国大学生数学建模,2008,综合,cumcm0811[1].pdf,30,1100147,False,6-1优秀论文库/全国大学生数学建模/2008/综合/cumcm0811[1].pdf,7b3da52084e89630928db84143f78c451b1fbf0aa1bbfbf3e3724bc54542e8da
全国大学生数学建模,2008,综合,高校学费合理性研究.PDF,26,354678,False,6-1优秀论文库/全国大学生数学建模/2008/综合/高校学费合理性研究.pdf,7314ada98ed57c5de7c51c10c878481d240e14a45b46ffb1b23d366e16a99814
全国大学生数学建模,2008,综合,2008高教社数码相机（Word转PDF）.pdf,27,1135398,True,6-1优秀论文库/全国大学生数学建模/2008/综合/2008高教社数码相机（Word转PDF）.pdf,08c2fb42319a0116f1350464bc19c2e8f9bd3230177e67d4ead910d30869eb65
全国大学生数学建模,2008,综合,高等教育学费标准的探讨.pdf,41,577759,False,6-1优秀论文库/全国大学生数学建模/2008/综合/高等教育学费标准的探讨.pdf,cfa7c9073d27144877359a2c3c3669cce35749d45987ba0bfdcbb3e68b596613
全国大学生数学建模,2008,综合,高等教育.pdf,24,501725,False,6-1优秀论文库/全国大学生数学建模/2008/综合/高等教育.pdf,adabced73e56700a6b5f65e307741fdd61c6ed4dca83d831dc278bceeb93eff4
全国大学生数学建模,2008,综合,cumcm0816[1].pdf,20,546803,False,6-1优秀论文库/全国大学生数学建模/2008/综合/cumcm0816[1].pdf,1746d8c2051d87e4a787ebe02c93740b564045d1d29b40b666944fb72c8dbc78
全国大学生数学建模,2008,综合,B长沙理工大学 高等教育收费.pdf,24,241615,False,6-1优秀论文库/全国大学生数学建模/2008/综合/B长沙理工大学 高等教育收费.pdf,81fba4bdb989e0ea0c9852d7cf8f0d10a89cd86e97670c7c91b51aba63f7ea59
全国大学生数学建模,2008,综合,[2008国赛A题特等奖]北京航空航天大学-数码相机定位.pdf,11,1941470,False,6-1优秀论文库/全国大学生数学建模/2008/综合/[2008国赛A题特等奖]北京航空航天大学-数码相机定位.pdf,47a0ed579e4861c3cc2ddf90aba4b03c7bf4f171a32a3286216e872eb5fa0140
全国大学生数学建模,2008,综合,08年B题.pdf,1,53988,False,6-1优秀论文库/全国大学生数学建模/2008/综合/08年B题.pdf,431552d470c2820649741115879ce7fe123682ad4433b293b82231928024a467
全国大学生数学建模,2008,综合,cumcm0815[1].pdf,18,288627,False,6-1优秀论文库/全国大学生数学建模/2008/综合/cumcm0815[1].pdf,b57a289785f47b2cf4b6ed8f8bc1a4a7628f6f8daee1879e56697c7eb2b95ed3
全国大学生数学建模,2008,综合,数码相机定位.pdf,29,334756,False,6-1优秀论文库/全国大学生数学建模/2008/综合/数码相机定位.pdf,911a0ef23294d63820ca4c8a357d52531386265a0adef6f31fec2699d547e895
全国大学生数学建模,2008,综合,2008年大学生数学建模竞赛A题优秀论文（2）.pdf,11,1895708,False,6-1优秀论文库/全国大学生数学建模/2008/综合/2008年大学生数学建模竞赛A题优秀论文（2）.pdf,faf6974add66c4eafb0001aeb5a1f74cf75f49932399b5741a38acdf0b1e76b0
全国大学生数学建模,2008,综合,cumcm0801[1].pdf,17,382234,False,6-1优秀论文库/全国大学生数学建模/2008/综合/cumcm0801[1].pdf,7833c341944121ebd762415ee46551f7cba8fcd115d61bee353658b5d5e29e5c
全国大学生数学建模,2008,综合,cumcm0803[1].pdf,13,209874,False,6-1优秀论文库/全国大学生数学建模/2008/综合/cumcm0803[1].pdf,d1f7b7f662824867402e0ab7232fe9ce3cee7906b7dba20e088c7658c370ec28
全国大学生数学建模,2008,综合,高校教育学费标准问题的研究.pdf,24,410118,False,6-1优秀论文库/全国大学生数学建模/2008/综合/高校教育学费标准问题的研究.pdf,b4c02e24c36751423e41543bc06c2b115dd47bcd89742178708bbe67e89e7b21
全国大学生数学建模,2008,综合,2008年大学生数学建模竞赛A题优秀论文（1）.pdf,39,448924,False,6-1优秀论文库/全国大学生数学建模/2008/综合/2008年大学生数学建模竞赛A题优秀论文（1）.pdf,8db80bf675121b4aefb59142c5b076c2992a1a0c6bacdba2cda825e87984bea3
全国大学生数学建模,2008,综合,2008年大学生数学建模竞赛B题优秀论文（2）.PDF,28,1034232,False,6-1优秀论文库/全国大学生数学建模/2008/综合/2008年大学生数学建模竞赛B题优秀论文（2）.pdf,42497e18247a1f96c6e94529e29bb83737e0ec18ce215590e7bbc863cde35b45
全国大学生数学建模,2008,综合,08年A题.pdf,2,71822,False,6-1优秀论文库/全国大学生数学建模/2008/综合/08年A题.pdf,92da92d5629c35c2f558f0a41f15e5a9a061fd0fc7c8c9dc471b952f71e8fdf4
全国大学生数学建模,2009,综合,2009河南科技大学（郑晨，王文霞，李培飞_A.pdf,20,564213,False,6-1优秀论文库/全国大学生数学建模/2009/综合/2009河南科技大学（郑晨，王文霞，李培飞_A.pdf,474f96c6962e5dfff54cee9cabe75ffeac8c6737f7cf080dc177db73d244400b
全国大学生数学建模,2009,综合,09B.pdf,20,719717,False,6-1优秀论文库/全国大学生数学建模/2009/综合/09B.pdf,e8e706372dba4c564a6b9156ced653ae6f0ec38ea9d92aa989e65b5ec3dbbe60
全国大学生数学建模,2009,综合,2009全国大学生数学建模A题0318.pdf,38,378206,False,6-1优秀论文库/全国大学生数学建模/2009/综合/2009全国大学生数学建模A题0318.pdf,96d9e5aa21d43c6e26ebe3cd4d8d956fa1877463cf547601c708c85e2a4fe624
全国大学生数学建模,2009,综合,2009全国大学生数学建模B题2410.pdf,17,549531,False,6-1优秀论文库/全国大学生数学建模/2009/综合/2009全国大学生数学建模B题2410.pdf,87fc322e9eab8f4970ffe344a1ee3cd7295e1535c48ff3fe9a1847bc745493dc
全国大学生数学建模,2009,综合,09A2.pdf,14,425559,False,6-1优秀论文库/全国大学生数学建模/2009/综合/09A2.pdf,e1968ffd1b90b818aca74b8738b70b6a36cf3a7f6f9e46f5b43bb7530d0e56a1
全国大学生数学建模,2009,综合,基于排队论的病床安排模型的研究.pdf,2,178273,False,6-1优秀论文库/全国大学生数学建模/2009/综合/基于排队论的病床安排模型的研究.pdf,e09c85b71c019180d4acfdd1d83521f8a63a4a1273f313bda78ac267800ee11b
全国大学生数学建模,2009,综合,09B3.pdf,23,814457,False,6-1优秀论文库/全国大学生数学建模/2009/综合/09B3.pdf,261d6b18413c3cd4aa1c198f0640019599fe940648c432b8ad64c52cf0558ee0
全国大学生数学建模,2009,综合,09A3.pdf,18,474565,False,6-1优秀论文库/全国大学生数学建模/2009/综合/09A3.pdf,f058c7881af026574adb1acd40b936484e5d7e3cf0effd9ff886041ca58c3ec1
全国大学生数学建模,2009,综合,09B1.pdf,17,7486858,False,6-1优秀论文库/全国大学生数学建模/2009/综合/09B1.pdf,7262a7c4d4672219b6dc4d83ff08255ae31850f03b2846592605583b6c7161ff
全国大学生数学建模,2009,综合,09年B题.pdf,14,88803,False,6-1优秀论文库/全国大学生数学建模/2009/综合/09年B题.pdf,4f6b2808d454344580f194a1ef9ea29ec00b639ee26f7065c513a56c169c8f97
全国大学生数学建模,2009,综合,09A.pdf,18,930074,False,6-1优秀论文库/全国大学生数学建模/2009/综合/09A.pdf,6ec6eac4ed7953914ec41ce085698a992a1f178baff514f58c44c14924eb1877
全国大学生数学建模,2009,综合,[2009国赛A题特等奖]山东大学-制动器试验台的控制方法分析.pdf,10,469544,False,6-1优秀论文库/全国大学生数学建模/2009/综合/[2009国赛A题特等奖]山东大学-制动器试验台的控制方法分析.pdf,3444527d60f5832d7419114aa7717e59b3602b8d59e87f48c6422bdd5a3e3e4b
全国大学生数学建模,2009,综合,2009全国大学生数学建模B题0309.pdf,15,445625,False,6-1优秀论文库/全国大学生数学建模/2009/综合/2009全国大学生数学建模B题0309.pdf,927319fbcbecdc0a0e0caa511f4b50cfc13c4bd0e1192fcaa577a64e22af5975
全国大学生数学建模,2009,综合,2009全国大学生数学建模A题0314.pdf,28,394022,False,6-1优秀论文库/全国大学生数学建模/2009/综合/2009全国大学生数学建模A题0314.pdf,fd4511b5ab59ad5a3530d58101adbaa28e392a7cb972f9a8ff63db8e65173c3e
全国大学生数学建模,2009,综合,2009全国大学生数学建模B题0316.pdf,17,216636,False,6-1优秀论文库/全国大学生数学建模/2009/综合/2009全国大学生数学建模B题0316.pdf,8dc38e9fb73b428afc70177af5d5ae51043459228021a31dc4a0486b90aa6bb4
全国大学生数学建模,2009,综合,09年A题.pdf,3,75591,False,6-1优秀论文库/全国大学生数学建模/2009/综合/09年A题.pdf,a618895c13fa3ae674a3ca0b81331011fef813364407513107912d487254e7be
全国大学生数学建模,2010,综合,[2010年国赛高教杯奖A题]浙江大学-储油罐的变位识别与罐容表标定（Word转PDF）.pdf,35,1074789,True,6-1优秀论文库/全国大学生数学建模/2010/综合/[2010年国赛高教杯奖A题]浙江大学-储油罐的变位识别与罐容表标定（Word转PDF）.pdf,c2a05597cca7913f2cf81a6c749780a61621fec0f152e032934b5ef1a2e1be0d
全国大学生数学建模,2010,综合,[2010年国赛MATLAB创新奖B题]大连海事大学-上海世博会影响力的定量分析.pdf,23,2655360,False,6-1优秀论文库/全国大学生数学建模/2010/综合/[2010年国赛MATLAB创新奖B题]大连海事大学-上海世博会影响力的定量分析.pdf,6b4ef4ccdad64b2aeb96797313f499f4a8826441f13a6f4b717f146585c0af06
全国大学生数学建模,2010,综合,国1-A.pdf,21,317046,False,6-1优秀论文库/全国大学生数学建模/2010/综合/国1-A.pdf,1b70fc2b0cfde834ad25af69a9d692277cc2452f4bd8c4262324515f0742cfc6
全国大学生数学建模,2010,综合,[2010年国赛MATLAB创新奖B题]上海世博会影响力的定量分析.pdf,8,9169600,False,6-1优秀论文库/全国大学生数学建模/2010/综合/[2010年国赛MATLAB创新奖B题]上海世博会影响力的定量分析.pdf,c96319883083f2aa459427c4d11b642c29ad28ed3d3acf9d10e91d892fc40c89
全国大学生数学建模,2010,综合,国2-A2.pdf,20,314260,False,6-1优秀论文库/全国大学生数学建模/2010/综合/国2-A2.pdf,ce15d44c6590b7805ee2de3fc5a716f21c38b1d5aa40cf09d39b31d575bc868a
全国大学生数学建模,2010,综合,国1-B.pdf,31,471578,False,6-1优秀论文库/全国大学生数学建模/2010/综合/国1-B.pdf,986d72a57638f3f6d498d77b91beb1d92e5078359b97539b88fb2e29abda1990
全国大学生数学建模,2010,综合,国2-B1.pdf,25,478002,False,6-1优秀论文库/全国大学生数学建模/2010/综合/国2-B1.pdf,eae21a24ed6ad87331f3a2503df0ca802f92aeff7ebceacc7e8ea19a78ecd75c
全国大学生数学建模,2010,综合,国2-B2.pdf,28,761915,False,6-1优秀论文库/全国大学生数学建模/2010/综合/国2-B2.pdf,9d9ac83d09d0a937cb5dc77f8015b8a5deb580f87319959640aa375039b229b3
全国大学生数学建模,2010,综合,国2-A1.pdf,32,897783,False,6-1优秀论文库/全国大学生数学建模/2010/综合/国2-A1.pdf,b632f2486e6120e631443641599bb9bb217f05d3292f2848bd2d6c631268f756
全国大学生数学建模,2011,综合,[2011年国赛高教杯奖A题]南京信息工程-土壤重金属污染（Word转PDF）.pdf,32,2347692,True,6-1优秀论文库/全国大学生数学建模/2011/综合/[2011年国赛高教杯奖A题]南京信息工程-土壤重金属污染（Word转PDF）.pdf,52e910a6c2a87f30f6d76830a563220ffa035420514faac4a7f4baa289a35fd6
全国大学生数学建模,2011,综合,[2011年国赛MATLAB创新奖C题]九江学院-企业退休职工养老金模型.pdf,6,2356458,False,6-1优秀论文库/全国大学生数学建模/2011/综合/[2011年国赛MATLAB创新奖C题]九江学院-企业退休职工养老金模型.pdf,fb2f83d5d1ea7efc5726347199f2ec77d5609c4a25452c90a047e9adc5decd25
全国大学生数学建模,2011,综合,2011数学建模大赛A题论文.pdf,19,629183,False,6-1优秀论文库/全国大学生数学建模/2011/综合/2011数学建模大赛A题论文.pdf,f8b0199b0ccfeec88280b333ba91200dc1ea8eca6dd1718379d8aa0856e7d28c
全国大学生数学建模,2011,综合,[2011年国赛MATLAB创新奖B题]第三军医大学交巡警平台设置与调度模型.pdf,4,669675,False,6-1优秀论文库/全国大学生数学建模/2011/综合/[2011年国赛MATLAB创新奖B题]第三军医大学交巡警平台设置与调度模型.pdf,3a7ad39877de108a71c50aad62df7b4331c580b0a0c78b54633112295da76735
全国大学生数学建模,2011,综合,[2011年国赛高教杯奖A题]南京信息工程大学城市表层土壤重金属污染.pdf,5,619415,False,6-1优秀论文库/全国大学生数学建模/2011/综合/[2011年国赛高教杯奖A题]南京信息工程大学城市表层土壤重金属污染.pdf,0e3e7a4415da89515fb8b8e4c29530b7716933549a84d94892f5c3e1a33812b0
全国大学生数学建模,2011,综合,！2011数学建模A题全国优秀论文(浙江大学)（Word转PDF）.pdf,44,3565047,True,6-1优秀论文库/全国大学生数学建模/2011/综合/！2011数学建模A题全国优秀论文(浙江大学)（Word转PDF）.pdf,63b27c4968991dcead3b46ea8f012393e7885ec525a04f79fcf675cca9b6aeb3
全国大学生数学建模,2011,综合,2011数学建模A题优秀论文（Word转PDF）.pdf,21,755314,True,6-1优秀论文库/全国大学生数学建模/2011/综合/2011数学建模A题优秀论文（Word转PDF）.pdf,fd8c85c73a05e47255fd91c1a1a870509d584cced2a3d814fea440b9c29ada93
全国大学生数学建模,2011,综合,2011数学建模A题神经网络优秀论文.pdf,24,1049374,False,6-1优秀论文库/全国大学生数学建模/2011/综合/2011数学建模A题神经网络优秀论文.pdf,ec8bf7fd658f4d04a25a5559f97dc692433bdc6eed7e7c6c3615f8e4880f7c7c
全国大学生数学建模,2011,综合,2011数学建模优秀论文A题（Word转PDF）.pdf,21,703833,True,6-1优秀论文库/全国大学生数学建模/2011/综合/2011数学建模优秀论文A题（Word转PDF）.pdf,f233bed0e8df817129e8f1ef8934ed051812d3f626b37f5438d108d9e8bdc1b1
全国大学生数学建模,2011,综合,[2011年国赛MATLAB创新奖B题]基于0-1规划的交巡警平台设置与调度模型（Word转PDF）.pdf,36,1336023,True,6-1优秀论文库/全国大学生数学建模/2011/综合/[2011年国赛MATLAB创新奖B题]基于0-1规划的交巡警平台设置与调度模型（Word转PDF）.pdf,7df94b8158661ae47fefc06e14212ecd8c6a85eb566b61537542ebf79d23f81d
全国大学生数学建模,2012,综合,A004（matlab奖）（Word转PDF）.pdf,35,1564261,True,6-1优秀论文库/全国大学生数学建模/2012/综合/A004（matlab奖）（Word转PDF）.pdf,69efaa25f05d843fd832affd1509dd4ecd7aacd8981df853e20344be4f2a6128
全国大学生数学建模,2012,B题,cumcm2012B（Word转PDF）.pdf,2,133724,True,6-1优秀论文库/全国大学生数学建模/2012/B题/cumcm2012B（Word转PDF）.pdf,b3cdadb1541bf16ee6e75334a93fa5df387d14f8a25d7fba381be79e0debb092
全国大学生数学建模,2012,B题,cumcm2012B附件6_可参考的相关概念（Word转PDF）.pdf,2,108340,True,6-1优秀论文库/全国大学生数学建模/2012/B题/cumcm2012B附件6_可参考的相关概念（Word转PDF）.pdf,b5085b4dd4fb80aa21de060238238f02dd5a16847148c4d85aa23b2bd4c98808
全国大学生数学建模,2012,A题,cumcm2012A（Word转PDF）.pdf,1,105845,True,6-1优秀论文库/全国大学生数学建模/2012/A题/cumcm2012A（Word转PDF）.pdf,63035732ae5282e02de4abc806a65e4fe576009ed444de5dec8c58928d2c3dfd
全国大学生数学建模,2012,综合,基于递归算法的建筑外表面光伏电池布局优化分析与设计（Word转PDF）.pdf,37,1611544,True,6-1优秀论文库/全国大学生数学建模/2012/综合/基于递归算法的建筑外表面光伏电池布局优化分析与设计（Word转PDF）.pdf,bd94b03f199be005197e74d8b73e5fb1174cc50c43817b87c2623928445c677f
全国大学生数学建模,2012,综合,B149答卷.pdf,30,1062310,False,2-1国赛题目+论文/2012/B149/B149/B149答卷.pdf,f0aba132aece5abf111c3328934afc1c976c60b8ef200b2f853a5c341bc7c7e0
全国大学生数学建模,2012,综合,D2012an（Word转PDF）.pdf,1,185162,True,6-1优秀论文库/全国大学生数学建模/2012/综合/D2012an（Word转PDF）.pdf,d3f46fe5b5f1da4d3c843bb664b5123d04835d3073997a30001eb2ecedf4e23d
全国大学生数学建模,2012,综合,程序（Word转PDF）.pdf,10,227545,True,6-1优秀论文库/全国大学生数学建模/2012/综合/程序（Word转PDF）.pdf,cdba41948ce5fa2fca3f04c55fe494839b526c87969350531798a83d2aae70c5
全国大学生数学建模,2012,综合,A031.pdf,20,928180,False,2-1国赛题目+论文/2012/A301.pdf,5b2af41cb63718d5111543b3a1166473af8ec2a7cc16715ed8e442a4be103139
全国大学生数学建模,2012,综合,D044（Word转PDF）.pdf,30,845465,True,6-1优秀论文库/全国大学生数学建模/2012/综合/D044（Word转PDF）.pdf,7074c4748242454baa4a6dc591e62e1161fced7b3f33c441cd2ddd7a9b087884
全国大学生数学建模,2012,综合,20121784.pdf,18,497701,False,2-1国赛题目+论文/2012/B113/20121784/20121784.pdf,80ec61d6d035fb45afcc15ea71f8424586afdd408823053472aac620b705ad61
全国大学生数学建模,2012,B题,cumcm2012B附件5_逆变器参数价格（Word转PDF）.pdf,1,101164,True,6-1优秀论文库/全国大学生数学建模/2012/B题/cumcm2012B附件5_逆变器参数价格（Word转PDF）.pdf,9a89d41b2fd4d57c2710b7a442dd55a22e4c7e1c453b586ed8aa48bb4ea65cca
全国大学生数学建模,2012,综合,B2012an（Word转PDF）.pdf,1,127367,True,6-1优秀论文库/全国大学生数学建模/2012/综合/B2012an（Word转PDF）.pdf,1c707c94ca069e005334f7383350872e066cd999acbb0e67445f6696284388e1
全国大学生数学建模,2012,综合,基于逐步回归的脑卒中发病环境因素分析及干预模型（Word转PDF）.pdf,19,722236,True,6-1优秀论文库/全国大学生数学建模/2012/综合/基于逐步回归的脑卒中发病环境因素分析及干预模型（Word转PDF）.pdf,32e8698c6b2571e6cde0e8a2394e8407ae4067d04956ee590c09de2366f7cb20
全国大学生数学建模,2012,B题,cumcm2012B附件7_小屋的建筑要求（Word转PDF）.pdf,1,51292,True,6-1优秀论文库/全国大学生数学建模/2012/B题/cumcm2012B附件7_小屋的建筑要求（Word转PDF）.pdf,052faf352215b93b58cd6ce817a9353be2ff6c30360d199152353d5de7c7baea
全国大学生数学建模,2012,综合,A285.pdf,41,1751739,False,2-1国赛题目+论文/2012/A285/A0285/A285.pdf,8b3ba564f1726cf9b0471f6e1495840041d6093f72983fc771d36ba6724f67cd
全国大学生数学建模,2012,综合,A2012an（Word转PDF）.pdf,1,120149,True,6-1优秀论文库/全国大学生数学建模/2012/综合/A2012an（Word转PDF）.pdf,047a405bbc5465b9ac1ed70666dc87976c94034280c6e3bd60b5832b500901d9
全国大学生数学建模,2012,C题,readme（Word转PDF）.pdf,1,126573,True,6-1优秀论文库/全国大学生数学建模/2012/C题/readme（Word转PDF）.pdf,edd06e4d1cccb21d684d00c1bc5d04af4d4de259f086f12f1d0067c710492d23
全国大学生数学建模,2012,C题,cumcm2012C（Word转PDF）.pdf,1,124514,True,6-1优秀论文库/全国大学生数学建模/2012/C题/cumcm2012C（Word转PDF）.pdf,c8cd060d747d5c8f5b4c2f647a4f4bc359519f079adb5ceca8b89094f6d03d10
全国大学生数学建模,2012,B题,cumcm2012B附件1_光伏电池组件的分组及逆变器选择的要求（Word转PDF）.pdf,2,96519,True,6-1优秀论文库/全国大学生数学建模/2012/B题/cumcm2012B附件1_光伏电池组件的分组及逆变器选择的要求（Word转PDF）.pdf,24ce4580fc8f6cfdf4b02289d9f5f704a64e165fe7ded7931aa328f082cc2094
全国大学生数学建模,2012,综合,C010(matlab奖)（Word转PDF）.pdf,28,1371240,True,6-1优秀论文库/全国大学生数学建模/2012/综合/C010(matlab奖)（Word转PDF）.pdf,e7ca269bad746b2b645645e9d48d4aec43f0408c8c585eb596e251b020f3a075
全国大学生数学建模,2012,综合,A335.pdf,36,1361240,False,2-1国赛题目+论文/2012/A335.pdf,015c3dfaafbf06a93ae52a00c952373772aec0d006f5883dac202b9927a7a55e
全国大学生数学建模,2012,综合,[2012年国赛MATLAB创新奖A题]桂林理工大学-葡萄酒的评价（Word转PDF）.pdf,35,1565470,True,6-1优秀论文库/全国大学生数学建模/2012/综合/[2012年国赛MATLAB创新奖A题]桂林理工大学-葡萄酒的评价（Word转PDF）.pdf,28773e896c0f95a499a76bc3833a3a37984bfb7b80d6c70797f9853b4ff0ad96
全国大学生数学建模,2012,综合,A441.pdf,27,913961,False,2-1国赛题目+论文/2012/A441.pdf,bf211e0d2901698f856b2b75b528419b89fed8c408950a1596970259ebecae84
全国大学生数学建模,2012,综合,B077.pdf,34,410426,False,2-1国赛题目+论文/2012/B077/B077.pdf,8059c92cc76a4fff6d09f47044e7cd5ddcadafe7fdbdf423d279da0649e7f028
全国大学生数学建模,2012,综合,[2012年国赛MATLAB创新奖C题]重庆建筑工程学院- 脑卒中发病环境分析（Word转PDF）.pdf,28,1366756,True,6-1优秀论文库/全国大学生数学建模/2012/综合/[2012年国赛MATLAB创新奖C题]重庆建筑工程学院- 脑卒中发病环境分析（Word转PDF）.pdf,5f0c45d975ec18fe43aab75ed256f6d7f4fde8111206a9cf8a74acec024595b2
全国大学生数学建模,2012,综合,10121505（Word转PDF）.pdf,33,1115879,True,6-1优秀论文库/全国大学生数学建模/2012/综合/10121505（Word转PDF）-eb5126ee.pdf,eb5126ee01898bad7d174ce8839e1b2bcb18e199a161c30191db288250ba7492
全国大学生数学建模,2012,综合,C2012an（Word转PDF）.pdf,1,203595,True,6-1优秀论文库/全国大学生数学建模/2012/综合/C2012an（Word转PDF）.pdf,5489ea4046edb950163d4b3fe3a00d146f1a8477d4af50fd9f079340f2333c18
全国大学生数学建模,2012,D题,CUMCM_2012_D_Chinese（Word转PDF）.pdf,2,174462,True,6-1优秀论文库/全国大学生数学建模/2012/D题/CUMCM_2012_D_Chinese（Word转PDF）.pdf,6fa83434d346090e0a7a034704af5c4c6c7b1752fa03e1313a46eebf5f6a6cb3
全国大学生数学建模,2012,综合,10121505（Word转PDF）.pdf,33,1114649,True,6-1优秀论文库/全国大学生数学建模/2012/综合/10121505（Word转PDF）.pdf,e07716e9dfe7c356083330e6ee5465f6b9ff1ec0c6ddd5f96cc564a5ba02e247
全国大学生数学建模,2012,综合,format2012（Word转PDF）.pdf,3,211238,True,6-1优秀论文库/全国大学生数学建模/2012/综合/format2012（Word转PDF）.pdf,1b2bfb14270ad506bed9ae6f2a5116c7d57699d47da45fd2dae438fb9fcc6885
全国大学生数学建模,2013,综合,附件（Word转PDF）.pdf,11,304364,True,6-1优秀论文库/全国大学生数学建模/2013/综合/附件（Word转PDF）.pdf,09770104727c09441a716cc0b05a474ef686ff441b8bc0fcec3f8954bf90c851
全国大学生数学建模,2013,综合,814 姜荣杰 朱佳亭 金建邦.pdf,33,2292097,False,2-1国赛题目+论文/2013/B254/814姜荣杰，朱佳亭，金建邦/814 姜荣杰 朱佳亭 金建邦.pdf,a760a38dc77d74c73677676897f2bae351a586f138e3003c1c700b091567abd8
全国大学生数学建模,2013,综合,5486.pdf,35,1824385,False,2-1国赛题目+论文/2013/A056/5486/5486.pdf,bae180e8fe47c11e9096a3bd2484fc08e66fcfe6969e65c6c644679ed7cab02d
全国大学生数学建模,2013,综合,周晨阳周登岳孔垂烨A.pdf,44,1408007,False,6-1优秀论文库/全国大学生数学建模/2013/综合/周晨阳周登岳孔垂烨A.pdf,aa45ebd949fbba417510283fc74bb37cd88cfa3a765f33d2389bdd8f6f34d5c8
全国大学生数学建模,2013,综合,B0129.pdf,51,8123796,False,2-1国赛题目+论文/2013/B088/B1302/B0129.pdf,0b3d77810eb6056776e7a6859f9bd78e33556774e62f30386e9d7d5c74125b1f
全国大学生数学建模,2013,C题,成都工业学院 专5 C 肖瑜琳 刘新燕 黄龙.pdf,39,913379,False,2-1国赛题目+论文/2013/C048/1C2302/成都工业学院 专5 C 肖瑜琳 刘新燕 黄龙.pdf,526a5ab01f6ab20f295cbe908ab214db2611bfd62ef97cc50f9f26c025f33523
全国大学生数学建模,2013,A题,A-13241002-黄小敏，黄程，王露.pdf,40,1129558,False,2-1国赛题目+论文/2013/A352/A-13241002-黄小敏，黄程，王露.pdf,ef85a797c5cc39f80ad42fa8712d60e169ab93606622bedab1e99ec3fee75835
全国大学生数学建模,2013,综合,周晨阳周登岳孔垂烨A.pdf,44,1426393,False,6-1优秀论文库/全国大学生数学建模/2013/综合/周晨阳周登岳孔垂烨A-83633bc2.pdf,83633bc2a25cb5700a558cac2c53bbcb7b1a8e6fbb59d9947021688050ddec46
全国大学生数学建模,2013,B题,B-20001040-向航，王帆，郭树璇.pdf,32,1985170,False,6-1优秀论文库/全国大学生数学建模/2013/B题/B-20001040-向航，王帆，郭树璇.pdf,6d1a481a6629072fbc7d007cb516a14dd94ce90cbde450d1b2fc8075969b771c
全国大学生数学建模,2013,综合,基于差分方程和元胞自动机的交通阻塞模型.pdf,46,1862059,False,2-1国赛题目+论文/2013/A117/1A0902/基于差分方程和元胞自动机的交通阻塞模型.pdf,33e55f4e538f633569b146bfc218f45f0280109d8e32cad8bc3055ec576034e7
全国大学生数学建模,2013,D题,赣南师范学院科技学院 D 赖铖、袁彦、舒敏（Word转PDF）.pdf,53,2284689,True,6-1优秀论文库/全国大学生数学建模/2013/D题/赣南师范学院科技学院 D 赖铖、袁彦、舒敏（Word转PDF）.pdf,7c3607637377275c5c6973116c83c4cafbab937ecdedc3bef49a721ef8c98d53
全国大学生数学建模,2013,B题,B-20001040-向航，王帆，郭树璇.pdf,32,1850748,False,2-1国赛题目+论文/2013/B379/B-20001040-向航，王帆，郭树璇.pdf,73bc53f48e378e34a7824314f31f28084a73032a36bc5393d790944d9e463731
全国大学生数学建模,2013,综合,A0114.pdf,32,1927762,False,2-1国赛题目+论文/2013/A205/A1303/A0114.pdf,5a1f660b0903fb03aacc5271508fb9c672b0b7286f1871b4f1cb6837a1cba0ea
全国大学生数学建模,2013,综合,唐隽玉，孙雪清，胡文伟.pdf,32,3459514,False,2-1国赛题目+论文/2013/B201/唐隽玉，胡文伟，孙雪清/唐隽玉，孙雪清，胡文伟.pdf,b0a4938f88e7ddc64b704368db626cc32610f0fbe9a1c6757014dbb6889b85fc
全国大学生数学建模,2013,综合,A0114.pdf,32,1973882,False,6-1优秀论文库/全国大学生数学建模/2013/综合/A0114.pdf,1db487fc2dad06fac4a67261aeae675fe6d1227598589c16db9ae47ee5c85079
全国大学生数学建模,2013,综合,碎纸复原模型与算法 - 广东财经大学 - 陈佳润，谢天旺，王行志.pdf,31,2666854,False,2-1国赛题目+论文/2013/B506.pdf,4c01b66554a65ea520ee4f5a7207dee89c6a53986599648b7435143629b5061f
全国大学生数学建模,2013,综合,论文（Word转PDF）.pdf,81,2698600,True,6-1优秀论文库/全国大学生数学建模/2013/综合/论文（Word转PDF）.pdf,071de415e4e4295c1d3a4d97e7dab7b1fd088f49a5b96461cfd06d4e122d5bb6
全国大学生数学建模,2013,B题,程序运行环境说明（Word转PDF）.pdf,4,307780,True,6-1优秀论文库/全国大学生数学建模/2013/B题/程序运行环境说明（Word转PDF）.pdf,52ca4039c2779a115c1ccdcc5b8f2874e2f57fb45f56cd836aa1d62ee1a760a8
全国大学生数学建模,2014,C题,论文正文.pdf,27,447752,False,2-1国赛题目+论文/2014/C055/C15018009_丁晓彤_回荣洲_段君宜/论文正文.pdf,be2f2f9c0106de1fbda181a73bfc1f792ab5fc1cebfb97b2d0c6b4f54eaf1283
全国大学生数学建模,2014,综合,程序（Word转PDF）.pdf,3,121134,True,6-1优秀论文库/全国大学生数学建模/2014/综合/程序（Word转PDF）.pdf,b914159387e5d0a856025ea311965bbfe340997edfc07a83b35545058d73a37e
全国大学生数学建模,2014,综合,11（Word转PDF）.pdf,15,395961,True,6-1优秀论文库/全国大学生数学建模/2014/综合/11（Word转PDF）.pdf,97b1fe3062ab902ea23d7a8577348d6fd79fd289de257a69f3817f242060fd85
全国大学生数学建模,2014,综合,23068006（Word转PDF）.pdf,74,2216388,True,6-1优秀论文库/全国大学生数学建模/2014/综合/23068006（Word转PDF）.pdf,a7b79895830fa7a3cb86d0aa4032da33ca3974dbb68e169994eb07bd62298f00
全国大学生数学建模,2014,A题,A11141001_陈超_唐梦珏_杨克宇.pdf,28,1317711,False,6-1优秀论文库/全国大学生数学建模/2014/A题/A11141001_陈超_唐梦珏_杨克宇.pdf,3643716f37b325cfc6866ffd408f9ddbaaf0a807234ea0c49818273745b0e3df
全国大学生数学建模,2014,B题,B16046004_程双泽_李君昌_陈凌勤.pdf,25,1135214,False,6-1优秀论文库/全国大学生数学建模/2014/B题/B16046004_程双泽_李君昌_陈凌勤.pdf,212a995fca420f927fe0acbea7ff8b2d6af44a5a92cbe7ec01eaa5bce27e15c4
全国大学生数学建模,2014,B题,附录（Word转PDF）.pdf,4,79746,True,6-1优秀论文库/全国大学生数学建模/2014/B题/附录（Word转PDF）.pdf,0a8b83841e7e52d445b54e3547211b02a558bc020b6c29db3160d5c247f07a1b
全国大学生数学建模,2015,综合,[2015年国赛MATLAB创新奖B题]西安电子科技大学-“互联网+”时代的出租车资源配置.pdf,26,1219269,False,6-1优秀论文库/全国大学生数学建模/2015/综合/[2015年国赛MATLAB创新奖B题]西安电子科技大学-“互联网+”时代的出租车资源配置.pdf,2064d738a21b5ea2d6f75f75086ea1e8a9ca8cfd67b9250938752b3780a57966
全国大学生数学建模,2015,综合,[2015年国赛高教杯奖A题]电子科技大学-太阳影子定位的多目标优化模型.pdf,30,484208,False,6-1优秀论文库/全国大学生数学建模/2015/综合/[2015年国赛高教杯奖A题]电子科技大学-太阳影子定位的多目标优化模型.pdf,39617b7bd4819c76e6150f122920c1108cbe031c5f76fa123dedeefefc6433ed
全国大学生数学建模,2015,综合,[2015年国赛高教杯奖C题]山东英才学院-“月上柳梢头”研究模型的建立与分析（Word转PDF）.pdf,31,1446159,True,6-1优秀论文库/全国大学生数学建模/2015/综合/[2015年国赛高教杯奖C题]山东英才学院-“月上柳梢头”研究模型的建立与分析（Word转PDF）.pdf,585104cd8427a8567557749fb8a012e8ebdf8ac26198b1774976118f172bbc3a
全国大学生数学建模,2015,综合,[2015年国赛MATLAB创新奖D题]解放军重庆通信学院-众筹筑屋规划方案设计模型.pdf,21,697046,False,6-1优秀论文库/全国大学生数学建模/2015/综合/[2015年国赛MATLAB创新奖D题]解放军重庆通信学院-众筹筑屋规划方案设计模型.pdf,a62b7064d3408afe11ed863c767f5da32049f77f6c2edc5bc4461a9eb373a351
全国大学生数学建模,2016,综合,[2016年国赛高教杯奖D题]蚌埠士官学院-风电场运行状况分析及优化研究.pdf,24,931538,False,6-1优秀论文库/全国大学生数学建模/2016/综合/[2016年国赛高教杯奖D题]蚌埠士官学院-风电场运行状况分析及优化研究.pdf,016ed9208cceecf450ad139f73b9c0ab1882fd165e056df0c172fc5bc1fb6d98
全国大学生数学建模,2016,综合,[2016年国赛MATLAB创新奖C题]海军蚌埠士官学校-电池剩余放电时间预测.pdf,22,863373,False,6-1优秀论文库/全国大学生数学建模/2016/综合/[2016年国赛MATLAB创新奖C题]海军蚌埠士官学校-电池剩余放电时间预测.pdf,e752abba92d5ba3e17e23ee40369960aba65d863d36524da19463b3fab8e41c2
全国大学生数学建模,2016,综合,[2016年国赛高教杯奖A题]东南大学-系泊系统的设计.pdf,39,1476763,False,6-1优秀论文库/全国大学生数学建模/2016/综合/[2016年国赛高教杯奖A题]东南大学-系泊系统的设计.pdf,28b81e74c4f8b8621e433d6f5c02dcc8e2b5317e44d8c77d4dab58fd79fe8e66
全国大学生数学建模,2016,综合,[2016年国赛MATLAB创新奖B题]中国人民大学-小区开放道路通行影响.pdf,36,968940,False,6-1优秀论文库/全国大学生数学建模/2016/综合/[2016年国赛MATLAB创新奖B题]中国人民大学-小区开放道路通行影响.pdf,6ed6d39ab9fcf2afaa0e039c408af9688e89a5f517e15758a2fc243fcf15b019
全国大学生数学建模,2017,综合,[2017年国赛MATLAB创新奖A题]浙江大学-CT 系统参数标定及成像.pdf,47,2250690,False,6-1优秀论文库/全国大学生数学建模/2017/综合/[2017年国赛MATLAB创新奖A题]浙江大学-CT 系统参数标定及成像.pdf,df29e714d5a88a92012584d96ae69fd343a145818ecbb8779c927d9347a64690
全国大学生数学建模,2017,综合,[2017年国赛高教杯奖B题]华中科技大学-基于聚类分析的双目标优化定价模型.pdf,51,1570512,False,6-1优秀论文库/全国大学生数学建模/2017/综合/[2017年国赛高教杯奖B题]华中科技大学-基于聚类分析的双目标优化定价模型.pdf,b6692f8450d8621dd1224ff05503a5a6df8b243c9500570090942db0efe269c7
全国大学生数学建模,2017,综合,[2017年国赛高教杯奖D题]西安铁路职业技术学院-化工厂巡检路径规划与建模.pdf,26,1282932,False,6-1优秀论文库/全国大学生数学建模/2017/综合/[2017年国赛高教杯奖D题]西安铁路职业技术学院-化工厂巡检路径规划与建模.pdf,4d57578c83e99f59f475113f9654d178349698525661e0202eaaab5d4a957cad
全国大学生数学建模,2017,综合,[2017年国赛MATLAB创新奖C题]南京铁道职业技术学院-颜色与物质浓度的辨识问题.pdf,31,1532614,False,6-1优秀论文库/全国大学生数学建模/2017/综合/[2017年国赛MATLAB创新奖C题]南京铁道职业技术学院-颜色与物质浓度的辨识问题.pdf,164a110623dfe38a4d6cd1c17bab3ebc5fb37ac42cc3b5bffbc595c9065423e6
全国大学生数学建模,2019,综合,B057.pdf,27,2771825,False,6-1优秀论文库/全国大学生数学建模/2019/综合/B057.pdf,6b883055e813769e0e9a3daa2cd612b4f3d6c2839457239dad1051a50977dddc
全国大学生数学建模,2019,综合,A023.pdf,45,1824961,False,6-1优秀论文库/全国大学生数学建模/2019/综合/A023.pdf,b30806bd03bb15db9ba3e4abd665a6153383ddc50a5ec69b1e00aa021a96a012
全国大学生数学建模,2019,综合,B047.pdf,35,1664206,False,6-1优秀论文库/全国大学生数学建模/2019/综合/B047.pdf,3deaf76d8885468bf2d68ae7c1e00d7d1f4e8b43bf0d799fa4dae98e3b54550f
全国大学生数学建模,2019,综合,C308.pdf,30,5992671,False,6-1优秀论文库/全国大学生数学建模/2019/综合/C308.pdf,3f5d0a11a2d9af40ad9aaf1d39ec08ef2061925aa1ea2453fa8ec49f3d094b5c
全国大学生数学建模,2019,综合,A190.pdf,42,2720722,False,6-1优秀论文库/全国大学生数学建模/2019/综合/A190.pdf,69ee8e0c3aca043117aec3e01aa77beae564fb962a834380cc634192660bf011
全国大学生数学建模,2019,综合,B136.pdf,32,1873635,False,6-1优秀论文库/全国大学生数学建模/2019/综合/B136.pdf,397bd85c9aa09d058c8c508c6be8c11da9b440c5fcd89f37b6de68bd6449b032
全国大学生数学建模,2019,综合,A240.pdf,24,1145054,False,6-1优秀论文库/全国大学生数学建模/2019/综合/A240.pdf,1812dc07ab8c89100af9f21b3ed2617b0dcb8c33b32f4696a05668306f87e9b6
全国大学生数学建模,2019,综合,C137.pdf,39,2922057,False,6-1优秀论文库/全国大学生数学建模/2019/综合/C137.pdf,cf15d02140227848170cd1b44d71a789e909e054e93a8592072682bd41cac01c
全国大学生数学建模,2019,综合,C044.pdf,39,2483340,False,6-1优秀论文库/全国大学生数学建模/2019/综合/C044.pdf,47467671d8ef725eeb7af4459501736a49d0d2d52188d172d95226695b90f560
全国大学生数学建模,年份待核实,综合,[2010年国赛高教杯奖D题]江西应用学院2011年D题的一种解法与若干思考.pdf,4,194305,False,6-1优秀论文库/全国大学生数学建模/年份待核实/综合/[2010年国赛高教杯奖D题]江西应用学院2011年D题的一种解法与若干思考.pdf,9b5836abf049954f9248a9c3c70ec54fe61a8664bb144e4de2b60086185c3ec2
电工杯,2009,综合,2009年电工杯数学建模一等奖论文(20160523173430).pdf,38,5953564,False,6-1优秀论文库/电工杯/2009/综合/2009年电工杯数学建模一等奖论文(20160523173430).pdf,6bb4666e5a7677e47a4cef3d9d1ec1a6d67419be29c7d104d8957d5777b39a21
电工杯,2009,综合,2009年电工杯数学建模一等奖论文.pdf,45,6503960,False,6-1优秀论文库/电工杯/2009/综合/2009年电工杯数学建模一等奖论文.pdf,333036c900931f48db5ab2adf00ac187f126ec9a56fadefe36e1f5e5b18ca7bd
电工杯,2011,综合,电工杯数学建模国一论文(11年11月题二).pdf,23,4345462,False,6-1优秀论文库/电工杯/2011/综合/电工杯数学建模国一论文(11年11月题二).pdf,1ff21af1f7ce104323241d0cb8fc1e87a31f21eb202dbacd0d86fdc821bebcd6
电工杯,2011,综合,2011电工杯论文A题一等奖.pdf,40,7402970,False,6-1优秀论文库/电工杯/2011/综合/2011电工杯论文A题一等奖.pdf,2acc39bd29587348cd2d0235c1338b32ce6e7fb416404785493df8fa4abfa2fc
电工杯,2011,综合,2011年全国电工杯数学建模全国一等奖论文.pdf,61,8346399,False,6-1优秀论文库/电工杯/2011/综合/2011年全国电工杯数学建模全国一等奖论文.pdf,ab5b4e7ad07100c4f24d5042c818e080f2139686e62343d926418842c1d703b9
电工杯,2011,综合,2011“电工杯”数学建模B题.pdf,22,4837324,False,6-1优秀论文库/电工杯/2011/综合/2011“电工杯”数学建模B题.pdf,7365e159b1b919c976668c929b8e8a672f8147ba831aeb42ccfb08175dc11fdd
电工杯,2013,综合,2013年电工杯优秀论文A题.pdf,35,7706117,False,6-1优秀论文库/电工杯/2013/综合/2013年电工杯优秀论文A题.pdf,b525b4bbb91b606f66d399828cfd288c529e7c267f06a01f2f28ca4f9126ecc9
电工杯,2013,综合,2013年“电工杯”B题优秀论文.pdf,22,4521079,False,6-1优秀论文库/电工杯/2013/综合/2013年“电工杯”B题优秀论文.pdf,0037f4ae137bf4be2e7db2a069039c3d8bb42f971b7d5df4154b63c926e286b8
电工杯,2013,综合,13年电工杯B题优秀论文.pdf,9,1473370,False,6-1优秀论文库/电工杯/2013/综合/13年电工杯B题优秀论文.pdf,0926bc86908291cc4a720d88744d8784fe2a5ddc5dab7fff40b14195168c61cb
电工杯,年份待核实,综合,电工杯数模竞赛论文.pdf,14,2856683,False,6-1优秀论文库/电工杯/年份待核实/综合/电工杯数模竞赛论文.pdf,6f44429b5db48d962dbc464bf7a09112f2ad7fc50e1de78b687e8eabdcf77ef8
电工杯,年份待核实,综合,电工杯论文.pdf,20,3885907,False,6-1优秀论文库/电工杯/年份待核实/综合/电工杯论文.pdf,de0c80354e1441a9fdc834635cc873c00f9153ea1a5d637abfda80fa9c857813
研究生数学建模,2004,综合,装甲兵研究生录取问题（投稿）.pdf,5,315738,False,6-1优秀论文库/研究生数学建模/2004/综合/装甲兵研究生录取问题（投稿）.pdf,05ab4479790d853e647706cea50a5cfa183c47193daabd9927093fcc144eed1e
研究生数学建模,2004,综合,中山C(压缩版）.pdf,10,534298,False,6-1优秀论文库/研究生数学建模/2004/综合/中山C(压缩版）.pdf,df95f4a7395abcefeab84195ebb4fc237a2f8933305ba4299bee6f85c4604576
研究生数学建模,2004,综合,售后服务数据的应用.pdf,5,400135,False,6-1优秀论文库/研究生数学建模/2004/综合/售后服务数据的应用.pdf,2e88af9be633ad838175e6b9a503a12f308eece5be72a0982e2b69daaf48171b
研究生数学建模,2004,综合,武汉大学竞赛论文（10面）研究.pdf,10,542973,False,6-1优秀论文库/研究生数学建模/2004/综合/武汉大学竞赛论文（10面）研究.pdf,b7872806ced50b4e0c4160cde644ba6c42122abf522ec7357ad25d43af965422
研究生数学建模,2004,综合,信息工程大学电子技术学院的研究生建模竞赛获奖论文实用下料数学模型.pdf,5,386574,False,6-1优秀论文库/研究生数学建模/2004/综合/信息工程大学电子技术学院的研究生建模竞赛获奖论文实用下料数学模型.pdf,1cde15d03761c619708876c6c7f0af8c529ba9b63df4b30a7b5237025ad3a58e
研究生数学建模,2004,综合,华东理工大学数模竞赛472队的论文.pdf,5,297709,False,6-1优秀论文库/研究生数学建模/2004/综合/华东理工大学数模竞赛472队的论文.pdf,0a8ed5595945888ab999cff5032af9cda8785e6de5f2b18d3168fa586d2ce2cc
研究生数学建模,2004,综合,目标定位最优布局的研究（王郑耀，汪洪武，杨敏）.pdf,30,1464223,False,6-1优秀论文库/研究生数学建模/2004/综合/目标定位最优布局的研究（王郑耀，汪洪武，杨敏）.pdf,cfb2e6089aa2983f94982e5ae33bf4f967c987d050f79053bfb3fe691bdf0dd2
研究生数学建模,2004,综合,王文娟论文基于最大满意度的研究生录取问题（new).pdf,5,334818,False,6-1优秀论文库/研究生数学建模/2004/综合/王文娟论文基于最大满意度的研究生录取问题（new).pdf,31abd32a42c83e5caa6d2811ca780f610461b935b7480669c33e2abec0646540
研究生数学建模,2004,综合,厦门大学研究生建模论文.pdf,6,471985,False,6-1优秀论文库/研究生数学建模/2004/综合/厦门大学研究生建模论文.pdf,19ef2414c752e48cc10bbf67f86e6433cb0bb87b185c8a14a1f3445dbff0573b
研究生数学建模,2004,综合,南京大学论文.pdf,5,429264,False,6-1优秀论文库/研究生数学建模/2004/综合/南京大学论文.pdf,5f82e5b258ee07a9d0006c40fbcc4e99499e2971a5a6cfb6eb36ca24a825d188
研究生数学建模,2005,综合,论文1313.pdf,29,1092350,False,6-1优秀论文库/研究生数学建模/2005/综合/论文1313.pdf,3497d4be5c09592e31f49a151a35aaef2bb1ac9ebf3020fb6cf47f9222a8efbb
研究生数学建模,2005,综合,城市出租车交通规划综合模型.pdf,37,1399317,False,6-1优秀论文库/研究生数学建模/2005/综合/城市出租车交通规划综合模型.pdf,20f1e51539f128db8b771a53960c818e708fb0c167bb59ff36e5acddb949c09b
研究生数学建模,2005,D题,d题论文.pdf,9,403162,False,6-1优秀论文库/研究生数学建模/2005/D题/d题论文.pdf,1ab0e214e4b446b1932c19dbb070e35cbf5496eec7abd6f1a1f66afb8b2292bf
研究生数学建模,2005,综合,飞机加油东南大学1035.pdf,32,1509406,False,6-1优秀论文库/研究生数学建模/2005/综合/飞机加油东南大学1035.pdf,fb5237ba8d0b33b14943990ee647edcdfaf03a6ced173e64ad7c71b2c00994b4
研究生数学建模,2005,综合,数学建模报告B题_胡亚峰.pdf,8,431976,False,6-1优秀论文库/研究生数学建模/2005/综合/数学建模报告B题_胡亚峰.pdf,29f3b8eb3443e87bcd4db551c11dc065573fe1a0279b6da557e5d936ff30929f
研究生数学建模,2005,A题,1418-A题.pdf,14,762725,False,6-1优秀论文库/研究生数学建模/2005/A题/1418-A题.pdf,3c6cd1b8bb2bd13129c25505a6d933324ad3a098d1f1fa40cb8405e4dc4642dc
研究生数学建模,2005,综合,论文.pdf,24,1047377,False,6-1优秀论文库/研究生数学建模/2005/综合/论文.pdf,edcce7b545a85f76a81dd9a09104630de31e4ce208e1537edd8ad9cc2b9fa727
研究生数学建模,2005,B题,1415 B题论文.pdf,19,827289,False,6-1优秀论文库/研究生数学建模/2005/B题/1415 B题论文.pdf,3cba02ff818e4ae86e3bc23a5f783ad65479465ab8dfc7777732dd7288120a87
研究生数学建模,2005,A题,交通网络的通行时间预测与最优路径决策1433-A 王邦进 唐蕾 姜  萍.pdf,17,879794,False,6-1优秀论文库/研究生数学建模/2005/A题/交通网络的通行时间预测与最优路径决策1433-A 王邦进 唐蕾 姜  萍.pdf,620fdcbd0be9577fd431070dad0ad3ec62116934e24d8defaafdaf8610f0a04c
研究生数学建模,2005,综合,余自若张明波杨风利a.pdf,21,919283,False,6-1优秀论文库/研究生数学建模/2005/综合/余自若张明波杨风利a.pdf,8c37d57ece13b6f363d7152c2d34ef8dfb0bec8498e6578f090fe4192f76b22e
研究生数学建模,2005,综合,排队论模型解决出租车最佳数量预测.pdf,40,1902995,False,6-1优秀论文库/研究生数学建模/2005/综合/排队论模型解决出租车最佳数量预测.pdf,2a2ad201409dbdf8f3191b321ae0ff6f0e1e39a25ec37c21dedcff4a791168d4
研究生数学建模,2005,综合,仓库容量有限条件下的随机存贮管理.pdf,19,759324,False,6-1优秀论文库/研究生数学建模/2005/综合/仓库容量有限条件下的随机存贮管理.pdf,4f1e55f067496e94ba5024e8530ab283c5381338aba34dedd49b24877d8c2b01
研究生数学建模,2006,综合,定稿2.pdf,22,965298,False,6-1优秀论文库/研究生数学建模/2006/综合/定稿2.pdf,05fca045bc71e9210b90133268189ce5b01986a6f6db3d45996bcf2cb8e93964
研究生数学建模,2006,综合,论文正文.pdf,38,1609181,False,6-1优秀论文库/研究生数学建模/2006/综合/论文正文.pdf,570f37f9e78ff985c50c99167a74c48c7c429d220cc9d4352f1299294e191003
研究生数学建模,2006,综合,最终正文.pdf,57,3738832,False,6-1优秀论文库/研究生数学建模/2006/综合/最终正文.pdf,bba26c45e52f31825345f725f856afb02e5d224a1e9d94f97ea5d1e1aa5c3543
研究生数学建模,2006,综合,论文.pdf,47,1588363,False,6-1优秀论文库/研究生数学建模/2006/综合/论文.pdf,fcd4ead00fc9e11b039e1495db16f82af3de3a6ace1b4de7120a1ea4363c77aa
研究生数学建模,2006,综合,10183011.pdf,25,1132959,False,6-1优秀论文库/研究生数学建模/2006/综合/10183011.pdf,332bc878c74ff32ef03280badd42097e8cd993864f337fb4342ea05a2bc92e7d
研究生数学建模,2006,综合,最终论文2.pdf,23,924412,False,6-1优秀论文库/研究生数学建模/2006/综合/最终论文2.pdf,292f8301be25134dc1f314fbb2415c071d45fc6a7b82a20f7176f59343d009ef
研究生数学建模,2006,综合,Ad Hoc 网络中的区域划分和资源分配问题(正文).pdf,18,945919,False,6-1优秀论文库/研究生数学建模/2006/综合/Ad Hoc 网络中的区域划分和资源分配问题(正文).pdf,824d883aff16a2358b325b5f4ad9887d2acbd726b7ab61a4d4f64eaec5306078
研究生数学建模,2006,A题,A题 02.pdf,21,1127706,False,6-1优秀论文库/研究生数学建模/2006/A题/A题 02.pdf,a57b1c0041299830d66428dbe0972d913d9d62df25969e3d3a5581689b4e6b9a
研究生数学建模,2006,综合,10394003.pdf,45,1821840,False,6-1优秀论文库/研究生数学建模/2006/综合/10394003.pdf,4d3debad7cfaeeb0d3fe4c5bda31c1ac63116c62958c9544a64d3f15756acf33
研究生数学建模,2006,综合,10286020-C论文.pdf,17,1125595,False,6-1优秀论文库/研究生数学建模/2006/综合/10286020-C论文.pdf,ad5ea294198e428c2a95e6ec5a77b0c05a8e49013ac54b730018550f738d4490
研究生数学建模,2006,综合,确定高精度参数问题(正文).pdf,25,1146313,False,6-1优秀论文库/研究生数学建模/2006/综合/确定高精度参数问题(正文).pdf,dc682283c5192fc2c42e6219ad82463e0d54111a7e233757688de2c71318cbf1
研究生数学建模,2006,综合,Ad Hoc网络中的区域划分和资源分配问题.pdf,23,1247319,False,6-1优秀论文库/研究生数学建模/2006/综合/Ad Hoc网络中的区域划分和资源分配问题.pdf,d5701aed75c58f9a0cda12705c994b600da783ce2821db3884a0fb1e22e43634
研究生数学建模,2007,综合,Doc1（Word转PDF）.pdf,4,134881,True,6-1优秀论文库/研究生数学建模/2007/综合/Doc1（Word转PDF）.pdf,18996337e5eef87f5ab8644a8c49dcdeefdf1f4fcf9109ef68f8201bd503a7ef
研究生数学建模,2007,综合,竞赛论文封面（Word转PDF）.pdf,1,251266,True,6-1优秀论文库/研究生数学建模/2007/综合/竞赛论文封面（Word转PDF）.pdf,75ed3a686b35f8bfcb9dc181cf8e68e01040602fae76cf838129c84e0ee061fc
研究生数学建模,2007,综合,23－0-29（Word转PDF）.pdf,17,443751,True,6-1优秀论文库/研究生数学建模/2007/综合/23－0-29（Word转PDF）.pdf,61bd6025444e0c96d325f2f21a11f0e185f53660916bf0c65505d950201a873c
研究生数学建模,2007,综合,邮政运输规划(1029301).pdf,35,1401212,False,6-1优秀论文库/研究生数学建模/2007/综合/邮政运输规划(1029301).pdf,89be4b01f8d7de31d66d7a96460154709510c5c8c01603012e78d9d9fb660193
研究生数学建模,2007,综合,论文.pdf,22,1099670,False,6-1优秀论文库/研究生数学建模/2007/综合/论文-82b2c558.pdf,82b2c5583af78777a33d7684fd901e9701a7f0c753bf96e0411fdde07f6fc78f
研究生数学建模,2007,综合,正文.pdf,26,998696,False,6-1优秀论文库/研究生数学建模/2007/综合/正文.pdf,b68f454ad2fd03f7a2a52d2db5506622155136c0e5d1ce338a92188fac136a02
研究生数学建模,2007,综合,1053306队C题论文.pdf,24,1050744,False,6-1优秀论文库/研究生数学建模/2007/综合/1053306队C题论文.pdf,44e3d5e129bace13db09c9909da374b4df06e834e22173da09e5b44d4f87a14a
研究生数学建模,2007,综合,论文首页（Word转PDF）.pdf,1,266890,True,6-1优秀论文库/研究生数学建模/2007/综合/论文首页（Word转PDF）.pdf,ad4196e1f57aafe65e3a48f5ecdf26122e4d97eb911a8e9ef9b5e4fe19a096f2
研究生数学建模,2007,综合,摘要（Word转PDF）.pdf,1,176235,True,6-1优秀论文库/研究生数学建模/2007/综合/摘要（Word转PDF）.pdf,d8f4ee569c654605a1f57aff063e32fd9ef1e2f036580871ccd9a973c60ed9ad
研究生数学建模,2007,D题,9003803（D）.pdf,32,1485060,False,6-1优秀论文库/研究生数学建模/2007/D题/9003803（D）.pdf,4c8332b9fc33f26683a01f10426365f836cc1f3e0071dad0e89451e8077ab469
研究生数学建模,2007,综合,1107502.pdf,27,1189002,False,6-1优秀论文库/研究生数学建模/2007/综合/1107502.pdf,a9d008fc0b682117007bb9a27c679f1ea30c172304c70f455564f7cad6a93ec7
研究生数学建模,2007,综合,论文正文.pdf,41,1728619,False,6-1优秀论文库/研究生数学建模/2007/综合/论文正文.pdf,04ad65a6d6f4b16174d1f77068ec6e4ba04e239567c2f5ee8b9556919bb87778
研究生数学建模,2007,综合,程序说明文档（Word转PDF）.pdf,1,40323,True,6-1优秀论文库/研究生数学建模/2007/综合/程序说明文档（Word转PDF）.pdf,13eca3ff06052d9a918d28fdab1b8d3ca14e7bec590a96bd183432865ad08fb6
研究生数学建模,2007,C题,影响高速公路沥青路面质量的因素.pdf,31,1216575,False,6-1优秀论文库/研究生数学建模/2007/C题/影响高速公路沥青路面质量的因素.pdf,d781f008a3727514c7dbb0dad983e889a7c91473f588d7c736790f4676dacb9a
研究生数学建模,2007,综合,1042609.pdf,40,1785808,False,6-1优秀论文库/研究生数学建模/2007/综合/1042609.pdf,7f3c384cd047263b41805adaa2870a7f9332a28c7205d6fa89cf0f7861fef5d6
研究生数学建模,2007,综合,1042202邮政运输网络中的邮路规划和邮车调度.pdf,28,1590095,False,6-1优秀论文库/研究生数学建模/2007/综合/1042202邮政运输网络中的邮路规划和邮车调度.pdf,67ac0049f7e0541a686eaec0d25c42ac9e5f82b2d9998d87f98d31e0a0cd58e5
研究生数学建模,2007,综合,1048606.pdf,16,837399,False,6-1优秀论文库/研究生数学建模/2007/综合/1048606.pdf,06b7f97962443e83149822f2dd6e7ead49879100f2a1598e173fd200827eb038
研究生数学建模,2007,综合,邮政运输网络中的邮路规划和邮车调度.pdf,18,899090,False,6-1优秀论文库/研究生数学建模/2007/综合/邮政运输网络中的邮路规划和邮车调度.pdf,76fb8cd58b489ba150b925b8a7451d38e3b6e6663f697de1e5f8eddb6560dfab
研究生数学建模,2007,综合,数模论文最终版.pdf,41,1927646,False,6-1优秀论文库/研究生数学建模/2007/综合/数模论文最终版.pdf,c72ee6629d086d479f82b07231c0e884eadd9ecc45a480410319e87a861cc0aa
研究生数学建模,2007,综合,机械臂运动路径规划的算法设计.pdf,22,1320742,False,6-1优秀论文库/研究生数学建模/2007/综合/机械臂运动路径规划的算法设计.pdf,31f9449b234ab2a15aba950bf09e1003f9b08f583ea98c4927dd8c58ee9be24c
研究生数学建模,2007,综合,内容.pdf,35,1473419,False,6-1优秀论文库/研究生数学建模/2007/综合/内容.pdf,5cac2cd0177013af3e2cdb79187d305af564a24b1bdda4f91746171c75e3b26b
研究生数学建模,2007,综合,GB 2762-2005 食品中污染物限量.pdf,9,1704974,False,6-1优秀论文库/研究生数学建模/2007/综合/GB 2762-2005 食品中污染物限量.pdf,be5e46cb9538d04489465bab7d088c7a14f41b5666e4153dfbc1b251a06e0b68
研究生数学建模,2007,综合,1031910论文.pdf,32,1231422,False,6-1优秀论文库/研究生数学建模/2007/综合/1031910论文.pdf,8016e9b84addd1c26f40805666a42da404a417042b28cee7e1271ae7a22e6ef8
研究生数学建模,2007,综合,正式论文.pdf,19,1199878,False,6-1优秀论文库/研究生数学建模/2007/综合/正式论文.pdf,ed8b945136dc214965b585cce1271370a0abaf786291446efe918cc3eaec3e2f
研究生数学建模,2007,C题,9000615封面（Word转PDF）.pdf,1,244598,True,6-1优秀论文库/研究生数学建模/2007/C题/9000615封面（Word转PDF）.pdf,90aef0d481faceebf42b4277f847d4886fb636bb97de784e8147bb09da690549
研究生数学建模,2007,综合,数学建模竞赛论文-01.pdf,31,2207867,False,6-1优秀论文库/研究生数学建模/2007/综合/数学建模竞赛论文-01.pdf,83f9068ba3faa89ae16bf61ae239262ba742dae869b3540dc8b6a030bd7d31d9
研究生数学建模,2007,综合,1002701邮政运输网络中的邮路规划和邮车调度.pdf,18,995655,False,6-1优秀论文库/研究生数学建模/2007/综合/1002701邮政运输网络中的邮路规划和邮车调度.pdf,bdc95df2c78d2c739e3c4159878bf05f717ef2db91c961b984c8be12659d1fd1
研究生数学建模,2007,综合,封面（Word转PDF）.pdf,1,243668,True,6-1优秀论文库/研究生数学建模/2007/综合/封面（Word转PDF）-7f26730b.pdf,7f26730b519730791c0af49e73e62fa803e1ee007ba6272146761db0baf2c2b8
研究生数学建模,2007,综合,1029405邮政运输网络中的邮路规划和邮车调度.pdf,18,901155,False,6-1优秀论文库/研究生数学建模/2007/综合/1029405邮政运输网络中的邮路规划和邮车调度.pdf,6f56729dda97ac7421f98ab2f72c5523c1420b2ef701c13c97d2f78c85b7e5cb
研究生数学建模,2007,综合,封面（Word转PDF）.pdf,1,249265,True,6-1优秀论文库/研究生数学建模/2007/综合/封面（Word转PDF）.pdf,2e6a153c4790e2c6e620529c54a2eb4d81f6053f80470bb807060b69cb992382
研究生数学建模,2007,综合,1061308.pdf,21,877187,False,6-1优秀论文库/研究生数学建模/2007/综合/1061308.pdf,a3724bb744b9f154fdf7a75f62fa680d0778ba5cbe6c94ba5f318df5dba90eab
研究生数学建模,2007,综合,论文.pdf,29,1314547,False,6-1优秀论文库/研究生数学建模/2007/综合/论文.pdf,a212ca389e45ddb2c0d29b7e1f546d29b4113c74048c9090450ac27a093589b5
研究生数学建模,2007,综合,1000633邮政运输网络中的邮路规划和邮车调整.pdf,25,1318891,False,6-1优秀论文库/研究生数学建模/2007/综合/1000633邮政运输网络中的邮路规划和邮车调整.pdf,426e230eadd052e6482804941545a1c6147310fe695c55dfd8f858a07eeefda1
研究生数学建模,2007,综合,附录（Word转PDF）.pdf,4,78862,True,6-1优秀论文库/研究生数学建模/2007/综合/附录（Word转PDF）.pdf,32558f0c377938af0c8a6af9fd80bb06d72b0e1da94c69ade4b894ff48a8db73
研究生数学建模,2007,综合,论文.pdf,17,790620,False,6-1优秀论文库/研究生数学建模/2007/综合/论文-03679e6a.pdf,03679e6aedcda9e9507275e1758e6c66b470799d21ab2a516567cd9f9c1e574e
研究生数学建模,2007,综合,1029405（Word转PDF）.pdf,2,261884,True,6-1优秀论文库/研究生数学建模/2007/综合/1029405（Word转PDF）.pdf,5fb4293994f390fffd77c1837acd28985cb2130f5ec492dff51ffca0bb7afeb9
研究生数学建模,2007,综合,05-48（Word转PDF）.pdf,2,116613,True,6-1优秀论文库/研究生数学建模/2007/综合/05-48（Word转PDF）.pdf,a232d6dc9aba07c436bb9a4f2dae272da7d87cb86569dfd12509c6136d315a12
研究生数学建模,2007,综合,机械臂运动路径设计问题1.pdf,22,988116,False,6-1优秀论文库/研究生数学建模/2007/综合/机械臂运动路径设计问题1.pdf,12499a790ec09c83ea18fd59f9dd0283dbb89dfcab603c9fcf1157551f5ed8ec
研究生数学建模,2007,综合,食品卫生安全保障体系的数学模型研究（正文）.pdf,42,2166452,False,6-1优秀论文库/研究生数学建模/2007/综合/食品卫生安全保障体系的数学模型研究（正文）.pdf,227a4fe9835710ef2d386a6bc217ab69c5326772f309b10b89170c0d9a93ce2d
研究生数学建模,2007,综合,10052A论文.pdf,22,1099655,False,6-1优秀论文库/研究生数学建模/2007/综合/10052A论文.pdf,83e89abc4be31194ebdb5e251d72d5a1d6f554bb7d8712492e248d78ebf71b1a
研究生数学建模,2007,综合,1000401-A.pdf,22,1704821,False,6-1优秀论文库/研究生数学建模/2007/综合/1000401-A.pdf,06c86953d05867bb58d6cc6438c85ce9194751719b4acdc50af42055328ab33f
研究生数学建模,2007,综合,邮政运输网络中的邮路规划和邮车调整.pdf,25,1318913,False,6-1优秀论文库/研究生数学建模/2007/综合/邮政运输网络中的邮路规划和邮车调整.pdf,3a72fb5f2b136834c952f878ba585e7be0952cdc05b22aedea6c828adfa3832b
研究生数学建模,2007,综合,说明（Word转PDF）.pdf,1,59438,True,6-1优秀论文库/研究生数学建模/2007/综合/说明（Word转PDF）.pdf,32d3051186a24fdaf02aeb17ef48826c03d94ad3eeb0850d3385210fe80d05bb
研究生数学建模,2007,综合,9000212 国防科大 王小强 黎渊  杨子煜.pdf,25,1170346,False,6-1优秀论文库/研究生数学建模/2007/综合/9000212 国防科大 王小强 黎渊  杨子煜.pdf,dfd5739e9329a25f12ec914d086d6a07eef463d4bced239da94292b3070e73f9
研究生数学建模,2008,综合,城市道路交通实时控制方案.pdf,34,1878893,False,6-1优秀论文库/研究生数学建模/2008/综合/城市道路交通实时控制方案.pdf,417380fd1fe648cc96df2e30460a009d401c7a46b190c9c859d8609f910112eb
研究生数学建模,2008,综合,2008封面1.pdf,1,129075,False,6-1优秀论文库/研究生数学建模/2008/综合/2008封面1.pdf,d7f794370f8c0b3e2f7bc17a6705a373e2fb9cc8ff3d05200603dac2f7015036
研究生数学建模,2008,综合,GMCM_1048603.pdf,33,2322982,False,6-1优秀论文库/研究生数学建模/2008/综合/GMCM_1048603.pdf,771ce02fa028c7294fcf8db3a7f9532018281b44c1b9d4574b32e3f89367d162
研究生数学建模,2008,综合,城市道路交通信号实时控制问题.pdf,27,1501099,False,6-1优秀论文库/研究生数学建模/2008/综合/城市道路交通信号实时控制问题.pdf,01891497fc350a46a7e793fec7cbebe015fcb0f975aab8d58232469d189a5c93
研究生数学建模,2008,综合,9000510.pdf,26,1603618,False,6-1优秀论文库/研究生数学建模/2008/综合/9000510.pdf,37639615ce6fbb405785a96e89481f012d3a2a4f30298135eb3c80f4c70bb011
研究生数学建模,2008,综合,泛函网络的主体程序（Word转PDF）.pdf,3,60166,True,6-1优秀论文库/研究生数学建模/2008/综合/泛函网络的主体程序（Word转PDF）.pdf,f688e6f1f84c2d3c18ca85f4bd973e0227457fb85c460a7fcd77c025befb4738
研究生数学建模,2008,综合,城市道路交通实时控制方案封面（Word转PDF）.pdf,1,156123,True,6-1优秀论文库/研究生数学建模/2008/综合/城市道路交通实时控制方案封面（Word转PDF）.pdf,2cedb9f20f65552f848300bf87870cdff688931707f3c6ff1bcd273f5eb44ef0
研究生数学建模,2008,综合,基于能量模型的交通信号实时优化（Final—Final）.pdf,40,1620644,False,6-1优秀论文库/研究生数学建模/2008/综合/基于能量模型的交通信号实时优化（Final—Final）.pdf,0405d8ae02dbf29ec9a6bb0a20b88c8c061f335678398d9aa35b28e8a5507e6b
研究生数学建模,2008,综合,研究生数学建模论文.pdf,39,1503157,False,6-1优秀论文库/研究生数学建模/2008/综合/研究生数学建模论文.pdf,94c2be9488cfca1db1b1a96d3e9c8c0c606b070bed0c3e6274a3ca55e69afcdb
研究生数学建模,2008,综合,附录（Word转PDF）.pdf,11,409977,True,6-1优秀论文库/研究生数学建模/2008/综合/附录（Word转PDF）.pdf,e6a2173063de3b5217d28a65ebb9be46b79addfca08578c9cca69f36e4119536
研究生数学建模,2008,综合,1000409.pdf,33,1604379,False,6-1优秀论文库/研究生数学建模/2008/综合/1000409.pdf,c6a96190f5cd29f2056bad78bce5e454da0da66e08714b9f8af2c440cbb72515
研究生数学建模,2008,综合,附件程序（Word转PDF）.pdf,10,149083,True,6-1优秀论文库/研究生数学建模/2008/综合/附件程序（Word转PDF）.pdf,bb321bb5024741a8bab3c4d9e959a35997bbb982cc8ad9ea0ba6c6d7c4509500
研究生数学建模,2008,综合,2008封面1.pdf,1,99875,False,6-1优秀论文库/研究生数学建模/2008/综合/2008封面1-1ba5b4df.pdf,1ba5b4dfb3702ffebd3efe755eed9d3725b6cf987acfa6c46fb2068e63df1890
研究生数学建模,2008,综合,终稿.pdf,26,1208014,False,6-1优秀论文库/研究生数学建模/2008/综合/终稿.pdf,2f03cb05165ef6884351aa59b1437aab066b2a5fdc20226105d8597c801da381
研究生数学建模,2008,综合,全国研究生数模论文－1056204刘永佳 郭燚 胡丹丹.pdf,27,1862706,False,6-1优秀论文库/研究生数学建模/2008/综合/全国研究生数模论文－1056204刘永佳 郭燚 胡丹丹.pdf,fb827f5e169d9860f344568fb9fab8c3d4dff078fa167a58d5e3508c88c14bd2
研究生数学建模,2008,综合,1069809_paper.pdf,34,2143001,False,6-1优秀论文库/研究生数学建模/2008/综合/1069809_paper.pdf,42106b4097b36a0d3509654e6ae0f97de420c28688ccdc3a7d7e44cca9f97636
研究生数学建模,2008,综合,封面（Word转PDF）.pdf,1,179896,True,6-1优秀论文库/研究生数学建模/2008/综合/封面（Word转PDF）.pdf,8f3f4049d41bac1390affd8c00b1c1c6c258206eccf44a140fb9587e6c4826b3
研究生数学建模,2008,综合,9004521.pdf,34,2755668,False,6-1优秀论文库/研究生数学建模/2008/综合/9004521.pdf,def8538a3e7d241b9329f515bf61743e945f2bf174964135ac9357eb518b730d
研究生数学建模,2008,综合,1000313A.pdf,24,1607637,False,6-1优秀论文库/研究生数学建模/2008/综合/1000313A.pdf,62694a89205718960c0d8d3502fc6cf9c24b6ad9a94614539022a9f11cb494eb
研究生数学建模,2009,综合,9006806D.pdf,20,1526494,False,6-1优秀论文库/研究生数学建模/2009/综合/9006806D.pdf,4fa889d3e5cd69583e242c443a38b9dbd15ec688c6be56d9d43d455990dc0a32
研究生数学建模,2009,综合,2009封面（Word转PDF）.pdf,1,157464,True,6-1优秀论文库/研究生数学建模/2009/综合/2009封面（Word转PDF）-68f032d5.pdf,68f032d568b46195ef30c9c60a21dc2e4264e0e1f1ab15705f6df863841144e1
研究生数学建模,2009,综合,1001303D.pdf,32,2642236,False,6-1优秀论文库/研究生数学建模/2009/综合/1001303D.pdf,42ca4e8072efb68fd96923af68a49b3e555bba45a208797e1fbfcbb103a42dee
研究生数学建模,2009,综合,09C1-1062101-成都信息工程学院-蒋锦刚，郭淳，徐君.pdf,37,1590852,False,6-1优秀论文库/研究生数学建模/2009/综合/09C1-1062101-成都信息工程学院-蒋锦刚，郭淳，徐君.pdf,2cb3141d9cdd2e2c6e80c4e74f3d7eee39253bae248f591c331ea2901bbf45ad
研究生数学建模,2009,综合,09B1-1008102-河北理工大学-丛伟建，鲁芳玲，王璐.pdf,22,383945,False,6-1优秀论文库/研究生数学建模/2009/综合/09B1-1008102-河北理工大学-丛伟建，鲁芳玲，王璐.pdf,64666a7dbc553552d29ab74849d58ee4cd047c5ff4626de0e804f163fb54b945
研究生数学建模,2009,综合,封面及正文.pdf,23,1216555,False,6-1优秀论文库/研究生数学建模/2009/综合/封面及正文.pdf,4df969286befa708372e579ea3556a3b5248ec0c91a292885b43c9645add0956
研究生数学建模,2009,综合,1037801A.pdf,34,1410848,False,6-1优秀论文库/研究生数学建模/2009/综合/1037801A.pdf,0c409920b6c5654a2d39175d6ca79dd553f24cb448c2fc643083dab1f6dbf72e
研究生数学建模,2009,综合,程序使用说明（Word转PDF）.pdf,4,233653,True,6-1优秀论文库/研究生数学建模/2009/综合/程序使用说明（Word转PDF）.pdf,5ab9fa8f930130054ac8687d26f6433016d88b5fb1c87ed09af1252ceb11fbb7
研究生数学建模,2009,综合,1035302A.pdf,18,854388,False,6-1优秀论文库/研究生数学建模/2009/综合/1035302A.pdf,02e44c1d302ab6ae228f6a1d1d540b704230788d184af97cbde54a934a12b5bb
研究生数学建模,2009,综合,k000005A.pdf,56,2164456,False,6-1优秀论文库/研究生数学建模/2009/综合/k000005A.pdf,e06480d6bfbca8fb2beddf11b64e09e56c6c6bf40309b19f6cfeb7798bbb8891
研究生数学建模,2009,综合,论文.pdf,36,1953004,False,6-1优秀论文库/研究生数学建模/2009/综合/论文-80ecf6db.pdf,80ecf6db3e20e0edca1333ba59c051e088d76cdb41b32d587755fe2059fafec8
研究生数学建模,2009,综合,附录（Word转PDF）.pdf,50,435808,True,6-1优秀论文库/研究生数学建模/2009/综合/附录（Word转PDF）.pdf,2e2ecd86eebfda8281292975858c86f2a558d1e58851614901bd8f3f1c80015d
研究生数学建模,2009,综合,1028625B (1).pdf,28,2690278,False,6-1优秀论文库/研究生数学建模/2009/综合/1028625B (1).pdf,ff22f6cba09cfac6e6f63f74f6560d8c8e35f042b57b9105bfa33504b72c5ddf
研究生数学建模,2009,B题,9000624-B题-论文正文-王辉赞，黄志松，姚雪峰.pdf,40,5033567,False,6-1优秀论文库/研究生数学建模/2009/B题/9000624-B题-论文正文-王辉赞，黄志松，姚雪峰.pdf,068c0237b5aa77b8b32913f6a3c39d2400acab1058daa2992096601e9ab79575
研究生数学建模,2009,B题,9000624-B题-论文封面-王辉赞，黄志松，姚雪峰（Word转PDF）.pdf,1,155076,True,6-1优秀论文库/研究生数学建模/2009/B题/9000624-B题-论文封面-王辉赞，黄志松，姚雪峰（Word转PDF）.pdf,0f82347fcee9c856861af09c00976669a6902b2a55e3b90cf053514e257ab050
研究生数学建模,2009,综合,09D1-1024802-上海交通大学-章雪松，吴益尔，高伟.pdf,59,457195,False,6-1优秀论文库/研究生数学建模/2009/综合/09D1-1024802-上海交通大学-章雪松，吴益尔，高伟.pdf,7377b2db830ea25ce9f700e68e959cfae3fbe51887ed7825186494e8e7d4bb6b
研究生数学建模,2009,综合,数模论文.pdf,30,1648218,False,6-1优秀论文库/研究生数学建模/2009/综合/数模论文.pdf,dfdd24fea6d7a09e7b7f0ca3bb3771d0ef220c1d7db14bf92fa514a1b046b589
研究生数学建模,2009,综合,9004512A.pdf,27,1344996,False,6-1优秀论文库/研究生数学建模/2009/综合/9004512A.pdf,609303a5103613e1a7fdb863c95c08d97c8c878d14181515d36458d97bcc6b2f
研究生数学建模,2009,综合,1164601A论文.pdf,30,1953378,False,6-1优秀论文库/研究生数学建模/2009/综合/1164601A论文.pdf,bd0e4d8bff906c881f952f56a367da0bf44549becf3580f7a0767709d1a8698d
研究生数学建模,2009,综合,09A1-1942207-山东大学威海分校-陈双廷，王文思，郝建坤.pdf,23,462607,False,6-1优秀论文库/研究生数学建模/2009/综合/09A1-1942207-山东大学威海分校-陈双廷，王文思，郝建坤.pdf,166eba1d5df23a20469314c6d8f5140945d36d7e0998de0420dc99936273bec8
研究生数学建模,2009,综合,9000221-A.pdf,54,2204390,False,6-1优秀论文库/研究生数学建模/2009/综合/9000221-A.pdf,9b10a7b2c729eff159cf49405e995a4fe650944e770f6ffd1f453c205b885c4d
研究生数学建模,2009,综合,附录2.2（Word转PDF）.pdf,1,57371,True,6-1优秀论文库/研究生数学建模/2009/综合/附录2.2（Word转PDF）.pdf,8d574ade57d081587bcc07fe88a3a4daf35dbade2e5384420e68259725330c53
研究生数学建模,2009,综合,演示程序使用说明（Word转PDF）.pdf,2,206967,True,6-1优秀论文库/研究生数学建模/2009/综合/演示程序使用说明（Word转PDF）.pdf,266b3ae945b103667cd48614e60b38af9175087a188af95770d04331d61e5f5b
研究生数学建模,2009,综合,1028402B.pdf,22,1488591,False,6-1优秀论文库/研究生数学建模/2009/综合/1028402B.pdf,999e8c0526ea92ae220e7f7bf4df97c339445916bee9d9ff307d2492dcc1190c
研究生数学建模,2009,综合,1014605_110警车配置及巡逻方案.pdf,39,2444325,False,6-1优秀论文库/研究生数学建模/2009/综合/1014605_110警车配置及巡逻方案.pdf,d3a7ba82ac117f52caab5eed62c9908ac97158f3c9a181ece33a36993c085303
研究生数学建模,2009,综合,我国就业人数或城镇登记失业率的数学建模.pdf,22,1257622,False,6-1优秀论文库/研究生数学建模/2009/综合/我国就业人数或城镇登记失业率的数学建模.pdf,2a0aa66b948dc7f7db2fd53fb3294a6da5ea4b5dcaa4ae2baeaec6a93f0a6b89
研究生数学建模,2009,综合,1190319D.pdf,31,1793098,False,6-1优秀论文库/研究生数学建模/2009/综合/1190319D.pdf,a1ef81776350838603ddb9bfc931701b3b79dbffee0a81d3798254b8689a112f
研究生数学建模,2009,B题,9000624-B题-论文目录-王辉赞，黄志松，姚雪峰（Word转PDF）.pdf,4,107798,True,6-1优秀论文库/研究生数学建模/2009/B题/9000624-B题-论文目录-王辉赞，黄志松，姚雪峰（Word转PDF）.pdf,949e898b5ccd4d300b9d93791164d68fdc6675e4ad9cf1a4900a6bc769676112
研究生数学建模,2009,综合,1194207D.pdf,31,1953680,False,6-1优秀论文库/研究生数学建模/2009/综合/1194207D.pdf,7218046ce617dc0f5caa85d68b1cc30484c75cddd3b5cfde3d2193ad40b0fb9b
研究生数学建模,2009,综合,我国就业人数数学建模1194301.pdf,49,1964065,False,6-1优秀论文库/研究生数学建模/2009/综合/我国就业人数数学建模1194301.pdf,2c1dfc85db90359ccc1fdf94b4c97257f16d68feb09d0c4f0511e5c7a812fac6
研究生数学建模,2009,综合,1194218A.pdf,31,1490886,False,6-1优秀论文库/研究生数学建模/2009/综合/1194218A.pdf,d2ddce396261b44598f4730856c272b4303025102ab54c0b5cfdf8e6d4c8f746
研究生数学建模,2009,综合,程序清单（Word转PDF）.pdf,1,64682,True,6-1优秀论文库/研究生数学建模/2009/综合/程序清单（Word转PDF）.pdf,76b51339c17ab36df92988d1675fcde0c0549db91b1eb8aee7d8527595bee708
研究生数学建模,2009,综合,09C1-1035910-合肥工业大学-吴正，王启骏，顾钧.pdf,24,801103,False,6-1优秀论文库/研究生数学建模/2009/综合/09C1-1035910-合肥工业大学-吴正，王启骏，顾钧.pdf,dfb17b42478ead5102cb84926bee486035bb8ef88d2e3524b0b1a68760a387e8
研究生数学建模,2009,综合,2009封面（Word转PDF）.pdf,1,170134,True,6-1优秀论文库/研究生数学建模/2009/综合/2009封面（Word转PDF）-45474c01.pdf,45474c0117523720a1a6de0e1814f9681d2608245f1b7578ec750ef8c01d7028
研究生数学建模,2009,综合,1050401A.pdf,51,2264004,False,6-1优秀论文库/研究生数学建模/2009/综合/1050401A.pdf,0378c54d5613026b8fe757ffb05ea115a0a064a8bcf1806ae56e8a9de300c488
研究生数学建模,2009,综合,09D1-1014605-辽宁科技大学-严明，李文松，车磊.pdf,38,1223005,False,6-1优秀论文库/研究生数学建模/2009/综合/09D1-1014605-辽宁科技大学-严明，李文松，车磊.pdf,003b128a7d52ed048ff6de5767d5d2745bfc6dbacc2082de9a16d88808adbd39
研究生数学建模,2009,综合,1061306-封面（Word转PDF）.pdf,1,174469,True,6-1优秀论文库/研究生数学建模/2009/综合/1061306-封面（Word转PDF）.pdf,2c5c620ec65e254aceada8645b9ef8d9efe63be985ab3ef35ab3bad9a2ab39b6
研究生数学建模,2009,综合,数模竞赛论文.pdf,31,1416848,False,6-1优秀论文库/研究生数学建模/2009/综合/数模竞赛论文.pdf,fc50b977bc02c11428546954b80d30f63b24fec7c546fe97e30a70557c1221e5
研究生数学建模,2009,综合,9000534A.pdf,36,1595031,False,6-1优秀论文库/研究生数学建模/2009/综合/9000534A.pdf,291d1f2d8a062ff1db00d59a4170fd7932f22b589ae4ef061589681675497a5d
研究生数学建模,2009,综合,1061306-正文.pdf,39,1704721,False,6-1优秀论文库/研究生数学建模/2009/综合/1061306-正文.pdf,64a0aed87a18b45d8a7c97406dd84b7d2ecda82b7f1673de5869986e95ecd649
研究生数学建模,2009,综合,基于三维测量仪器的子弹自动对比方法的研究.pdf,28,1486067,False,6-1优秀论文库/研究生数学建模/2009/综合/基于三维测量仪器的子弹自动对比方法的研究.pdf,fdcd07b63c66209cfa16b1788152d72e58b073b24179fda4cee6291a1a885923
研究生数学建模,2009,综合,2009封面（Word转PDF）.pdf,1,164712,True,6-1优秀论文库/研究生数学建模/2009/综合/2009封面（Word转PDF）.pdf,e640e4e53d9cd4173d3c87f8ad54af01a6705be7889eaabab6f810c2e09bbbca
研究生数学建模,2009,综合,附件1 第四问中22个弹头共计88条擦痕两两之间进行比对的相似度（Word转PDF）.pdf,33,1709303,True,6-1优秀论文库/研究生数学建模/2009/综合/附件1 第四问中22个弹头共计88条擦痕两两之间进行比对的相似度（Word转PDF）.pdf,b43a542352c9b560bd3672f448377e5cbb27db7e83477f86eafc7632bc213995
研究生数学建模,2009,综合,09B1-9000515-解放军信息工程大学-王科人，王肖楠，冯晓磊.pdf,26,1455689,False,6-1优秀论文库/研究生数学建模/2009/综合/09B1-9000515-解放军信息工程大学-王科人，王肖楠，冯晓磊.pdf,80f56b5f91029f134c9db8b7336de8293bc3638a7a37280fef1a60dd332cdf01
研究生数学建模,2009,综合,论文.pdf,40,2201944,False,6-1优秀论文库/研究生数学建模/2009/综合/论文.pdf,e9bb509809022559c2a870d58b74ea577caf11ceb1533fe883342e8c96751749
研究生数学建模,2009,综合,1048611A.pdf,70,3103391,False,6-1优秀论文库/研究生数学建模/2009/综合/1048611A.pdf,e7c8f02e7a376c89c278935a48a76b0ddc5bc97f6dd8c3830f3997b28c37a429
研究生数学建模,2009,综合,附录2.1（Word转PDF）.pdf,2,65433,True,6-1优秀论文库/研究生数学建模/2009/综合/附录2.1（Word转PDF）.pdf,033d56a26f1064dcad1f55a24026a65f432124bd376ec2170266547360f05bbe
研究生数学建模,2009,综合,readme（Word转PDF）.pdf,4,239549,True,6-1优秀论文库/研究生数学建模/2009/综合/readme（Word转PDF）.pdf,797513f01568264cdaca4bd962cdeb49149da0c0d3044b2eaa90833f9e0f427a
研究生数学建模,2009,综合,1021308A.pdf,42,2744604,False,6-1优秀论文库/研究生数学建模/2009/综合/1021308A.pdf,8b74741a4d02677cc273dd1a4e3d8f7f355ff7b174947bbae5c97e72486f1c70
研究生数学建模,2009,综合,2009论文正文.pdf,20,1369852,False,6-1优秀论文库/研究生数学建模/2009/综合/2009论文正文.pdf,5ceca9487993e716e485940fdde5ac3ac0e8c114edc5652701d0fc9fb0179d8d
研究生数学建模,2009,综合,09B1-9000616-解放军理工大学-于伟，王腾飞，卢浩.pdf,25,2320013,False,6-1优秀论文库/研究生数学建模/2009/综合/09B1-9000616-解放军理工大学-于伟，王腾飞，卢浩.pdf,c0fdb56bd4f61a91679847f7e81fbe38dbf7f5f1a09596004220190b9cc72ef1
研究生数学建模,2009,综合,基于特征曲线提取和自由曲面匹配的弹头自动比对建模.pdf,37,2200709,False,6-1优秀论文库/研究生数学建模/2009/综合/基于特征曲线提取和自由曲面匹配的弹头自动比对建模.pdf,f4bca9e64559b7bee50df7630ee1604d176eea6b79071c8e672a02de220339ad
研究生数学建模,2009,综合,09C1-1061309-西南交通大学-高浩，董浩，干锋.pdf,30,1184463,False,6-1优秀论文库/研究生数学建模/2009/综合/09C1-1061309-西南交通大学-高浩，董浩，干锋.pdf,cf13d2a577c65fe90a3bedd14402f5efc45bde3fa0865621aac393a97ed2979a
研究生数学建模,2009,综合,09C1-1041802-赣南师范学院-汤绍春，欧阳红水，丁玉敏.pdf,22,371999,False,6-1优秀论文库/研究生数学建模/2009/综合/09C1-1041802-赣南师范学院-汤绍春，欧阳红水，丁玉敏.pdf,9173d417c8688ce9e03a646edfd0e40772d6c5bc95d8d99db7ae9be4560381eb
研究生数学建模,2009,综合,城镇登记失业率的研究与预测.pdf,41,1652924,False,6-1优秀论文库/研究生数学建模/2009/综合/城镇登记失业率的研究与预测.pdf,85f018db992bc0ec5b6e9c66a334749575641908000e716c00e6529f03b003f8
研究生数学建模,2009,D题,D-国防科学技术大学-熊晓雯、张斌、李厚森.pdf,18,1166612,False,6-1优秀论文库/研究生数学建模/2009/D题/D-国防科学技术大学-熊晓雯、张斌、李厚森.pdf,6006f7b4557413307fafc04651ebfc0ee07b6a9b9cea814f790ddb9b7e31e1cd
研究生数学建模,2009,综合,论文1042215B 最终.pdf,56,3614063,False,6-1优秀论文库/研究生数学建模/2009/综合/论文1042215B 最终.pdf,072ede3aad88de3fab44d8907e7a8c94d534460ba7eb65d0477e0d6db61c4bd0
研究生数学建模,2009,综合,2009建模论文v6.pdf,30,2205975,False,6-1优秀论文库/研究生数学建模/2009/综合/2009建模论文v6.pdf,7be31a961ad06dfffa32d7ae08b927b758f8f1264c41ba70258ad1e76b5e2cd8
研究生数学建模,2009,综合,9006806封面（Word转PDF）.pdf,1,170923,True,6-1优秀论文库/研究生数学建模/2009/综合/9006806封面（Word转PDF）.pdf,0f83f1dee93f8156d48b5403ed4a15f68b72ce1ff30599d9e0f119ab1efaae5c
研究生数学建模,2010,C题,10749007C.pdf,15,1773480,False,6-1优秀论文库/研究生数学建模/2010/C题/10749007C.pdf,98263a26742c5ecdba995004b600d1cb3a0fe10123f5d3c8bb75ad9702f477ab
研究生数学建模,2010,A题,2010年A题.pdf,20,1685369,False,6-1优秀论文库/研究生数学建模/2010/A题/2010年A题.pdf,3f7efb545ede851215b18be89e9fea87f1496d094d0d30ca02d5be1fdbf4dc33
研究生数学建模,2010,B题,论文（终）.pdf,30,1376014,False,6-1优秀论文库/研究生数学建模/2010/B题/论文（终）.pdf,70bcbf487d579cca176fc069fb240b858f6364215246f6246e1e9296e6b7251b
研究生数学建模,2010,B题,探讨重物落水后运动过程的数学模型.pdf,24,1120106,False,6-1优秀论文库/研究生数学建模/2010/B题/探讨重物落水后运动过程的数学模型.pdf,c1cb9bd8e6a5a9d13f6c182d40a44b4536249fdaea8ae13d2b3309f95baeff33
研究生数学建模,2010,D题,使用说明（Word转PDF）.pdf,3,241703,True,6-1优秀论文库/研究生数学建模/2010/D题/使用说明（Word转PDF）.pdf,6570d01645394478049e2a077459f33d24847e9946888c064894d1c154bb4c78
研究生数学建模,2010,C题,90068006C.pdf,29,2038553,False,6-1优秀论文库/研究生数学建模/2010/C题/90068006C.pdf,69b55ddcda55304b5db8e2b23213784b3950b251328e52f018341368df140b9d
研究生数学建模,2010,C题,10491004C.pdf,33,1947972,False,6-1优秀论文库/研究生数学建模/2010/C题/10491004C.pdf,be9d9d696e7933feefeed320800f16b1bfa3105c93147411497101dc8e1e4e7d
研究生数学建模,2010,D题,封面（Word转PDF）.pdf,1,151831,True,6-1优秀论文库/研究生数学建模/2010/D题/封面（Word转PDF）.pdf,0657685ebe67badfe8099a780c21d839f4271dcaf796fbd787f7b67e1ebd6c1d
研究生数学建模,2010,D题,10054039.pdf,49,2366040,False,6-1优秀论文库/研究生数学建模/2010/D题/10054039.pdf,f7edd4a03ab108031afd78bf226ba587c0ded253e16cd25eff7987415f8a50f9
研究生数学建模,2010,B题,封面（Word转PDF）.pdf,1,163001,True,6-1优秀论文库/研究生数学建模/2010/B题/封面（Word转PDF）.pdf,dc700cd159b7061efff1baf6c6d9a3f6ae360b677c5dab68ecfaffdd08a8a6a3
研究生数学建模,2010,B题,10291003B.pdf,36,1498007,False,6-1优秀论文库/研究生数学建模/2010/B题/10291003B.pdf,a199b32fb9506eae601f6274f0b57bebf7d98af4738ae8c3d2d3a66b94076b22
研究生数学建模,2010,D题,10359003-D.pdf,23,1216635,False,6-1优秀论文库/研究生数学建模/2010/D题/10359003-D.pdf,30a57019eb129166eda29dc385d0703b7212d08fabb60ff5b0a8ba7599d226c0
研究生数学建模,2010,A题,10145008(A题).pdf,41,1775670,False,6-1优秀论文库/研究生数学建模/2010/A题/10145008(A题).pdf,d3aa60a6e6da6a42570660bee5346acc67f20ae21e10e23391fbce0592a47433
研究生数学建模,2010,D题,磨削加工具有复杂母线的旋转体的微分模型.pdf,26,1502733,False,6-1优秀论文库/研究生数学建模/2010/D题/磨削加工具有复杂母线的旋转体的微分模型.pdf,09eb80570173eeabe7cf6feec838fc6b3d7ae8e18c91c1810cc05cdf3bccf881
研究生数学建模,2010,B题,附录B 程序清单（Word转PDF）.pdf,56,819320,True,6-1优秀论文库/研究生数学建模/2010/B题/附录B 程序清单（Word转PDF）.pdf,33e4bf98bd8021be96ea8c6805d98fd21ed8df1171f7480823c8f859256e7052
研究生数学建模,2010,B题,附件1：流动的力学相似资料一（Word转PDF）.pdf,8,265495,True,6-1优秀论文库/研究生数学建模/2010/B题/附件1：流动的力学相似资料一（Word转PDF）.pdf,88c0f49f8688305c7a6e3bca632aeb4bebe8ee5bcf95189848d1751e14707b51
研究生数学建模,2010,B题,10561008B.pdf,7,841423,False,6-1优秀论文库/研究生数学建模/2010/B题/10561008B.pdf,34337b7f8cfab87c48e61872e37eb16e3c8007c2c71214844ce0cba2c2005a7b
研究生数学建模,2010,B题,2010研究生B题（Word转PDF）.pdf,5,554152,True,6-1优秀论文库/研究生数学建模/2010/B题/2010研究生B题（Word转PDF）.pdf,861cd34eee32331b9e8d0a01c3553aa7ea427fc8d625975b47f883f521834751
研究生数学建模,2010,D题,数模论文终版.pdf,22,1074510,False,6-1优秀论文库/研究生数学建模/2010/D题/数模论文终版.pdf,553ef99e0bc5e0b97e59ec001101535adcaa80b669ab83ec76285edfdc824695
研究生数学建模,2010,C题,神经元的形态分类和识别(10701001).pdf,25,1184191,False,6-1优秀论文库/研究生数学建模/2010/C题/神经元的形态分类和识别(10701001).pdf,13d786361897699568eef83e53347266267ee112e6ca1ddb148a389b05615424
研究生数学建模,2010,A题,基于神经网络MIV值分析的肿瘤信息基因提取.pdf,34,1986628,False,6-1优秀论文库/研究生数学建模/2010/A题/基于神经网络MIV值分析的肿瘤信息基因提取.pdf,dc1d8bbc252d983e9719a1118bd8c2a0ed94fabdbc39a9cad1e5b18cb7b87b0a
研究生数学建模,2010,B题,各部件的体积受力面积等数据（Word转PDF）.pdf,2,217261,True,6-1优秀论文库/研究生数学建模/2010/B题/各部件的体积受力面积等数据（Word转PDF）.pdf,6d53b66a6c7b04aba7b837cf30d3ff1ce877e8a5da390f569272ff51387fb972
研究生数学建模,2010,A题,10613001(A题).pdf,32,1302465,False,6-1优秀论文库/研究生数学建模/2010/A题/10613001(A题).pdf,49b7737d039128c91f86c7e0fd6abd71643577d2f5e896d17987af7de2c72082
研究生数学建模,2010,D题,2010年建模论文 10247038 D题.pdf,24,1293992,False,6-1优秀论文库/研究生数学建模/2010/D题/2010年建模论文 10247038 D题.pdf,154679597a5e7557f8f832d9d0a71bf6e4176dc9eea9d4af470bd0f1bef40703
研究生数学建模,2010,D题,90068005.pdf,23,1026066,False,6-1优秀论文库/研究生数学建模/2010/D题/90068005.pdf,440626a2069143ec5a4b559be957e4e183af07c47bbad01d8abfce74ea2d08f6
研究生数学建模,2010,A题,第二问MIV值筛选特征基因集（Word转PDF）.pdf,2,68296,True,6-1优秀论文库/研究生数学建模/2010/A题/第二问MIV值筛选特征基因集（Word转PDF）.pdf,9de0aeb47c02b5b448f792fc753623977dfe942371844e2ea416044d17f568e5
研究生数学建模,2010,A题,利用BP神经网络分类预测代码（Word转PDF）.pdf,1,10489,True,6-1优秀论文库/研究生数学建模/2010/A题/利用BP神经网络分类预测代码（Word转PDF）.pdf,352fac061a7d801b49add93f6d78b32f9f23e20fb76681bb95bd55dbe35f361d
研究生数学建模,2010,A题,10291006(A题).pdf,24,1162145,False,6-1优秀论文库/研究生数学建模/2010/A题/10291006(A题).pdf,66ddc2c8aa07485ac8f753f4504cc43e1f6053027768e40fa3a05f91b0306c88
研究生数学建模,2010,D题,论文（终稿）.pdf,27,2307865,False,6-1优秀论文库/研究生数学建模/2010/D题/论文（终稿）.pdf,a28b8bb607435123046efd99b0ae6bfc0375ef896b58a3c2e3d15039f9f7ca51
研究生数学建模,2010,B题,10407002.pdf,33,1656652,False,6-1优秀论文库/研究生数学建模/2010/B题/10407002.pdf,bcffe73e51c246a2f924bf9eee868bb0d44830f6acd3a237b5d06da62280d92b
研究生数学建模,2010,C题,10386017C.pdf,19,1097378,False,6-1优秀论文库/研究生数学建模/2010/C题/10386017C.pdf,1313b7cb6ff24d57c1ff253089199680c34c1e903fc13dc6439f6c0475b9b0bc
研究生数学建模,2010,A题,10286037_A题.pdf,36,1556751,False,6-1优秀论文库/研究生数学建模/2010/A题/10286037_A题.pdf,255e2d0f89a6c462f632d8402315bdc44680e0c2d3acce68a8e9969088b4a330
研究生数学建模,2010,C题,"C-90002064-国防科技大学-江荣,刘强,刘权.pdf",21,1400683,False,"6-1优秀论文库/研究生数学建模/2010/C题/C-90002064-国防科技大学-江荣,刘强,刘权.pdf",9638e4097981625c01d7426b51faccf1491f1350841aa6606eb9ff65287c1653
研究生数学建模,2010,B题,数学建模论文_电子版.pdf,36,1429978,False,6-1优秀论文库/研究生数学建模/2010/B题/数学建模论文_电子版.pdf,c7d2e2ef78790283395583053bb18538d49733ea2ffa246dda68a9bbe90f844a
研究生数学建模,2010,A题,数模论文041.pdf,29,1655138,False,6-1优秀论文库/研究生数学建模/2010/A题/数模论文041.pdf,49628d234fdeb1f434624a0374c5bb47130513630e21b861e374d9df11db0d88
研究生数学建模,2010,D题,特殊工件磨削加工的数学建模.pdf,44,1749734,False,6-1优秀论文库/研究生数学建模/2010/D题/特殊工件磨削加工的数学建模.pdf,7f9b7a678d85b6602eb38b8467fa90824f8d544e70c5c661a7d561aa1d9634ab
研究生数学建模,2010,B题,2010年研究生数学建模论文.pdf,15,797552,False,6-1优秀论文库/研究生数学建模/2010/B题/2010年研究生数学建模论文.pdf,2041a6de96a3c28d9567eae9feaa7da29c6f8cd8d9965ecb70206fc43f13dffc
研究生数学建模,2010,C题,2010研究生数学建模-10248012.pdf,38,2248511,False,6-1优秀论文库/研究生数学建模/2010/C题/2010研究生数学建模-10248012.pdf,dfacd6b6c7f7755ee5b134e7977cfc437cddc1167e0cdfa5aacc9e0e03e44111
研究生数学建模,2010,A题,论文_A题_k00000151_-HK(Last_version)2.pdf,6,480292,False,6-1优秀论文库/研究生数学建模/2010/A题/论文_A题_k00000151_-HK(Last_version)2.pdf,be2324cbb09098036df5a1d91cda66473bb3b3c5daf4878d0b52856977d6c172
研究生数学建模,2010,C题,10422016.pdf,46,5105380,False,6-1优秀论文库/研究生数学建模/2010/C题/10422016.pdf,47b53f098577e87b41cd322c06ceef2b181f50f07054264559921c332e5b5b0c
研究生数学建模,2010,B题,吉林大学数学建模-B题.pdf,14,659043,False,6-1优秀论文库/研究生数学建模/2010/B题/吉林大学数学建模-B题.pdf,b8db336f71aafeaa55998d6b5cb2f1fb43d363993061a21308c456e819140c3f
研究生数学建模,2010,B题,附录A 问题3部分化简过程（Word转PDF）.pdf,2,592174,True,6-1优秀论文库/研究生数学建模/2010/B题/附录A 问题3部分化简过程（Word转PDF）.pdf,6ec66d92c462e94658d1f4196ff9d2ce2e71c4fbb8bfe3c4a4be65c8039dd37d
研究生数学建模,2010,B题,附件2：流动的力学相似资料二（Word转PDF）.pdf,10,271046,True,6-1优秀论文库/研究生数学建模/2010/B题/附件2：流动的力学相似资料二（Word转PDF）.pdf,ffba34500cf3ea334866f4fb4c29069859387d265e2001a0ca9bd6a4360021d5
研究生数学建模,2012,A题,A10422053楚何程.pdf,27,1443583,False,2-0研赛题目+论文/优秀论文按年份/2012年优秀论文/A/A10422053.pdf,693e3c5dab243ce5fb1c5a79159638ce3bb7c00a1e9ef13c59997a5e6a9e40a4
研究生数学建模,2012,C题,C85101007李徐黄.pdf,45,1601396,False,2-0研赛题目+论文/优秀论文按年份/2012年优秀论文/C/C85101007.pdf,0b428b9232eb7f41f7870871325a4658dee19a237b5287900be5f495de447833
研究生数学建模,2012,C题,C10446019刘史孙.pdf,23,700052,False,2-0研赛题目+论文/优秀论文按年份/2012年优秀论文/C/C10446019.pdf,fe1e5c33f5f095fa7f5f035a15b0ec4f46f669953ea36861da73fceca94c93c4
研究生数学建模,2012,C题,C80144001程刘马.pdf,33,1448998,False,2-0研赛题目+论文/优秀论文按年份/2012年优秀论文/C/C80144001.pdf,2748dce19ad21dd81b8676dcc9a4c633c8ff5f628d774c685a8c67692fa26b88
研究生数学建模,2012,B题,B10699008 程梁孟.pdf,21,965593,False,2-0研赛题目+论文/优秀论文按年份/2012年优秀论文/B/B10699008 程梁孟.pdf,5de22322d4b4143e33d5617411f24a664c1a2b4f383dba06f37c5430da00c9ce
研究生数学建模,2012,A题,A10248044欧阳武丰.pdf,28,1721516,False,2-0研赛题目+论文/优秀论文按年份/2012年优秀论文/A/A10248044.pdf,b4c71823834d8eb8ddd88de3963b42b336f4146acab268ca18743843ac8f03d7
研究生数学建模,2012,B题,B83221017张许陈.pdf,28,1388209,False,2-0研赛题目+论文/优秀论文按年份/2012年优秀论文/B/B83221017张许陈.pdf,01fdf7048a6f0171b2669328d7eb563a1cf635ec79edee73b4da331c52fac9be
研究生数学建模,2012,A题,AK005古王张.pdf,31,1284576,False,2-0研赛题目+论文/优秀论文按年份/2012年优秀论文/A/AK005.pdf,924cca6797c8811f174dda6954625842fb0d1a3eea2e929270954b24b2d46fcb
研究生数学建模,2012,D题,D90002016 徐杜屈.pdf,42,2523928,False,2-0研赛题目+论文/优秀论文按年份/2012年优秀论文/D/D90002016.pdf,3174b6df5b5e20e6e569cfcd678b4f19b221fdbe507f37dc21ce6f8ed2f8e985
研究生数学建模,2012,D题,D10613024陈王种.pdf,28,939767,False,2-0研赛题目+论文/优秀论文按年份/2012年优秀论文/D/D10613024.pdf,530a8367c85ab387094cc60e51161871b856ed197c7050f738135d38faca9a0d
研究生数学建模,2012,C题,C10699007许孙王.pdf,38,1362985,False,2-0研赛题目+论文/优秀论文按年份/2012年优秀论文/C/C10699007.pdf,b910164282c7fcff263479b0bb52cdd27dbd8e9a7948b95db1947a969d3da450
研究生数学建模,2012,C题,C10446019（Word转PDF）.pdf,12,287592,True,6-1优秀论文库/研究生数学建模/2012/C题/C10446019（Word转PDF）.pdf,bd3359ab0009ea0ad7230e0859f3ef7ef7830835d7832403ebea8144f065e89e
研究生数学建模,2012,D题,DK002曾杨韩.pdf,22,1472322,False,2-0研赛题目+论文/优秀论文按年份/2012年优秀论文/D/DK002.pdf,52a7004ee5375f7d5809d21b63cd3aa933b3471eefdd634fe84a3dad420245cc
研究生数学建模,2012,B题,B90059006余林汤.pdf,34,1358285,False,2-0研赛题目+论文/优秀论文按年份/2012年优秀论文/B/B90059006余林汤.pdf,2a17f04ad02387d22e7b8cfda9f4dee8f4f6120e03f95917be663bd0b1c478e1
研究生数学建模,2012,A题,A90006027郑王陶.pdf,43,1623547,False,2-0研赛题目+论文/优秀论文按年份/2012年优秀论文/A/A90006027.pdf,c3fea648f845394afac546bcf088704b41e21fa56dd84e08a28cc43664f2fff7
研究生数学建模,2012,C题,C10287008杨王朱.pdf,42,848440,False,2-0研赛题目+论文/优秀论文按年份/2012年优秀论文/C/C10287008.pdf,40722b785d863c235840bcaa3428bbadfd21a247b90278d1bf4b2e3880f253db
研究生数学建模,2012,C题,C10425015刘陆范.pdf,54,2968053,False,2-0研赛题目+论文/优秀论文按年份/2012年优秀论文/C/C10425015.pdf,7fd9a1c796a6cea4a574ed9e19b743f842738ebddecba3a2185853c642bf7b2f
研究生数学建模,2012,C题,C10425008王姚鲁.pdf,45,1513879,False,2-0研赛题目+论文/优秀论文按年份/2012年优秀论文/C/C10425008.pdf,c2039ce95455a7a67bcbe005c00c60fc63ffc4de033b0d3ae8134effb5f05727
研究生数学建模,2012,B题,B90027001吴杨沈fj.pdf,9,77479,False,6-1优秀论文库/研究生数学建模/2012/B题/B90027001吴杨沈fj.pdf,aa0914ddd9010ae7ca458d376f63cfedebd087bfd891dfcd938a9070539a3af4
研究生数学建模,2012,B题,B11646001张郭贺.pdf,30,673519,False,2-0研赛题目+论文/优秀论文按年份/2012年优秀论文/B/B11646001张郭贺.pdf,57dabe99ff4b0f311a38052451eba486715a607c69451f2c26cf51299f9f4068
研究生数学建模,2012,D题,D10079010范许王.pdf,31,1631874,False,2-0研赛题目+论文/优秀论文按年份/2012年优秀论文/D/D10079010.pdf,2d60561a168c0fb9fb58944c4111cc3d43ac60873ec1dd08cfe02fcc1b086663
研究生数学建模,2012,C题,第九届“华为杯”全国研究生数学建模竞赛 论文封面（Word转PDF）.pdf,3,302354,True,6-1优秀论文库/研究生数学建模/2012/C题/第九届“华为杯”全国研究生数学建模竞赛 论文封面（Word转PDF）.pdf,66d99682faa2beed441ee7390802903e99b3b8fe5c8767e086c90b0ddfad879d
研究生数学建模,2012,B题,B10286035葛范汤.pdf,28,1312913,False,2-0研赛题目+论文/优秀论文按年份/2012年优秀论文/B/B10286035.pdf,a3f31b519acfd01b4ed4402b5247b791fce98b90e4015fe99d22d53657b7b093
研究生数学建模,2012,C题,说明（Word转PDF）.pdf,1,38490,True,6-1优秀论文库/研究生数学建模/2012/C题/说明（Word转PDF）-a0e8578e.pdf,a0e8578e7796b88ac042acf42a81681ab5825881cf592f62eb42885b87a2ef49
研究生数学建模,2012,C题,说明（Word转PDF）.pdf,1,38147,True,6-1优秀论文库/研究生数学建模/2012/C题/说明（Word转PDF）-457e09c7.pdf,457e09c75e0f9d96eed059d07417b570d9b71239d1bd817e5a861229c012dc33
研究生数学建模,2012,D题,D10404005龚宋杨(1).pdf,28,1421447,False,2-0研赛题目+论文/优秀论文按年份/2012年优秀论文/D/D10404005.pdf,d76fec654263439c327ccc22f6c8b485902c8d87035ca974b39e0b72dc40d015
研究生数学建模,2012,A题,A10286015薛郁袁.pdf,41,1444338,False,2-0研赛题目+论文/优秀论文按年份/2012年优秀论文/A/A10286015.pdf,53793f811df2d2cc70d09d60fe6b825f5b905451817b43a811591a9f2e7f45a3
研究生数学建模,2012,C题,说明（Word转PDF）.pdf,1,49291,True,6-1优秀论文库/研究生数学建模/2012/C题/说明（Word转PDF）.pdf,00551a3d0c3d0590bb870c58fab77795828649d2c3b9038223ac8f09fb9f206e
研究生数学建模,2012,D题,D10284001董刘徐.pdf,21,1309869,False,2-0研赛题目+论文/优秀论文按年份/2012年优秀论文/D/D10284001.pdf,9d1040011543a6e09e460c8f49e99341d6b6086d782d8a6280cd0f405eb63c7f
研究生数学建模,2012,B题,B10614002刘汪张.pdf,32,1107988,False,2-0研赛题目+论文/优秀论文按年份/2012年优秀论文/B/B10614002刘汪张.pdf,3ffcac1b237358deb30fd176b6eda395d98de31080c8e4e2140cdbaeef56be17
研究生数学建模,2012,C题,C90052015张赵杨.pdf,41,713393,False,2-0研赛题目+论文/优秀论文按年份/2012年优秀论文/C/C90052015.pdf,fccac7f3da3caff28e55fde3577b99c96a037eb7bb126c359b39881a86757519
研究生数学建模,2012,B题,B90027001吴杨沈.pdf,28,885694,False,2-0研赛题目+论文/优秀论文按年份/2012年优秀论文/B/B90027001吴杨沈.pdf,d0b8532edf2df3f8cc9872415d7d1a322f53080a2e33d3adb17dd06f029afb2f
研究生数学建模,2012,D题,D90006047刘杨郭.pdf,19,1195200,False,2-0研赛题目+论文/优秀论文按年份/2012年优秀论文/D/D90006047.pdf,d60fcaf0c606f65f8ddda9fa64b8da6c6c4c9b55cb93e6bca0f852c5b4c2df0a
研究生数学建模,2012,B题,B90052016李鹿刘.pdf,51,1158556,False,2-0研赛题目+论文/优秀论文按年份/2012年优秀论文/B/B90052016李鹿刘.pdf,dd7c448cb1ef421f88b27a1cd29a27ed8d72fdce282bad81d4ba22963553ed65
研究生数学建模,2012,B题,B10423006靳高曹.pdf,29,1544283,False,2-0研赛题目+论文/优秀论文按年份/2012年优秀论文/B/B10423006靳高曹.pdf,e6fd5a0eedb1523add399c5c0a2992c0513f6e1d3c97f0f63ee17fb9e08887f1
研究生数学建模,2012,D题,D10422033曹李马.pdf,27,2421649,False,2-0研赛题目+论文/优秀论文按年份/2012年优秀论文/D/D10422033.pdf,9bc22b469523f101119e721e9b033be8d51155f58b13216bf1e9dc51917e9c74
研究生数学建模,2012,B题,数据（Word转PDF）.pdf,1,94897,True,6-1优秀论文库/研究生数学建模/2012/B题/数据（Word转PDF）.pdf,8b7acb934137e36058507eafec291a9c9bf6f90c211ac210f109c483f187cc0d
研究生数学建模,2012,C题,C90044008周彭王.pdf,33,1685480,False,2-0研赛题目+论文/优秀论文按年份/2012年优秀论文/C/C90044008.pdf,e74360641ee650dce5c98d6a345b8c92bf7ea42d9b86df48b6ff0766cc268fa9
研究生数学建模,2012,B题,B90006033宋陈李.pdf,44,1805772,False,2-0研赛题目+论文/优秀论文按年份/2012年优秀论文/B/B90006033宋陈李.pdf,26aecfcac6179c3dcf9fbc9ef7bccd74e92ae50cba4b2c64b58f997caa1312f1
研究生数学建模,2012,C题,说明（Word转PDF）.pdf,1,36405,True,6-1优秀论文库/研究生数学建模/2012/C题/说明（Word转PDF）-05e58f4e.pdf,05e58f4e197d428d574ac8e8d3f1f28e42230967b273fe94e6452794549e229a
研究生数学建模,2012,C题,C10286020 陈游王.pdf,48,2158445,False,2-0研赛题目+论文/优秀论文按年份/2012年优秀论文/C/C10286020.pdf,f8eeca82937c5697d9a973a696b879e57c9489a33d5d8720e578084acc638135
研究生数学建模,2012,C题,C10446019刘史孙（Word转PDF）.pdf,23,682325,True,6-1优秀论文库/研究生数学建模/2012/C题/C10446019刘史孙（Word转PDF）.pdf,9efa275a0c63b0a5c0533e6779274247e92f4a2efa6678479038f5d9ddc5d7ee
研究生数学建模,2012,A题,A10358011杨张宋.pdf,27,962125,False,2-0研赛题目+论文/优秀论文按年份/2012年优秀论文/A/A10358011.pdf,e22c501e6108ae8bd99c483d8a3e959f422cf6174c6eb8d8a752f102b92855c5
研究生数学建模,2012,C题,C85101007李徐黄fj.pdf,17,395105,False,6-1优秀论文库/研究生数学建模/2012/C题/C85101007李徐黄fj.pdf,ad34aedd44323fa869e19397ef07a322038951f9c0f5e9fac932923405952435
研究生数学建模,2012,D题,D10054016蒋赖范.pdf,25,1918096,False,2-0研赛题目+论文/优秀论文按年份/2012年优秀论文/D/D10054016.pdf,5760dbd5b0b307f0c1791a5eb3888487b27672e3fd475870ec20fed0981c74ed
研究生数学建模,2012,A题,A90005004杨丁刘.pdf,55,1220095,False,2-0研赛题目+论文/优秀论文按年份/2012年优秀论文/A/A90005004.pdf,671a24c2a0c6de0583fdd3f2479b69058288aef176771d1bf5be6e9571bcafd3
研究生数学建模,2013,C题,C8.pdf,34,2284831,False,2-0研赛题目+论文/优秀论文按年份/2013年优秀论文/C/C8.pdf,4d97626a5c6647b0a241203d8675d91cd47f3a69e2371dd31c3c02e913133ea0
研究生数学建模,2013,E题,E3.pdf,33,1653888,False,2-0研赛题目+论文/优秀论文按年份/2013年优秀论文/E/E3.pdf,af317543d64a943815377d0374e47686f305fe02aaabc4cc79b0045acf60b6c3
研究生数学建模,2013,D题,D6.pdf,62,2982969,False,2-0研赛题目+论文/优秀论文按年份/2013年优秀论文/D/D6.pdf,d28d57b481d39ba6a702c1079de7fe51fe8e67ae78a4a70e69e4b663fc14e8cd
研究生数学建模,2013,B题,B2.pdf,25,1260833,False,2-0研赛题目+论文/优秀论文按年份/2013年优秀论文/B/B2.pdf,4ee911535c031d59fbdc7db74fb1b21081a42f457e29f1eaa5b29ce3401b9e40
研究生数学建模,2013,B题,B3.pdf,35,512335,False,2-0研赛题目+论文/优秀论文按年份/2013年优秀论文/B/B3.pdf,d5072943e56bb03b28006e847fd72493a19050ae0b19958995cab54db06f5c75
研究生数学建模,2013,E题,E2.pdf,31,1057323,False,2-0研赛题目+论文/优秀论文按年份/2013年优秀论文/E/E2.pdf,84301c791d65f0c069d3ed79273d4f072df981a9e80e18310a16bf1fb572f786
研究生数学建模,2013,B题,B8.pdf,31,1514020,False,2-0研赛题目+论文/优秀论文按年份/2013年优秀论文/B/B8.pdf,fcdff5a937eba7c972ccde28298f252c97c810d7c912b322744abfba122e6b1e
研究生数学建模,2013,A题,A2.pdf,32,1287953,False,2-0研赛题目+论文/优秀论文按年份/2013年优秀论文/A/A2.pdf,1cb6a07a316ffaac48dd4b0d9b8305738980779365e09652be509a1bd5607edd
研究生数学建模,2013,D题,D3.pdf,45,1540804,False,2-0研赛题目+论文/优秀论文按年份/2013年优秀论文/D/D3.pdf,2cae23fd09b76b39dd58ef5988d38b337581039c045a4af0e727fd08793869bf
研究生数学建模,2013,D题,D4.pdf,52,3606394,False,2-0研赛题目+论文/优秀论文按年份/2013年优秀论文/D/D4.pdf,90ca81b42cc73b5836c2b425ddb3cee0928d8d493c55af8201f2485d36a4b535
研究生数学建模,2013,D题,D10.pdf,46,1476923,False,2-0研赛题目+论文/优秀论文按年份/2013年优秀论文/D/D10.pdf,b56645d41aee5e6adeb1131490f0761cbcbe762f1514d3765cbb2211fa8ed3cc
研究生数学建模,2013,A题,A9.pdf,34,1239003,False,2-0研赛题目+论文/优秀论文按年份/2013年优秀论文/A/A9.pdf,abf9b132be5301218242e28a0a85a84b625e29d6d092c300fe2602f38c76957a
研究生数学建模,2013,C题,C4.pdf,31,1340240,False,2-0研赛题目+论文/优秀论文按年份/2013年优秀论文/C/C4.pdf,b3b941e0ef989453b7a1b7d98f74098f4bb7a9dc5f4ec80b3a4ab651aae6eeda
研究生数学建模,2013,F题,F5.pdf,36,2017055,False,2-0研赛题目+论文/优秀论文按年份/2013年优秀论文/F/F5.pdf,e94ef49011627bae2964eab1457c9d43d7f88374f31db9508038bc05b9dbb56a
研究生数学建模,2013,B题,B1.pdf,24,6318746,False,2-0研赛题目+论文/优秀论文按年份/2013年优秀论文/B/B1.pdf,7d4ba0af3eac36e3c19e2ec8b95c6b2e5f1f93e59ea50e7578796f405cd58003
研究生数学建模,2013,C题,C7.pdf,38,636480,False,2-0研赛题目+论文/优秀论文按年份/2013年优秀论文/C/C7.pdf,7ac054225d8a1a41de578620120a33d151da4d803be3c90ef04561300d8583f7
研究生数学建模,2013,C题,C6.pdf,32,1600155,False,2-0研赛题目+论文/优秀论文按年份/2013年优秀论文/C/C6.pdf,df542116b6cd89aa4e0c64eb145a9683a431178297d8e49e2317f985c19ef0a7
研究生数学建模,2013,C题,C3.pdf,29,1217727,False,2-0研赛题目+论文/优秀论文按年份/2013年优秀论文/C/C3.pdf,dc15ef86c95a7d8f59c0e7592336b2cd4bd23fb2db4ba942863e64c73e8aa195
研究生数学建模,2013,A题,A7.pdf,38,12692009,False,2-0研赛题目+论文/优秀论文按年份/2013年优秀论文/A/A7.pdf,5fb23cb0a0a583845683607cac1eca627822101d92b776643859ae605bc387cd
研究生数学建模,2013,F题,F1.pdf,56,2371531,False,2-0研赛题目+论文/优秀论文按年份/2013年优秀论文/F/F1.pdf,a61483aae45270e9efc23cd6d5053fb2c2e5eaeff44afeff99ce66d1575532a7
研究生数学建模,2013,D题,D9.pdf,29,799607,False,2-0研赛题目+论文/优秀论文按年份/2013年优秀论文/D/D9.pdf,ac1a2fb6eeeb573a705f96f701ed12b9c2720e1a018a339758ea70513e1a6238
研究生数学建模,2013,A题,A8 .pdf,39,9635129,False,2-0研赛题目+论文/优秀论文按年份/2013年优秀论文/A/A8 .pdf,359f6bc1b04d88cf5dc26c65d1a66f242fb06511cc85a39c8f8051d1bf19cace
研究生数学建模,2013,B题,B7.pdf,29,1554790,False,2-0研赛题目+论文/优秀论文按年份/2013年优秀论文/B/B7.pdf,145bc28ab13fda4181235943386cbdcf34d986710e4ae57bd525e9c1f3d7d2fe
研究生数学建模,2013,F题,F3.pdf,48,1752963,False,2-0研赛题目+论文/优秀论文按年份/2013年优秀论文/F/F3.pdf,efb6eb8614154f7cace82be7704ce1582e3287c43ed4930d350ff2b5a35230ad
研究生数学建模,2013,A题,A4.pdf,41,827544,False,2-0研赛题目+论文/优秀论文按年份/2013年优秀论文/A/A4.pdf,d3dcae1469271d3f74417b20de0cbac81245e911a10b49654c83e66d63ad311c
研究生数学建模,2013,D题,D2.pdf,29,1927338,False,2-0研赛题目+论文/优秀论文按年份/2013年优秀论文/D/D2.pdf,9e7a45f74d7aa1972377775a507054948c2221b0603ffcb21af5a918282f3e73
研究生数学建模,2013,B题,B6.pdf,35,1219608,False,2-0研赛题目+论文/优秀论文按年份/2013年优秀论文/B/B6.pdf,af2087ad209fd58fd2ed11f37c0cb2f274a8b8267f57d48702ce807b2fd868ff
研究生数学建模,2013,A题,A3.pdf,64,1544682,False,2-0研赛题目+论文/优秀论文按年份/2013年优秀论文/A/A3.pdf,9b536912f139f999c3c259d3e08dea3f8138eee6897da8eb195b1940886b3144
研究生数学建模,2013,E题,E1.pdf,35,1107871,False,2-0研赛题目+论文/优秀论文按年份/2013年优秀论文/E/E1.pdf,b7c0fd7482bab72e0fed2606be33c4b431754dffbf41ad07e9dff88662e7c217
研究生数学建模,2013,A题,A6.pdf,62,1655950,False,2-0研赛题目+论文/优秀论文按年份/2013年优秀论文/A/A6.pdf,52adbef6b4f696fea2f31e4c99f7fc8b83a23db577e0f6590f96a5baca41c03d
研究生数学建模,2013,F题,F2.pdf,53,1194910,False,2-0研赛题目+论文/优秀论文按年份/2013年优秀论文/F/F2.pdf,06c42a85f4fe3481f40cade15c36c010075a74062eb0e427fc07bb551e26d2d2
研究生数学建模,2013,D题,D5.pdf,56,3200923,False,2-0研赛题目+论文/优秀论文按年份/2013年优秀论文/D/D5.pdf,506e5b44971f9e489aa0d06e43fda605c2053583d099730ce86ac54f27129fdc
研究生数学建模,2013,C题,C5.pdf,38,1338339,False,2-0研赛题目+论文/优秀论文按年份/2013年优秀论文/C/C5.pdf,fa66b6d27c23962d74675cf99ef1c4b4f0424a0b19b37a41dcb7d713bea15b38
研究生数学建模,2013,B题,B10.pdf,33,4628706,False,2-0研赛题目+论文/优秀论文按年份/2013年优秀论文/B/B10.pdf,20449513451aad4bf5954fe93f4649a2dbb1c162edeaa5a405274738ac4f0b09
研究生数学建模,2013,B题,B5.pdf,27,9032126,False,2-0研赛题目+论文/优秀论文按年份/2013年优秀论文/B/B5.pdf,5f5a9115fc73290688b29ca7ff150e68e95182760c43c7a9b87ba5568cd140c9
研究生数学建模,2013,A题,A5.pdf,57,869033,False,2-0研赛题目+论文/优秀论文按年份/2013年优秀论文/A/A5.pdf,fdd1b845b84cdd6689beea9eefa619d99ec44dcc89a529cb2ed1b3f596683168
研究生数学建模,2013,C题,C2.pdf,47,2014127,False,2-0研赛题目+论文/优秀论文按年份/2013年优秀论文/C/C2.pdf,e3f3114851a1801a2e3c640fd68902128a0d4e13d62cc12a4411774ef8223b8c
研究生数学建模,2013,E题,E4.pdf,35,2219714,False,2-0研赛题目+论文/优秀论文按年份/2013年优秀论文/E/E4.pdf,7a7f67264af77dbe5c0e06fc41b7026739ac20499649964d5ea40ffcdc98e4aa
研究生数学建模,2013,B题,B4.pdf,29,1556797,False,2-0研赛题目+论文/优秀论文按年份/2013年优秀论文/B/B4.pdf,2185616b56f352158a0e7620dea2f89ae4e393795c8bab404517e8e97f85966c
研究生数学建模,2013,C题,C1.pdf,25,1072630,False,2-0研赛题目+论文/优秀论文按年份/2013年优秀论文/C/C1.pdf,3bfaee7d564be30cd098d998a146cc0edf3ff6e82a19c8f3b58850401ba83cfa
研究生数学建模,2013,D题,D1.pdf,43,1160865,False,2-0研赛题目+论文/优秀论文按年份/2013年优秀论文/D/D1.pdf,4c0a52f524fb7018afd48a9134953a3daae0c5d116f6abb0eb24caff508a86b9
研究生数学建模,2013,A题,A1.pdf,41,723404,False,2-0研赛题目+论文/优秀论文按年份/2013年优秀论文/A/A1.pdf,d8638972f64b9c1eb2421247e832a5b5c84b48a8255ee37d580d3eadba2e207d
研究生数学建模,2013,F题,F4.pdf,48,2213211,False,2-0研赛题目+论文/优秀论文按年份/2013年优秀论文/F/F4.pdf,43fbc256c00e5f9e0ececc10912e1a24d1eb64c367e0091aa29936fba41e71db
研究生数学建模,2013,E题,E5.pdf,30,1037282,False,2-0研赛题目+论文/优秀论文按年份/2013年优秀论文/E/E5.pdf,23e27cbb84c41485c3e1298ee594c25b83dc23df79a4972a5deb7f07e89f18ad
研究生数学建模,2013,B题,B9.pdf,22,781228,False,2-0研赛题目+论文/优秀论文按年份/2013年优秀论文/B/B9.pdf,f630f6b315821962c475d30860a418875068c26b26b02694b7cebcebd98848f2
研究生数学建模,2013,D题,D7.pdf,51,2054269,False,2-0研赛题目+论文/优秀论文按年份/2013年优秀论文/D/D7.pdf,00d94add77670d9dfb9a30ab823cc0b40a421a5105324a1c3cea3bf000c74744
研究生数学建模,2013,D题,D8.pdf,35,3025109,False,2-0研赛题目+论文/优秀论文按年份/2013年优秀论文/D/D8.pdf,383310ca4be5d02ac9319d48c2fad54b817d06d80d069c5b1b36d88ba4d39a5c
研究生数学建模,2014,E题,E10477002.pdf,46,10076651,False,6-1优秀论文库/研究生数学建模/2014/E题/E10477002.pdf,cb04277b5ee105b3306c1fe005f84172070ba0109d7bc2f441c022bd44f00a74
研究生数学建模,2014,D题,D11075002.pdf,51,2333146,False,6-1优秀论文库/研究生数学建模/2014/D题/D11075002.pdf,e322992de56e3b0e4f8c9bcc60c8eecf4a74a127ad42ad7d19d0a137e4f5e57f
研究生数学建模,2014,E题,E10613031.pdf,48,10702114,False,6-1优秀论文库/研究生数学建模/2014/E题/E10613031.pdf,92dab1a97184efacf384c1919ccbcdf4c59e64118d0c916f755c69fdee6756ef
研究生数学建模,2014,E题,E10699014.pdf,41,3490122,False,6-1优秀论文库/研究生数学建模/2014/E题/E10699014.pdf,bc8947efc772286a600247fe635b1135f63449e87f50e6c14452a7489c29410b
研究生数学建模,2014,E题,E10404005.pdf,34,7518247,False,6-1优秀论文库/研究生数学建模/2014/E题/E10404005.pdf,f7b6ae2e48b7a38540b9b85ebabd1d2565fa94181f50aabe9a3111ff8c55e4f9
研究生数学建模,2014,B题,B10006002.pdf,83,3612415,False,6-1优秀论文库/研究生数学建模/2014/B题/B10006002.pdf,842fb0169dac373a93d2c39e867eafdb8344f9a8a995d9b8e4c65bd44bff2a19
研究生数学建模,2014,C题,C10293007.pdf,28,2232634,False,6-1优秀论文库/研究生数学建模/2014/C题/C10293007.pdf,1e36cf79e52a597cb7fc6ff5c9e37a1a3c0ba584087af0f6dad4880bbb58caa3
研究生数学建模,2014,A题,A10107001.pdf,33,3414558,False,6-1优秀论文库/研究生数学建模/2014/A题/A10107001.pdf,3e6ec1724c56214a2c2f8c98d506526455698fb4baf623977720b4289ad08438
研究生数学建模,2014,E题,E10079020.pdf,32,2567161,False,6-1优秀论文库/研究生数学建模/2014/E题/E10079020.pdf,30f333a0cf9d80a48731cb239050399bbf3dc59a1ad247d28634c9557db097ea
研究生数学建模,2014,B题,B10698001.pdf,42,4095226,False,6-1优秀论文库/研究生数学建模/2014/B题/B10698001.pdf,b560f7aef9bc6afb7d4ed37f6eff3c3d57a9e30fb6d7df376489a8a4ebdfbb43
研究生数学建模,2014,A题,A10252101.pdf,32,2179345,False,6-1优秀论文库/研究生数学建模/2014/A题/A10252101.pdf,650fd3564fb89532f6821992995d3977f0fc6ceb8cbd41ad6f306cda4cd86fc7
研究生数学建模,2014,E题,E10287023.pdf,23,968962,False,6-1优秀论文库/研究生数学建模/2014/E题/E10287023.pdf,586aaa1c8206f41a7830c9cb3f345804e24df9c9019d255db49315f745811b7b
研究生数学建模,2014,C题,C10013006.pdf,27,1563251,False,6-1优秀论文库/研究生数学建模/2014/C题/C10013006.pdf,5e86e9482c14ae4b60cdb88dd21b7ecb171fcc54fd8e9e6bfab848bd1ae426fe
研究生数学建模,2014,D题,D10327003.pdf,49,3237412,False,6-1优秀论文库/研究生数学建模/2014/D题/D10327003.pdf,65cce6042c7d2fd89e17c1f382dccc7653d33c892e8e05b3d5b46aed3783d892
研究生数学建模,2014,E题,E90019007.pdf,37,2538524,False,6-1优秀论文库/研究生数学建模/2014/E题/E90019007.pdf,b7da58902e41ec6f0e3f31fd4357d643b61342eb0d6fd0c7a9020a23969877b1
研究生数学建模,2014,D题,D10252179.pdf,45,2564298,False,6-1优秀论文库/研究生数学建模/2014/D题/D10252179.pdf,57eb09d1feea75b87f39af087b93445436c3b173bf96b1872cde5917e96c8b01
研究生数学建模,2014,C题,C10286046.pdf,36,2479525,False,6-1优秀论文库/研究生数学建模/2014/C题/C10286046.pdf,50fe448d0f7c8e6592df0a37787da9dbe0caaa2d6e5124f1cfc358ecfe332e33
研究生数学建模,2014,D题,D90019003.pdf,58,3492555,False,6-1优秀论文库/研究生数学建模/2014/D题/D90019003.pdf,e64bea10237eefa65da4a9669a531b52ea44f684e71bd9a96a4a358bc0079bb1
研究生数学建模,2014,A题,A10269049.pdf,35,2569025,False,6-1优秀论文库/研究生数学建模/2014/A题/A10269049.pdf,8496f99f5ef15c682a58e07882bf622e6faca89dd183baed70122ea51b065b35
研究生数学建模,2014,B题,B10287032.pdf,44,3303768,False,6-1优秀论文库/研究生数学建模/2014/B题/B10287032.pdf,1d0f2f3a756148ac633f719b80be60daec8cec0bc1b4add97c69cf3032dc07cb
研究生数学建模,2014,C题,C90005034.pdf,39,2200823,False,6-1优秀论文库/研究生数学建模/2014/C题/C90005034.pdf,fda96750b862c732eab29616202d8f3dd2e702363302c51bf60ab8bf028b66aa
研究生数学建模,2014,A题,A10300065.pdf,41,4018912,False,6-1优秀论文库/研究生数学建模/2014/A题/A10300065.pdf,1a820713aade6475360f9bda650208d5ef8c12f93190ca82da11dedbfd8e130b
研究生数学建模,2014,A题,A10248027.pdf,26,2667456,False,6-1优秀论文库/研究生数学建模/2014/A题/A10248027.pdf,ad8aa9f38a9c408ce98db636ced4d5ed130c17b6e59aa52547e0d661e751c1ae
研究生数学建模,2014,B题,B10287028.pdf,43,3092278,False,6-1优秀论文库/研究生数学建模/2014/B题/B10287028.pdf,137c5dc25faac361f9bc28d72dbb51e8b323cabdb2e59cd9ecd864cb9df558c7
研究生数学建模,2014,B题,B90059013.pdf,33,2115624,False,6-1优秀论文库/研究生数学建模/2014/B题/B90059013.pdf,611a2ee888c7e840007db3cf32a97ad5e0688642333577829ae5f29498aa062f
研究生数学建模,2014,A题,A10699024.pdf,33,2682513,False,6-1优秀论文库/研究生数学建模/2014/A题/A10699024.pdf,8137d308adf5f562f06f18f4e1143a52226bdc091ca096d261d674b02e42dab6
研究生数学建模,2014,E题,E10700006.pdf,34,1712113,False,6-1优秀论文库/研究生数学建模/2014/E题/E10700006.pdf,a6694748439ad69b84056e623c9ba5b9fd1c4ef5c44d5ffd7b17f598c6330b40
研究生数学建模,2014,D题,D10357002.pdf,75,3295594,False,6-1优秀论文库/研究生数学建模/2014/D题/D10357002.pdf,afe1b1d6c00bb883d40c9f25cd152132f88eeb96ca27e9d5115e9d48f658b00d
研究生数学建模,2014,D题,D11075031.pdf,57,4123799,False,6-1优秀论文库/研究生数学建模/2014/D题/D11075031.pdf,5e1bf67b836b40b8d5cf61319a4fcfbbc882c20c97fbe2bc2a0e97efc292e8b7
研究生数学建模,2014,C题,C10558018.pdf,28,2254081,False,6-1优秀论文库/研究生数学建模/2014/C题/C10558018.pdf,5305725a8a4885c099e83230e51920df9d633355937d6d9ded1de81dd566f807
研究生数学建模,2014,B题,B10561006.pdf,38,2389587,False,6-1优秀论文库/研究生数学建模/2014/B题/B10561006.pdf,f831eba2975fb40d560be6667be2adb7f3ad33d2fcc732855c71599d9c304fff
研究生数学建模,2014,B题,B90045007.pdf,46,3928135,False,6-1优秀论文库/研究生数学建模/2014/B题/B90045007.pdf,1a98ede5e69d50e1fb7fec45750c7e802f550c87eb5e5aa4a575228a0d688ed9
研究生数学建模,2014,C题,C10291002.pdf,39,1948545,False,6-1优秀论文库/研究生数学建模/2014/C题/C10291002.pdf,7b9adba7eda625a2bf5bd9237d8f4f42428160f796b765d639e59a387429bc04
研究生数学建模,2014,D题,DK0002.pdf,50,2970609,False,6-1优秀论文库/研究生数学建模/2014/D题/DK0002.pdf,3f947dd3ec1c747af3f49eab452dbe63409ace095b8f08b8baa0ad94c5f18558
研究生数学建模,2014,B题,B10248108.pdf,43,3070735,False,6-1优秀论文库/研究生数学建模/2014/B题/B10248108.pdf,bd6d24a10c3005632efa0b00307d1e50dd11e3f1c7d294395259a213134190e9
研究生数学建模,2014,D题,D10615010.pdf,42,2511391,False,6-1优秀论文库/研究生数学建模/2014/D题/D10615010.pdf,3a90f2cd3dddce39fdf63af06d9cf0590eb510967884475584aa719729193ec9
研究生数学建模,2014,C题,C90006014.pdf,26,4303390,False,6-1优秀论文库/研究生数学建模/2014/C题/C90006014.pdf,53acca018a6f3ad01f5eeebfad308bba9fa330a03d0554dd376bc073d25de3c3
研究生数学建模,2014,C题,C10248046.pdf,36,2325948,False,6-1优秀论文库/研究生数学建模/2014/C题/C10248046.pdf,9ac9db36f65d2840b76b44e63ff6ca20dd98ed8365bd85da1cbc952e79a93c34
研究生数学建模,2014,D题,D10426016.pdf,51,2876780,False,6-1优秀论文库/研究生数学建模/2014/D题/D10426016.pdf,b101521672ddcdf1802256f1cbdcd4e6b7c44dc1037c4caad163e62fb348b99e
研究生数学建模,2014,C题,C10286040.pdf,28,1948328,False,6-1优秀论文库/研究生数学建模/2014/C题/C10286040.pdf,a97b96722177e520b0768e069ac8e5ee8f6efca1a9b35bdbd19263967f7c2d49
研究生数学建模,2014,D题,D10247034.pdf,53,4434029,False,6-1优秀论文库/研究生数学建模/2014/D题/D10247034.pdf,ac0206fde043ba16f287c94cded837796f05873c834596b70aaca3d83e94e46b
研究生数学建模,2014,C题,C10247056.pdf,39,3111624,False,6-1优秀论文库/研究生数学建模/2014/C题/C10247056.pdf,f787182f8c9bc730d72e8ccd27ba8aab5478c1c88325699a582fb8c93a7a7250
研究生数学建模,2014,A题,A10079006.pdf,30,2207675,False,6-1优秀论文库/研究生数学建模/2014/A题/A10079006.pdf,abe3e7d995098c5df6a566245ac5644149cacdf8514f4178f29a57c043080329
研究生数学建模,2014,E题,E10700002.pdf,37,2712832,False,6-1优秀论文库/研究生数学建模/2014/E题/E10700002.pdf,58d1bc900b3be90cc24d1905c6e41f65b6f23089dd5b9c588b0c12970f843bbf
研究生数学建模,2014,E题,E10294001.pdf,42,2596636,False,6-1优秀论文库/研究生数学建模/2014/E题/E10294001.pdf,2a92bef6772625ce9f803eac2b1e2bb4b9524f23ad94a26dd341a1ab16522911
研究生数学建模,2014,A题,A10056003.pdf,38,2719378,False,6-1优秀论文库/研究生数学建模/2014/A题/A10056003.pdf,18501c8ed2f5333baf205f0a7a783ce281b35ecc1e957e16eac66095e4ff3ed9
研究生数学建模,2015,C题,C90110010.pdf,36,4224982,False,6-1优秀论文库/研究生数学建模/2015/C题/C90110010.pdf,6b1ac8ba2222216184f327d67d50fc968cf253a9d38190db92ef5d3b48523453
研究生数学建模,2015,D题,90038010.pdf,64,4160893,False,6-1优秀论文库/研究生数学建模/2015/D题/90038010.pdf,2539e400b22877b78c0f1aced4126dd94ebf6c1ce79b05ff347a1cffffdf7ea0
研究生数学建模,2015,D题,10287026.pdf,40,3371211,False,6-1优秀论文库/研究生数学建模/2015/D题/10287026.pdf,eb74626d530029bacdaa6bce2b571357a769c7ef0c50ea5e3a9bf2e33669211f
研究生数学建模,2015,B题,B10006005.pdf,25,1718728,False,6-1优秀论文库/研究生数学建模/2015/B题/B10006005.pdf,ff5475bce43ae419e8a9124c74c8c4cb92b2b4802e7153d7a86355a50edacd5b
研究生数学建模,2015,D题,10422053.pdf,43,2996596,False,6-1优秀论文库/研究生数学建模/2015/D题/10422053.pdf,d37c27d2051f95e347cd19d03443f4da1bb3c340ec1227ded5f0ba0148752510
研究生数学建模,2015,D题,90038025.pdf,71,3426467,False,6-1优秀论文库/研究生数学建模/2015/D题/90038025.pdf,80b6258d4ca6fbd3bdb3bbf996e9f6fbb63ef1906172ff1cfe2cfc5babb6a36f
研究生数学建模,2015,B题,B10700027.pdf,47,3237578,False,6-1优秀论文库/研究生数学建模/2015/B题/B10700027.pdf,2ef515f97e97b0f0e673421b46aad5493587f7cbae4ca045f144260fb19de4ad
研究生数学建模,2015,C题,C90005047.pdf,32,3811146,False,6-1优秀论文库/研究生数学建模/2015/C题/C90005047.pdf,5061f86ea89619c0b52640edd6f56885597ce25109611e153a6d59e1f0cc2ebd
研究生数学建模,2015,B题,B10290012.pdf,51,15122418,False,6-1优秀论文库/研究生数学建模/2015/B题/B10290012.pdf,a903d02633303069f08999df48048f7b745d02e8472be63b7d25e462fecbf657
研究生数学建模,2015,D题,83285013.pdf,60,4738613,False,6-1优秀论文库/研究生数学建模/2015/D题/83285013.pdf,39fe35e2a6e671dbe7789d8a3350a1d8130b6d4dfe3ccc24b8c184b937a24dd1
研究生数学建模,2015,F题,F10615003.pdf,39,2644728,False,6-1优秀论文库/研究生数学建模/2015/F题/F10615003.pdf,1499127c02d9f4ec19ee5df1cdf0185bb4764a1e73b403841fa804cedd1d6a87
研究生数学建模,2015,F题,FK0041.pdf,53,4576416,False,6-1优秀论文库/研究生数学建模/2015/F题/FK0041.pdf,388da59824d13dfe2002a247fab8d3d02ef3168fc5a8a016f2c1ae33556f20c5
研究生数学建模,2015,E题,E10459037.pdf,23,1794399,False,6-1优秀论文库/研究生数学建模/2015/E题/E10459037.pdf,c329b3a9f1cd7597977d0cfa80ea749642a04c64690b8785a19dd97f1e10fe4d
研究生数学建模,2015,E题,E10757002.pdf,27,1258639,False,6-1优秀论文库/研究生数学建模/2015/E题/E10757002.pdf,3c8608fa16957c9bfea65d10d76c5cedd63655e9cace0985ff81207c62a4ff38
研究生数学建模,2015,F题,F10613003.pdf,112,6820395,False,6-1优秀论文库/研究生数学建模/2015/F题/F10613003.pdf,af1b79a8253410b638c086ba26fb2a68557173455657fa02b34f594e9dd45b2e
研究生数学建模,2015,C题,C90019017.pdf,32,1862415,False,6-1优秀论文库/研究生数学建模/2015/C题/C90019017.pdf,29414ef5771f8b027ee54bb97cabbab2495d936566e1eba7a13470810d994550
研究生数学建模,2015,E题,E10425010.pdf,44,3071572,False,6-1优秀论文库/研究生数学建模/2015/E题/E10425010.pdf,582f417fe77750d8a0e737df1470c5c7cb5006a425eb548f00158e0d53cc101c
研究生数学建模,2015,D题,10700001.pdf,56,4159455,False,6-1优秀论文库/研究生数学建模/2015/D题/10700001.pdf,a6dacbf176d77b2b1970154f6d761b194e94a0a3e651fff47ad26fee66c22430
研究生数学建模,2015,A题,A10422076.pdf,36,2321151,False,6-1优秀论文库/研究生数学建模/2015/A题/A10422076.pdf,ae162d053682234a692c239756c8700805dcfd9eb13d779c58bea86a1ee23ba9
研究生数学建模,2015,B题,B90006058.pdf,54,3992552,False,6-1优秀论文库/研究生数学建模/2015/B题/B90006058.pdf,3ec0d3f6db7d744aa93530bdf114a7c202b68ea7c8c302d1465858f84f8a0499
研究生数学建模,2015,B题,B10248091.pdf,57,5889815,False,6-1优秀论文库/研究生数学建模/2015/B题/B10248091.pdf,5c984a33bc97158acb6ecf02a275f2b889abdd6d831cf11204731cb3cd19c62f
研究生数学建模,2015,F题,F10357003.pdf,65,4730798,False,6-1优秀论文库/研究生数学建模/2015/F题/F10357003.pdf,c0cda3e7ff533b5ad970963c1cc77724f7359ce49febffc70b0592a513215a27
研究生数学建模,2015,A题,A10533032.pdf,38,2709778,False,6-1优秀论文库/研究生数学建模/2015/A题/A10533032.pdf,aec7019dae8d941ec095cab354f368b440eee548d96de0ffa19cb8eedd986709
研究生数学建模,2015,F题,F10613002.pdf,67,4988359,False,6-1优秀论文库/研究生数学建模/2015/F题/F10613002.pdf,1988508060b39a97c1f603b5a5dc939d0274cb2fbd59efb3ff8faac1d99ae1bc
研究生数学建模,2015,D题,90002014.pdf,50,4075622,False,6-1优秀论文库/研究生数学建模/2015/D题/90002014.pdf,932594a6650555a1c44d36724922e2f231c0e29b1c697144aaf93e07a2dea6d2
研究生数学建模,2015,E题,E10247086.pdf,51,3671671,False,6-1优秀论文库/研究生数学建模/2015/E题/E10247086.pdf,123c6df3a3e44504c96761c912dbd5c26148f1cf7145023cdc1333276efe1a33
研究生数学建模,2015,D题,10287013.pdf,43,2171506,False,6-1优秀论文库/研究生数学建模/2015/D题/10287013.pdf,a59c8f19314c22d88213420520ad66ad8b6ad8c066c222c235790461e6e39bc6
研究生数学建模,2015,B题,B10248118.pdf,36,3644453,False,6-1优秀论文库/研究生数学建模/2015/B题/B10248118.pdf,b48437426fdd2f83368718896e54a5e8f8f8a5da712b8ad2599284ec88103977
研究生数学建模,2015,E题,EK0196.pdf,34,2718989,False,6-1优秀论文库/研究生数学建模/2015/E题/EK0196.pdf,3a2d22dcf869409a2fd6cb6de6fd73474ba532a965c9a3ef5336aee9e0efe4f2
研究生数学建模,2015,F题,F10248085.pdf,72,4218157,False,6-1优秀论文库/研究生数学建模/2015/F题/F10248085.pdf,b9c21a32dea9af696e878786a159a62f118d0ff22dfdfa563cad25271940909a
研究生数学建模,2015,E题,E90047006.pdf,56,4102373,False,6-1优秀论文库/研究生数学建模/2015/E题/E90047006.pdf,990d404ab9390611908a66a3c9c3a93a3f2451b9f4f3258063c95d7e32460aba
研究生数学建模,2015,F题,F10273011.pdf,64,3252224,False,6-1优秀论文库/研究生数学建模/2015/F题/F10273011.pdf,1a221fde357319a1fbcff2ac608bf818ac36f1b9f84e707f73a878d59ed319a9
研究生数学建模,2015,D题,10004002.pdf,74,6570051,False,6-1优秀论文库/研究生数学建模/2015/D题/10004002.pdf,888fc597438e5084db64fbc9b446e660e87fe6c8f9c880d00bcc407d66cb149f
研究生数学建模,2015,D题,10615017.pdf,56,3872942,False,6-1优秀论文库/研究生数学建模/2015/D题/10615017.pdf,839577879369e15c2493c00d99cb63c53c012f32f0347b9d8a297771b3bb4304
研究生数学建模,2015,D题,K0032.pdf,68,3845946,False,6-1优秀论文库/研究生数学建模/2015/D题/K0032.pdf,b4d9854334a4286647abbea1f3746e861de210ad14044664e01fa86039a517db
研究生数学建模,2015,B题,B10294017.pdf,47,3353106,False,6-1优秀论文库/研究生数学建模/2015/B题/B10294017.pdf,f2bceb7a02e51f4212c0ef137afa00011bb4fa1116773b5bd1bf9ab5551eb8fe
研究生数学建模,2015,F题,F10353007.pdf,101,4252472,False,6-1优秀论文库/研究生数学建模/2015/F题/F10353007.pdf,ff3c1788e653af3f536c2b6559938358a2e3108101245a8e307ea78f27677f9c
研究生数学建模,2015,C题,C90047002.pdf,24,1834217,False,6-1优秀论文库/研究生数学建模/2015/C题/C90047002.pdf,c3dc396ea5432108f3f87dc6e0eaa4391de39880308d2ed3bea3506ac91f1d90
研究生数学建模,2015,C题,C90110006.pdf,40,4405132,False,6-1优秀论文库/研究生数学建模/2015/C题/C90110006.pdf,eb1f6763be533c0dd38918a1a5f393e98df3a8d9fee7b24d88568deb38021ac5
研究生数学建模,2015,E题,E10700022.pdf,38,3590006,False,6-1优秀论文库/研究生数学建模/2015/E题/E10700022.pdf,6831e8ea108a29a43cecbcfc92e8bf81f4a61f1bd6ebe1eaa59ccdd465f58919
研究生数学建模,2015,A题,A10856054.pdf,72,4920077,False,6-1优秀论文库/研究生数学建模/2015/A题/A10856054.pdf,18845d4719c63941ad784a3c352bfc0694ce43da32915fa8d7a31ba4adfc64d2
研究生数学建模,2015,A题,A10288020.pdf,37,2668451,False,6-1优秀论文库/研究生数学建模/2015/A题/A10288020.pdf,73a591625b0f948c34e776f4f6ce5da4be02feb326a42740ebff48516c5fc5e8
研究生数学建模,2015,F题,F10613005.pdf,95,12005297,False,6-1优秀论文库/研究生数学建模/2015/F题/F10613005.pdf,90b3d99aa18ab961e7b65c19ab8fd1bd485f3b47ed4fbfb9d78dfc05e151f4c6
研究生数学建模,2015,E题,E10054013.pdf,34,2563984,False,6-1优秀论文库/研究生数学建模/2015/E题/E10054013.pdf,e80a7807c90e90180066382556a334fedb2ccab0465b9e9ac5d724a76ddd3de5
研究生数学建模,2015,C题,CK0127.pdf,29,3448131,False,6-1优秀论文库/研究生数学建模/2015/C题/CK0127.pdf,3f6043843b11fa0f2a68f6240cdd369f00479e786b960ab45be0b035ca892387
研究生数学建模,2015,B题,B11660017.pdf,55,7786538,False,6-1优秀论文库/研究生数学建模/2015/B题/B11660017.pdf,5d2232b61937e9057346259c315f13240d0c6f1b223ec7bcca07331b1b5957d5
研究生数学建模,2015,A题,A10651009.pdf,34,2339153,False,6-1优秀论文库/研究生数学建模/2015/A题/A10651009.pdf,2cf66b889d0b8776a7f281e4452547e9eb028e7cb2fbeb07dabc6f4003dc3cd1
研究生数学建模,2015,A题,A90025016.pdf,56,3178556,False,6-1优秀论文库/研究生数学建模/2015/A题/A90025016.pdf,f4d9dcd4c52c48065a4132ac2bfb77657c94cec12b8871b6771a73e95d7949dc
研究生数学建模,2015,B题,B10290012_1_.pdf,51,15122425,False,6-1优秀论文库/研究生数学建模/2015/B题/B10290012_1_.pdf,6a2c9d4832f5a042abb4abb6162eb9440563844ca8fcdd04e39fbef1089f1805
研究生数学建模,2015,B题,B90002105.pdf,43,3958874,False,6-1优秀论文库/研究生数学建模/2015/B题/B90002105.pdf,7caaf4e3657ec59ab492c4e4c8e664ca5ed4c4c6e06c53ba24058b1907b6baae
研究生数学建模,2015,E题,E10256058.pdf,25,2366077,False,6-1优秀论文库/研究生数学建模/2015/E题/E10256058.pdf,c429f7849e184b971daa65e9a83f70e4c026bf6f84a3fc275c86fc73550457d3
研究生数学建模,2015,A题,A11075030.pdf,54,2731687,False,6-1优秀论文库/研究生数学建模/2015/A题/A11075030.pdf,d58425c2da8ff6e5570ee329bef2549f36b830787345207990906a07b13888af
研究生数学建模,2015,F题,F10295002.pdf,49,3700366,False,6-1优秀论文库/研究生数学建模/2015/F题/F10295002.pdf,2d7013b1da81fdb0a8a811ef853f3b8e4917ddec80e5e09d3b97e92857bfcc75
研究生数学建模,2016,综合,BK0209.pdf,34,1880438,False,6-1优秀论文库/研究生数学建模/2016/综合/BK0209.pdf,c428b2821a31396a4a7500fbae39b20c9513ecad3e1288c47cf08b2cb3ce515b
研究生数学建模,2016,A题,A10287022.pdf,36,2416406,False,6-1优秀论文库/研究生数学建模/2016/A题/A10287022.pdf,6d05f188b87c20fd2824bc5df9551f2de00c9193230c5bde5db23a7b759a0a38
研究生数学建模,2016,C题,C10423010.pdf,36,4226319,False,6-1优秀论文库/研究生数学建模/2016/C题/C10423010.pdf,2b4573195879663e65d82e6c176115ba506e3ef8e21f027ef89ab5b5801f64d6
研究生数学建模,2016,B题,B11117004.pdf,27,1407721,False,6-1优秀论文库/研究生数学建模/2016/B题/B11117004.pdf,fea82d86c7b9721356997ae0ef3c07ae17d9d73a0a2ff4d0f4a4fb8801eb32a4
研究生数学建模,2016,综合,BK0247.pdf,23,2060954,False,6-1优秀论文库/研究生数学建模/2016/综合/BK0247.pdf,4634632ba3fffa2efa3d2a033378334f4eed7b931eda55048c303fad011259b8
研究生数学建模,2016,B题,B10273004.pdf,41,5932494,False,6-1优秀论文库/研究生数学建模/2016/B题/B10273004.pdf,2e3a0ee9142f3e46ba624dd7408fe05f794f2e2a45b4e9ec7d6ada00551acb57
研究生数学建模,2016,E题,E10615007.pdf,50,3063998,False,6-1优秀论文库/研究生数学建模/2016/E题/E10615007.pdf,2f998f2079b067b1fa72b16301861a788d37d705d2b9173720ef2479c587498c
研究生数学建模,2016,A题,A10294006.pdf,71,4814984,False,6-1优秀论文库/研究生数学建模/2016/A题/A10294006.pdf,91200bdc5631e9b26f713b1fbccdca50e2c5d782f250269a5e1f8ea2e68fc470
研究生数学建模,2016,E题,E10357003.pdf,108,6813980,False,6-1优秀论文库/研究生数学建模/2016/E题/E10357003.pdf,0d522bed19da544a5188884e21b83215995394a9a3b227e703cfc7d6c15dda02
研究生数学建模,2016,D题,D10252015.pdf,36,2163657,False,6-1优秀论文库/研究生数学建模/2016/D题/D10252015.pdf,c9e5fcd2cb6c2707e086bb76c29fa760d4e7ce82b0b2809b2155085599828a05
研究生数学建模,2016,D题,D90059029.pdf,35,2328843,False,6-1优秀论文库/研究生数学建模/2016/D题/D90059029.pdf,88c7077d85651ea4166ee754ced7ef9368f4dbdb294c10e240b2252760f31270
研究生数学建模,2016,C题,C10534002.pdf,65,4639901,False,6-1优秀论文库/研究生数学建模/2016/C题/C10534002.pdf,cf228b9ba82278b355b70c402cc394598d091cd3d827f2f71d7bf350a0e683ae
研究生数学建模,2016,C题,C10287048.pdf,29,1802846,False,6-1优秀论文库/研究生数学建模/2016/C题/C10287048.pdf,294d441bdd7d56c809d7b1b9bf1afde205620256a8429b4e72d4a95492cd56d8
研究生数学建模,2016,A题,A10252152.pdf,41,2918003,False,6-1优秀论文库/研究生数学建模/2016/A题/A10252152.pdf,051af90170b627c7c6bd9b233d03d9b77c4a8f1ce2449490f96cfd515063fa34
研究生数学建模,2016,C题,C80138004.pdf,25,3246701,False,6-1优秀论文库/研究生数学建模/2016/C题/C80138004.pdf,7c9745aabd71eacebfd4faefcfae5e867d5eba9c752eb9aa1ac981cc4bd66477
研究生数学建模,2016,A题,A10287004.pdf,48,14326994,False,6-1优秀论文库/研究生数学建模/2016/A题/A10287004.pdf,36687cd24cc8ecd87cf6c6c542f678d235ebf55859037e43ea0e78cca99a9007
研究生数学建模,2016,D题,D10248021.pdf,55,4548307,False,6-1优秀论文库/研究生数学建模/2016/D题/D10248021.pdf,5791bd41a5b9a36b96f9b20244e132b2d711435d2bc4b0e8812576f4e9394cef
研究生数学建模,2016,C题,C11660022.pdf,44,2631417,False,6-1优秀论文库/研究生数学建模/2016/C题/C11660022.pdf,94b04f07e8a524beb6783102fe2c15c442434c56465a73a10f4dbacfaaa9b33f
研究生数学建模,2016,B题,B10248299.pdf,34,2114206,False,6-1优秀论文库/研究生数学建模/2016/B题/B10248299.pdf,5eb6acf1361901ca3c7b4bd666b9534ddd84160e2649210a06036abb3e240c44
研究生数学建模,2016,C题,C90110002.pdf,32,1987396,False,6-1优秀论文库/研究生数学建模/2016/C题/C90110002.pdf,263c11a730b132fbc411f3b8da26779738c957f0d92a00b7ddce59d0a2c857a2
研究生数学建模,2016,D题,D10291002.pdf,37,2062305,False,6-1优秀论文库/研究生数学建模/2016/D题/D10291002.pdf,da131a511fa0059401a83059dd66dc3b0ff8a2be0dbbb0dd3a46f4c7465fd21d
研究生数学建模,2016,D题,D83285024.pdf,54,3684085,False,6-1优秀论文库/研究生数学建模/2016/D题/D83285024.pdf,42a20bd038062e2fbd672f6bfee59522364f9af6e6a333dc12437c8f746d3d83
研究生数学建模,2016,E题,E10058003.pdf,76,2875698,False,6-1优秀论文库/研究生数学建模/2016/E题/E10058003.pdf,430783ce865ef1514b0f7511144b768194ab65406befb74d8d97e18c5bd95033
研究生数学建模,2016,E题,E10327023.pdf,35,2719409,False,6-1优秀论文库/研究生数学建模/2016/E题/E10327023.pdf,9274c6fda6c84c53313970a732cafcb1c867bce45f7f05e5a5498ca92c6b7545
研究生数学建模,2016,B题,B10013022.pdf,26,2134466,False,6-1优秀论文库/研究生数学建模/2016/B题/B10013022.pdf,c513b0b2d70e1e32f28f39ea1bffe3115b26302869b5b71ccff583b13123a048
研究生数学建模,2016,综合,DK0003.pdf,56,9741561,False,6-1优秀论文库/研究生数学建模/2016/综合/DK0003.pdf,973a3bad46005aa413e9bb1abe472db2bf44cb9c03a0c5a8cd3eb350a9933221
研究生数学建模,2016,A题,A10248058.pdf,30,1549694,False,6-1优秀论文库/研究生数学建模/2016/A题/A10248058.pdf,5793bc7c81bf2a9a361842cfc549f971977c856d1bc5631cd816d32334132b4a
研究生数学建模,2016,E题,E10058009.pdf,54,2306448,False,6-1优秀论文库/研究生数学建模/2016/E题/E10058009.pdf,4a3b16092e92b4a120a36922f91ed75c6da28a4501506c48c5c9e0b151847cac
研究生数学建模,2017,E题,E10252101.pdf,31,1931092,False,6-1优秀论文库/研究生数学建模/2017/E题/E10252101.pdf,7cee7be66ebbcfa8cb17a3bd72206216184c22c224d9c88d7289279345928b16
研究生数学建模,2017,C题,C10617012.pdf,22,1231832,False,6-1优秀论文库/研究生数学建模/2017/C题/C10617012.pdf,04d41992f4940bcec85a9d3409e9a4f9e9cceedf50dd4ae9c14916a2c15fb0bc
研究生数学建模,2017,F题,F10710008.pdf,34,2778990,False,6-1优秀论文库/研究生数学建模/2017/F题/F10710008.pdf,622573ec125dd707d17b1d8d544a6c346b9f569881e956d7a02b83419b984654
研究生数学建模,2017,B题,B90105001.pdf,46,5458505,False,6-1优秀论文库/研究生数学建模/2017/B题/B90105001.pdf,cb2531c5028f0d5f8af853e8daa482cd25817558cd0accbe0918509fb7ee8337
研究生数学建模,2017,综合,CK0723.pdf,52,3992650,False,6-1优秀论文库/研究生数学建模/2017/综合/CK0723.pdf,a8ac203ce414163c05020d8b3a1202144de33f09115cec52f0d96ae4d2806c26
研究生数学建模,2017,E题,E10426002.pdf,47,3500884,False,6-1优秀论文库/研究生数学建模/2017/E题/E10426002.pdf,4f7659bae07c445a4f922c701bc975a7d0703e7578820dc0d99f71c497e99aeb
研究生数学建模,2017,A题,A10254014.pdf,77,7029956,False,6-1优秀论文库/研究生数学建模/2017/A题/A10254014.pdf,d5d71a90504e287cbb0d26416a50536b1a0dfd586eb2b2a09342b993804a4b91
研究生数学建模,2017,E题,E10487018.pdf,43,3640647,False,6-1优秀论文库/研究生数学建模/2017/E题/E10487018.pdf,f2e63ae78fd5b07b2ef6c26c796dcc751f4d8a398ad2f58a02eff78f20cd47c4
研究生数学建模,2017,A题,A10700045.pdf,49,3428650,False,6-1优秀论文库/研究生数学建模/2017/A题/A10700045.pdf,61fbbfdabe00e460099d076d2ba79300b68337af263c7bf08746fa6f80c9afc9
研究生数学建模,2017,C题,C10004025.pdf,66,9565541,False,6-1优秀论文库/研究生数学建模/2017/C题/C10004025.pdf,9057964786f9321fc9d04a390bb3fe6d798e02819bd8bc643f39b744dfd54831
研究生数学建模,2017,F题,F10294003.pdf,50,4295058,False,6-1优秀论文库/研究生数学建模/2017/F题/F10294003.pdf,d30f89a630cf6cf075ee6fb5046ee7c04b5d0112585b15b1c0cff807fbbdee08
研究生数学建模,2017,E题,E10294008.pdf,40,13691796,False,6-1优秀论文库/研究生数学建模/2017/E题/E10294008.pdf,98dc813733965d234a21d53d74e99ae84b3cc1e93eb8bd733a27b55d07c2b18a
研究生数学建模,2017,E题,E90038022.pdf,47,2143017,False,6-1优秀论文库/研究生数学建模/2017/E题/E90038022.pdf,4493176c56cc2b557c1f459eb84357b85c6e9ba71ebdce588e690d0f8f6702df
研究生数学建模,2017,F题,F10256001.pdf,68,3989590,False,6-1优秀论文库/研究生数学建模/2017/F题/F10256001.pdf,d8b3ae561db6e075148e2c02db095c4b9cd99d8fa6d1f3c2f1318c5109100bc7
研究生数学建模,2017,D题,D90005013.pdf,47,4362158,False,6-1优秀论文库/研究生数学建模/2017/D题/D90005013.pdf,d2c0b1da493c9eb2692ff2213ca1192b073b17cde90caaaf1f78ec13e73e367a
研究生数学建模,2017,B题,B10614023.pdf,75,4514844,False,6-1优秀论文库/研究生数学建模/2017/B题/B10614023.pdf,f817a0f6e63b5ca04d781da44451588845282e7acaf61545777b9cf51a45aac6
研究生数学建模,2017,B题,B80151002.pdf,53,5174366,False,6-1优秀论文库/研究生数学建模/2017/B题/B80151002.pdf,2d40a14d070ef3982f4a980f4d2c77adfd84a5b687c62863113035a0256a3a01
研究生数学建模,2017,A题,A10252401.pdf,39,4203319,False,6-1优秀论文库/研究生数学建模/2017/A题/A10252401.pdf,2d569d2118d039df1662655e78d1bd0ee434b1da164b951d1a7a3f53a35d1416
研究生数学建模,2017,综合,FK0263.pdf,63,4255407,False,6-1优秀论文库/研究生数学建模/2017/综合/FK0263.pdf,de3ef10810bcd9986e867a4158b311175728fef424d94e0c323f6322eb7975a7
研究生数学建模,2017,F题,F90005027.pdf,54,3697675,False,6-1优秀论文库/研究生数学建模/2017/F题/F90005027.pdf,29eeae3def99ad48bb358911c19d66d87aeec234351b95e2f076d71fd6b9f511
研究生数学建模,2017,D题,D10701013.pdf,95,5531958,False,6-1优秀论文库/研究生数学建模/2017/D题/D10701013.pdf,9deb17f48ea5271b4445287f0252d7d789e18d78f7b8a5265fc9b1aa65a6ca73
研究生数学建模,2017,A题,A80143001.pdf,66,6993042,False,6-1优秀论文库/研究生数学建模/2017/A题/A80143001.pdf,3c7b3883ef5e8b321a5ae0d6fb665b169a902fc1632b4ee18b8f3c8bb6064537
研究生数学建模,2017,B题,B80143006.pdf,47,3368547,False,6-1优秀论文库/研究生数学建模/2017/B题/B80143006.pdf,ffd9ce8feb50bcc03c971d39dcad0c2593741331c5627262592daa0462ec719a
研究生数学建模,2017,综合,EK0411.pdf,52,4083199,False,6-1优秀论文库/研究生数学建模/2017/综合/EK0411.pdf,2ab7af5a06953c8a379f98e11aaaf2c63a29c7cfaf5b94f2703dfaef4adc17f5
研究生数学建模,2017,F题,F10486024.pdf,49,3014207,False,6-1优秀论文库/研究生数学建模/2017/F题/F10486024.pdf,eb50c499d14d6ab4d9849ad0cbcc385888d6753930fc21193fbe6dcc9580aa06
研究生数学建模,2017,综合,DK0059.pdf,70,6961504,False,6-1优秀论文库/研究生数学建模/2017/综合/DK0059.pdf,a7caa1eecb014ef4b8b182bd8a801bbcd3b8e44abb4c46a3d17b97a1b130d248
研究生数学建模,2017,B题,B10615020.pdf,54,4591057,False,6-1优秀论文库/研究生数学建模/2017/B题/B10615020.pdf,1d2a5da0762148b82b10fe89090b1bba21eb91d0b33bd8a406ea967817f35ead
研究生数学建模,2017,C题,C10248117.pdf,25,2294990,False,6-1优秀论文库/研究生数学建模/2017/C题/C10248117.pdf,7855e00b7fc2f6d56a42e8699c8b7362007c2f7fd4ca01e7db7cb917441dcf1c
研究生数学建模,2017,综合,CK0264.pdf,26,2159470,False,6-1优秀论文库/研究生数学建模/2017/综合/CK0264.pdf,a5a1c193c2ad6ba1e5573cc9e5bf6b4684edb8e10d8817e1ef6183afe932ab7a
研究生数学建模,2017,综合,DK0483.pdf,86,6430461,False,6-1优秀论文库/研究生数学建模/2017/综合/DK0483.pdf,2c59d60c2da3305cdc32524fd6f6599f193c893b9f30bda7b96a1e626b5a3271
研究生数学建模,2017,B题,B10183125.pdf,67,3357438,False,6-1优秀论文库/研究生数学建模/2017/B题/B10183125.pdf,5eab6abe7a8596fc4f96ee5410502e8e062e580b00964952cc739a77c0ddfffb
研究生数学建模,2017,D题,D10532006.pdf,42,3791445,False,6-1优秀论文库/研究生数学建模/2017/D题/D10532006.pdf,800ed1ef5850689fdb1aeec06fa9b3b7ed22cb9832acd4e658a4c4737c4e68a4
研究生数学建模,2017,A题,A10286374.pdf,47,4032288,False,6-1优秀论文库/研究生数学建模/2017/A题/A10286374.pdf,6ffd9eec6146b5fcc534374a718927079560ff0a3baa6cf8b0063707e5098d36
研究生数学建模,2017,B题,B10280234.pdf,46,3452437,False,6-1优秀论文库/研究生数学建模/2017/B题/B10280234.pdf,1129fd0542e30a6db0678650b85236ee3f65ba9ee529ac71368c1c6ab72bc32a
研究生数学建模,2017,B题,B10246049.pdf,60,4575465,False,6-1优秀论文库/研究生数学建模/2017/B题/B10246049.pdf,8e11b900adbcfccdc775d7697dbc81c44251bab65d1dfb7a0851dbda48207773
研究生数学建模,2017,F题,F10703002.pdf,36,3366892,False,6-1优秀论文库/研究生数学建模/2017/F题/F10703002.pdf,bed07dd327e7a3909663b369a2e12b242b1134aeb9bc2fd74c941dfe2ec10b21
研究生数学建模,2017,E题,E10610009.pdf,30,2261609,False,6-1优秀论文库/研究生数学建模/2017/E题/E10610009.pdf,f713f3dc372f86065e88bf0a9e3390fe695637506fdf445b893e01d76abdd4b1
研究生数学建模,2017,D题,D10252016.pdf,45,3422289,False,6-1优秀论文库/研究生数学建模/2017/D题/D10252016.pdf,71fc9d029aa933c95a310a1a2d78775142c6dbf09f215b5f8592a324a609a102
研究生数学建模,2017,D题,D10247003.pdf,62,5123030,False,6-1优秀论文库/研究生数学建模/2017/D题/D10247003.pdf,54cec3eab4d6e31f307d34c70f5540d1f81673733fd1aa227245e32ae03df10d
研究生数学建模,2017,C题,C90005033.pdf,43,3382722,False,6-1优秀论文库/研究生数学建模/2017/C题/C90005033.pdf,22d5f3f55bac823d2684b1192cbc9d982a708f35227c52ec79c9f17a892a7088
研究生数学建模,2017,A题,A10425002.pdf,52,4625438,False,6-1优秀论文库/研究生数学建模/2017/A题/A10425002.pdf,fe2a3914db04e70dcdf97091844801c3f759391e145a6e1af3577a1814692dd3
研究生数学建模,2018,A题,A18105000011.pdf,27,1905485,False,6-1优秀论文库/研究生数学建模/2018/A题/A18105000011.pdf,ffc107092cf6c2609534658bf36683bbf0d65c80bcbf9a45c9f282403aedb17d
研究生数学建模,2018,B题,B18102840008.pdf,38,3662033,False,6-1优秀论文库/研究生数学建模/2018/B题/B18102840008.pdf,517839f4f632b947221a0c9c3b2366398d869c4dbccf3c7c9fb2060d452b0161
研究生数学建模,2018,D题,D18107010021.pdf,44,3854302,False,6-1优秀论文库/研究生数学建模/2018/D题/D18107010021.pdf,57fad420b492d5fca439975a934cf4b1240fcf8773a943aa04b6c10288045b2e
研究生数学建模,2018,D题,D18106110053.pdf,50,6476957,False,6-1优秀论文库/研究生数学建模/2018/D题/D18106110053.pdf,e1344deac2f0b45cdf4c912be343e31e8ef4c4093ed92c85de64d02edcee3adb
研究生数学建模,2018,A题,A18106150026.pdf,32,3548264,False,6-1优秀论文库/研究生数学建模/2018/A题/A18106150026.pdf,0ffd8cd4ba39e7e25992d73a33c75f3ccf036ac0367904eebb2c11d6045943e9
研究生数学建模,2018,D题,D18911010003.pdf,49,27805151,False,6-1优秀论文库/研究生数学建模/2018/D题/D18911010003.pdf,25a3917bdb248fb3de4fc668daf00768f78245dedcd3d7f9ffc11e435a84e96d
研究生数学建模,2018,D题,D18116460078.pdf,41,7349381,False,6-1优秀论文库/研究生数学建模/2018/D题/D18116460078.pdf,8b9015adc08a1265cd23f5e502997765721038fa7dbeafc7ec40e37b6b6f9925
研究生数学建模,2018,E题,E18100700006.pdf,37,4477900,False,6-1优秀论文库/研究生数学建模/2018/E题/E18100700006.pdf,0c29183f112acf3bc10436caca3b7a8a489ffe90a7057c2629b37043aa013727
研究生数学建模,2018,E题,E18102860271.pdf,37,3014421,False,6-1优秀论文库/研究生数学建模/2018/E题/E18102860271.pdf,b2bbf0e6552b21c582ff6753fa73be689cc66428b8a092897b9ee55868d6689a
研究生数学建模,2018,A题,A18103000012.pdf,36,3406547,False,6-1优秀论文库/研究生数学建模/2018/A题/A18103000012.pdf,deaab148c9acee844224e3be24fe1267b7fe6762d04c122d11c9ae24ae1140c0
研究生数学建模,2018,B题,B18102520096.pdf,49,2737751,False,6-1优秀论文库/研究生数学建模/2018/B题/B18102520096.pdf,e623e526de0d90cc3dc3c9b63c16fc028fefae4e6f6cd89f82098b52f91c25ec
研究生数学建模,2018,F题,F18104860073.pdf,38,2636936,False,6-1优秀论文库/研究生数学建模/2018/F题/F18104860073.pdf,437d7319495b78655a788e53be09484f0a7f3f2577bd14d28db84f5228b650a7
研究生数学建模,2018,D题,D18108560125.pdf,60,2938548,False,6-1优秀论文库/研究生数学建模/2018/D题/D18108560125.pdf,04239227c814d828aa1c785f7408aced5b3797c1fcaaa2b1a475a9bae7645849
研究生数学建模,2018,D题,D18102480211.pdf,73,6188074,False,6-1优秀论文库/研究生数学建模/2018/D题/D18102480211.pdf,644ffd93fcb0af85e60e1195da165615716c2ebeb1821fc1e017732953eeb957
研究生数学建模,2018,C题,C18900450036.pdf,83,3989372,False,6-1优秀论文库/研究生数学建模/2018/C题/C18900450036.pdf,4eaa84e9a6d1ec108c57234bb4826f1981efef625b590224fa84f8f0cba2e4d0
研究生数学建模,2018,B题,B18102860425.pdf,67,4621061,False,6-1优秀论文库/研究生数学建模/2018/B题/B18102860425.pdf,31394eee2a9b58e86437d28975d8ee99962c8851b06d3a52030b96c2162bd172
研究生数学建模,2018,E题,E18102700005.pdf,37,2874421,False,6-1优秀论文库/研究生数学建模/2018/E题/E18102700005.pdf,ee72a2516136f941721b44599cbfe88e2dc14719bb7de092b0c6fe555e073bcf
研究生数学建模,2018,A题,A18101830082.pdf,45,5530997,False,6-1优秀论文库/研究生数学建模/2018/A题/A18101830082.pdf,453e4fba7272ac0acd24c94c73391d04c6db83d36a18ff581b1e49d4c2d33695
研究生数学建模,2018,C题,C18101830161.pdf,59,6657632,False,6-1优秀论文库/研究生数学建模/2018/C题/C18101830161.pdf,69e14dd510f8b03f9745175b8d3edf9a5e127f30571e27afa527dd813ba685d8
研究生数学建模,2018,C题,C18105320019.pdf,42,2192398,False,6-1优秀论文库/研究生数学建模/2018/C题/C18105320019.pdf,3efb2976036da8c9c340f9c88bfbbf8ac667a860c57576d3ca2070ad43ea8ee9
研究生数学建模,2018,F题,F18105610030.pdf,56,3495276,False,6-1优秀论文库/研究生数学建模/2018/F题/F18105610030.pdf,4a6fae8d402f1ff1c041e7d377968fad87dfdd92d5850890afb1fabb99c1df9c
研究生数学建模,2018,B题,B18102930014.pdf,45,3706487,False,6-1优秀论文库/研究生数学建模/2018/B题/B18102930014.pdf,dad720fedfa48802a9b0525b8067ccd73e572eb56c059a80f443afef6eb8620a
研究生数学建模,2018,A题,A18900020063.pdf,41,3939411,False,6-1优秀论文库/研究生数学建模/2018/A题/A18900020063.pdf,bbd2e7077de04658529f9ad3627c8c798117b7b007d63e8e409bb8b63ec0d92d
研究生数学建模,2018,B题,B18102840019.pdf,44,3919522,False,6-1优秀论文库/研究生数学建模/2018/B题/B18102840019.pdf,e511a9a89b36188c00610dd54d015fd8febe11b23f81bec3927ed7a173021ed3
研究生数学建模,2018,E题,E18102690044.pdf,37,3039426,False,6-1优秀论文库/研究生数学建模/2018/E题/E18102690044.pdf,6ecd6cc5c85678cc5f24559aa7a17e17529373c011e302d0ac9a8ccd0d67b068
研究生数学建模,2018,F题,F18900020072.pdf,43,3090030,False,6-1优秀论文库/研究生数学建模/2018/F题/F18900020072.pdf,d439b803130c2ae194a058979afc234a5487e88653fa79218b913f76606ea09f
研究生数学建模,2018,F题,F18107010037.pdf,29,2897926,False,6-1优秀论文库/研究生数学建模/2018/F题/F18107010037.pdf,a9883bc7773f698ff0d976dce0188a10ae1cc975fafdd9a1402d14aee66ee4a7
研究生数学建模,2018,C题,C18102720070.pdf,46,3686348,False,6-1优秀论文库/研究生数学建模/2018/C题/C18102720070.pdf,bbf58e0089ad28fe1843cf935e4290c3bebaea3443f8208858b2ccb28b222e49
研究生数学建模,2018,B题,B18102800030.pdf,32,2789730,False,6-1优秀论文库/研究生数学建模/2018/B题/B18102800030.pdf,d250eba88f3381ec06055fc5971d79054904365b5482b8a65915957607e223dd
研究生数学建模,2018,B题,B18106140049.pdf,43,3817535,False,6-1优秀论文库/研究生数学建模/2018/B题/B18106140049.pdf,e65e572e03fc444418cb0e92423dbf2b89d7725200917003cc552b6ea604dd44
研究生数学建模,2018,A题,A18102690160.pdf,10,1429867,False,6-1优秀论文库/研究生数学建模/2018/A题/A18102690160.pdf,0467b82a663fe46af2a1353ff99464f816474a6053685304967aac29f9f95449
研究生数学建模,2018,E题,E18910160005.pdf,34,2398703,False,6-1优秀论文库/研究生数学建模/2018/E题/E18910160005.pdf,3cf7f008bc892c3b43724564b745692390876c83cd7d13285cb2a21f0206e5cd
研究生数学建模,2018,C题,C18108560226.pdf,46,5202539,False,6-1优秀论文库/研究生数学建模/2018/C题/C18108560226.pdf,bcf960f156f0682671e0d96869647b0473db73549603163f84c725c6984fe134
研究生数学建模,2018,C题,C18103570006.pdf,60,3124581,False,6-1优秀论文库/研究生数学建模/2018/C题/C18103570006.pdf,ae9a4ce8064e044675c025f778418e81318e3e6f08f5578f343bac6a1c6d373a
研究生数学建模,2018,F题,F18102470507.pdf,73,4988101,False,6-1优秀论文库/研究生数学建模/2018/F题/F18102470507.pdf,edf4ca6ca6f6ce666d9c61fd68a62ec116335665771c405eb846e35f08859d35
研究生数学建模,2018,D题,D18104910017.pdf,65,7024420,False,6-1优秀论文库/研究生数学建模/2018/D题/D18104910017.pdf,32e43f8882a7d558b92000b90915f0e87d7b51e05ef6f6855e299bb5d2d004f4
研究生数学建模,2018,C题,C18910040046.pdf,43,4686287,False,6-1优秀论文库/研究生数学建模/2018/C题/C18910040046.pdf,f3ee5ded055f7ad9d90a396962ce360b1c1f667936ecf0a2510e0b023c5d5780
研究生数学建模,2018,D题,D18104250046.pdf,58,6967023,False,6-1优秀论文库/研究生数学建模/2018/D题/D18104250046.pdf,b38ad2df74e12a8d2d1d1f0aa4131f12ca66755761a923478d099378b52549f4
研究生数学建模,2018,F题,F18100030032.pdf,59,5260877,False,6-1优秀论文库/研究生数学建模/2018/F题/F18100030032.pdf,cc8adeff1364663a704541a0a06e9211281dc942ceef8e542a2b94634cb61689
研究生数学建模,2019,E题,E19103530011.pdf,59,5922379,False,6-1优秀论文库/研究生数学建模/2019/E题/E19103530011.pdf,39f227f5b65d60705cba27279a6b315cb69214767e762db749b9d6419eef4028
研究生数学建模,2019,D题,D19102860085.pdf,32,2967781,False,6-1优秀论文库/研究生数学建模/2019/D题/D19102860085.pdf,930cb7c91f102263519f1d5a1ea7705ea6014888d44cdb62406cefeb9eed7589
研究生数学建模,2019,B题,B19102690067.pdf,47,3593068,False,6-1优秀论文库/研究生数学建模/2019/B题/B19102690067.pdf,bd32d2413956ca0830fd66a4cfc806143a837b05f65362a7a7245c7f84af5b26
研究生数学建模,2019,D题,D19100010050.pdf,52,8015388,False,6-1优秀论文库/研究生数学建模/2019/D题/D19100010050.pdf,68dae2f81a5392a5edcfeea23c1a0910cb21d3cdd3dba8a9b21beee8300227ba
研究生数学建模,2019,E题,E19102470046.pdf,89,10359178,False,6-1优秀论文库/研究生数学建模/2019/E题/E19102470046.pdf,7f319aea96710b3930a6db8ba449c93b6e0f4ee1b825c5e41faf772088a1b178
研究生数学建模,2019,F题,F19910020011.pdf,48,3927759,False,6-1优秀论文库/研究生数学建模/2019/F题/F19910020011.pdf,571771d4ded3e4f9eb19a255a218aad0c4e455d989397b3f94bc30886619ef6a
研究生数学建模,2019,B题,B19910360003.pdf,40,2727457,False,6-1优秀论文库/研究生数学建模/2019/B题/B19910360003.pdf,32c2f85e04c598bb566db00920a590bf8910532f956595b57959159aeb022331
研究生数学建模,2019,B题,B19910160009.pdf,41,3443935,False,6-1优秀论文库/研究生数学建模/2019/B题/B19910160009.pdf,239c326f322f8f01cfd7a5039e6a057e3a3c33ebfb4eaf59086a1094564bc5c3
研究生数学建模,2019,F题,F19103360033.pdf,34,3529003,False,6-1优秀论文库/研究生数学建模/2019/F题/F19103360033.pdf,bb272f5f3d76d9349833656e2ed4f1be20a402b23a4019bb61391ad4cb11c777
研究生数学建模,2019,A题,A19100030004.pdf,38,2795259,False,6-1优秀论文库/研究生数学建模/2019/A题/A19100030004.pdf,5b92ced5a8ae17c86dbaee63596e8a8165b22becd3aa054566bca51b7a06e90d
研究生数学建模,2019,F题,F19103360018.pdf,79,4828986,False,6-1优秀论文库/研究生数学建模/2019/F题/F19103360018.pdf,abc8676f51c07fbeb92439a1733adf4dadfd28790d419ae8925a9138f9cfe302
研究生数学建模,2019,A题,A19102460049.pdf,30,4971372,False,6-1优秀论文库/研究生数学建模/2019/A题/A19102460049.pdf,d5cc85332f389cae2480dc0a31fb71bea7f9cfccca7b83180d1a8bad29afda10
研究生数学建模,2019,E题,E19102540248.pdf,75,7273099,False,6-1优秀论文库/研究生数学建模/2019/E题/E19102540248.pdf,5c1e0fab3c7b92cf9fff9fbfe473761b242f5f8c1198a59f52ad9731ec08b392
研究生数学建模,2019,B题,B19102880053.pdf,24,2506860,False,6-1优秀论文库/研究生数学建模/2019/B题/B19102880053.pdf,4049f8f40a020ddab1f1f15dc4029bf7b84ea6c975f3e36a606eedc6c386db3a
研究生数学建模,2019,F题,F19102510081.pdf,40,2802309,False,6-1优秀论文库/研究生数学建模/2019/F题/F19102510081.pdf,e9d94c5506b05ce0d62c90aecd8b36fe9f68b4e009681cc589794b7b5c567d8b
研究生数学建模,2019,C题,C19100030017.pdf,40,4811951,False,6-1优秀论文库/研究生数学建模/2019/C题/C19100030017.pdf,1a8a03f9c9652eeabe4cc8c87f9c897dea382c05d9d7eff032e3dd8fba14fbeb
研究生数学建模,2019,D题,D19103860074.pdf,44,2879278,False,6-1优秀论文库/研究生数学建模/2019/D题/D19103860074.pdf,26cdd93d839554fe80c85b87f73dad61cd78d6aac23ed7eaa3ff8bc8c9af4428
研究生数学建模,2019,E题,E19106180041.pdf,57,5728426,False,6-1优秀论文库/研究生数学建模/2019/E题/E19106180041.pdf,8a25e3b8143abe5046481d69eb935fc6b48bd7919f1ff774cb8df5e28ec1186f
研究生数学建模,2019,B题,B19100030006.pdf,35,3985395,False,6-1优秀论文库/研究生数学建模/2019/B题/B19100030006.pdf,9d0dc676e9bb2407c070d3561812feceddce55c97c4add772b9c9ba9b740611a
研究生数学建模,2019,C题,C19910040006.pdf,52,4438987,False,6-1优秀论文库/研究生数学建模/2019/C题/C19910040006.pdf,6f80ae375e9ba02136d57afa69b5c76549cc2b1df27a11ff374939e2945438d3
研究生数学建模,2019,A题,A19102690029.pdf,32,3507751,False,6-1优秀论文库/研究生数学建模/2019/A题/A19102690029.pdf,d7ba53fe5de8c9e4d45ce7bdf2383f4e72b53cb92dc501b3ba12e799f4c329f3
研究生数学建模,2019,A题,A19100270008.pdf,41,5730074,False,6-1优秀论文库/研究生数学建模/2019/A题/A19100270008.pdf,b42163cae5cbcf8349dfd0315a36868508a72a55ed4d5adaefcc6ffdd0fd97c9
研究生数学建模,2019,F题,F19102690110.pdf,24,4682087,False,6-1优秀论文库/研究生数学建模/2019/F题/F19102690110.pdf,7d277f19817744c2ebb01f13f46d6f6bbed1e2a53e0e3e57e52ba3f9a29cc959
研究生数学建模,2019,D题,D19105320030.pdf,51,3701539,False,6-1优秀论文库/研究生数学建模/2019/D题/D19105320030.pdf,1db2e68659c1b9355ecad7d94dd5b0cefb048eb913117f9ed240b76b59362c20
研究生数学建模,2019,D题,D19102470244.pdf,45,3329810,False,6-1优秀论文库/研究生数学建模/2019/D题/D19102470244.pdf,aa72e098852e747704089c2d3f8128d12e8fe53313e4f48c1267c1a1678a0493
研究生数学建模,2019,C题,C19104220023.pdf,45,4594145,False,6-1优秀论文库/研究生数学建模/2019/C题/C19104220023.pdf,1fee1f1b75293719188ae1e00388fd5c23ef2724a972eb9b75ec04359eaa965f
研究生数学建模,2019,A题,A19103580027.pdf,42,2532096,False,6-1优秀论文库/研究生数学建模/2019/A题/A19103580027.pdf,8aae07ec87a605a92d18088ac1cc4ed7a66904f8a865ae1682872f94016969dd
研究生数学建模,2019,C题,C19102840053.pdf,70,60635299,False,6-1优秀论文库/研究生数学建模/2019/C题/C19102840053.pdf,656a9fe14b30a205183e71d4bdfeb2142a317640ce9c755c0857381486ba1226
研究生数学建模,2019,C题,C19102480006.pdf,69,4922464,False,6-1优秀论文库/研究生数学建模/2019/C题/C19102480006.pdf,0c0e486d05ca6a28d8ec75ddcd0b818e6559e4d5cda3a39c08ce4dc06b97d0c9
研究生数学建模,2019,E题,E19102840016.pdf,61,3791262,False,6-1优秀论文库/研究生数学建模/2019/E题/E19102840016.pdf,0969cf7abb09c4861a29588239a63c26c33ff0295decf72e514bedfcd2036996
研究生数学建模,2020,E题,E20104590100.pdf,68,4240868,False,6-1优秀论文库/研究生数学建模/2020/E题/E20104590100.pdf,ea4fb4357f46fcd02c499187a1aecc9bc79b3fc3bc32b803dc8c143cff6dabdd
研究生数学建模,2020,C题,C20102470319.pdf,42,3218928,False,6-1优秀论文库/研究生数学建模/2020/C题/C20102470319.pdf,48360c66a6796ec9dc46d014f2e9b968b0c913b85f242f511e0e0a8e7e80cb93
研究生数学建模,2020,E题,E20102690219.pdf,57,10588503,False,6-1优秀论文库/研究生数学建模/2020/E题/E20102690219.pdf,a2f9126ee8b3f8db926eabaac286c14b2b033a85aa34eb6064b9795a0fab7571
研究生数学建模,2020,B题,B20102470089.pdf,51,3746994,False,6-1优秀论文库/研究生数学建模/2020/B题/B20102470089.pdf,95594e2725864810e1e22067d99fb0d1c2540ccb2ea4d7c0275c15399f400d6b
研究生数学建模,2020,F题,F20102480125.pdf,76,5892518,False,6-1优秀论文库/研究生数学建模/2020/F题/F20102480125.pdf,742e81a2a8cf00a0c89e827b788f456e44bfc50948caa44d40a0faed884092bc
研究生数学建模,2020,B题,B20103580004.pdf,39,2934695,False,6-1优秀论文库/研究生数学建模/2020/B题/B20103580004.pdf,73e8f45d1f911f3a91456bb5fa1cfc76e2c8b938fd3cb829a5b71b341697dabd
研究生数学建模,2020,A题,A20106110086.pdf,40,3063358,False,6-1优秀论文库/研究生数学建模/2020/A题/A20106110086.pdf,2391429815108874314f900df68e7b32793cafc701be9f6f36400c6b97334ff0
研究生数学建模,2020,D题,D20910240065.pdf,46,2769594,False,6-1优秀论文库/研究生数学建模/2020/D题/D20910240065.pdf,ee9c50c9bb5a9b557ec033f61ffac17ee37842d20399f78cb00bcda87034d259
研究生数学建模,2020,C题,C20102520034.pdf,26,2539258,False,6-1优秀论文库/研究生数学建模/2020/C题/C20102520034.pdf,7e884ab02e857f8b309b27e241fef8ce014526db09c13d694a1434b3caa3c256
研究生数学建模,2020,B题,B20102980116.pdf,50,4793172,False,6-1优秀论文库/研究生数学建模/2020/B题/B20102980116.pdf,008d536c21dddc7b322c90a0d67d68f4dd198254e6b5846c839322216d10c886
研究生数学建模,2020,B题,B20100040057.pdf,36,4362562,False,6-1优秀论文库/研究生数学建模/2020/B题/B20100040057.pdf,7821120a5614a333a064af61d9c056caa970666981404f5c9e3d73ea243528c9
研究生数学建模,2020,A题,A20102460127.pdf,40,2905075,False,6-1优秀论文库/研究生数学建模/2020/A题/A20102460127.pdf,9c324ee9f5c7cc691e9c1cf72fe284691e58e8f328de5da6273f5129aa61ffda
研究生数学建模,2020,A题,A20104870015.pdf,42,4254516,False,6-1优秀论文库/研究生数学建模/2020/A题/A20104870015.pdf,dab7abb63b45657f5d7c9b176778698abb6ee6724fce3ec87bb0f889c67d54db
研究生数学建模,2020,C题,C20106980009.pdf,50,4789912,False,6-1优秀论文库/研究生数学建模/2020/C题/C20106980009.pdf,f998622d6daa93116c6153863debda38d88797c2167c4e4fe994d10a5b4b02ac
研究生数学建模,2020,B题,B20105340008.pdf,48,6050658,False,6-1优秀论文库/研究生数学建模/2020/B题/B20105340008.pdf,2cbfb84e3dc7420b6bf28b02a38a21694242abbbc666865d3f4004865287b789
研究生数学建模,2020,D题,D20102860223.pdf,50,3886227,False,6-1优秀论文库/研究生数学建模/2020/D题/D20102860223.pdf,8a9833b969e19f018b16e74ec14465d00ccba66824af520e43da4636d2968a1e
研究生数学建模,2020,E题,E20112870005.pdf,50,9808980,False,6-1优秀论文库/研究生数学建模/2020/E题/E20112870005.pdf,be359fa3c14a6bafedcfd912522f10858a4aca72804d3548dc4e3aff540e8fd9
研究生数学建模,2020,D题,D20102690110.pdf,67,5198455,False,6-1优秀论文库/研究生数学建模/2020/D题/D20102690110.pdf,c1e3cdff19b590a08de82e964b2ffa9d86e1898517c0809d924098a1ba1c75d7
研究生数学建模,2020,B题,B20103380015.pdf,47,3969549,False,6-1优秀论文库/研究生数学建模/2020/B题/B20103380015.pdf,294f0326c1e8b40535946eec3bb7638d7e290b5d76ef0d0a59b35c5a70f01e84
研究生数学建模,2020,B题,B20106570027.pdf,51,3519324,False,6-1优秀论文库/研究生数学建模/2020/B题/B20106570027.pdf,dc1620465e463b7be5170a496e700ed5351ce7f37219afa442930de9cf8c21b3
研究生数学建模,2020,B题,B20104870036.pdf,60,4712816,False,6-1优秀论文库/研究生数学建模/2020/B题/B20104870036.pdf,35cdfbd091b6acf3dc7503fd2d138e4965fa6d9ac4a0dffb0571f91d4ef9de90
研究生数学建模,2020,D题,D20102470005.pdf,48,3206888,False,6-1优秀论文库/研究生数学建模/2020/D题/D20102470005.pdf,f48d9ccb0242637a974d6790ca7b615cea4333dbf22788b85e3d6bbd381780ba
研究生数学建模,2020,B题,B20100050019.pdf,42,3437637,False,6-1优秀论文库/研究生数学建模/2020/B题/B20100050019.pdf,379f892a3fb3a0b6573eabfe36607816739d066c68843ae3668bbcf542c5fd92
研究生数学建模,2020,A题,A20910040037.pdf,43,6119419,False,6-1优秀论文库/研究生数学建模/2020/A题/A20910040037.pdf,c683904d678261cb0e41c500a99751b3b2316ca40d4db50a63b2b1efc0d8766b
研究生数学建模,2020,C题,C20102480095.pdf,68,9188030,False,6-1优秀论文库/研究生数学建模/2020/C题/C20102480095.pdf,60d01acc321507d05ff4e130268ad1ea059c242403a6f5d16b1656ed420701eb
研究生数学建模,2020,F题,F20102840100.pdf,75,4756742,False,6-1优秀论文库/研究生数学建模/2020/F题/F20102840100.pdf,70b820e5d6ab5503c0d5d0b411fb05e904959cd27206354d090f6474264383b0
研究生数学建模,2020,F题,F20100070005.pdf,57,6296039,False,6-1优秀论文库/研究生数学建模/2020/F题/F20100070005.pdf,6935fe8387e62148e66a6bed5172fb619dedc2054b9cee856048584f39f23206
研究生数学建模,2020,A题,A20102480161.pdf,35,2615350,False,6-1优秀论文库/研究生数学建模/2020/A题/A20102480161.pdf,684470335930ff6b00f8de4d568e4bb77314bcfabb98f1b73528014af91c89b2
研究生数学建模,2020,B题,B20102940042.pdf,54,3325202,False,6-1优秀论文库/研究生数学建模/2020/B题/B20102940042.pdf,30aadaf90b4f8baba227478feb71c9b28634d6da64933d2b70a3b64591849536
研究生数学建模,2020,B题,B20103350031.pdf,82,6731430,False,6-1优秀论文库/研究生数学建模/2020/B题/B20103350031.pdf,9fe8e592cdaf42c4686c3ba2fdd9429adb3146204fd26ed4fa6a361393b092e1
研究生数学建模,2020,D题,D20910240043.pdf,62,4580897,False,6-1优秀论文库/研究生数学建模/2020/D题/D20910240043.pdf,8463aff9dd31a8e9388ebfe96f11a07abba8180005f43927ac0fca2339cc06c5
研究生数学建模,2020,D题,D20107010019.pdf,27,2531628,False,6-1优秀论文库/研究生数学建模/2020/D题/D20107010019.pdf,fea462eed5989b4b6cd47318e860b49f44aa4a19c31c76e259352e80acef082b
研究生数学建模,2020,F题,F20102920009.pdf,45,3908850,False,6-1优秀论文库/研究生数学建模/2020/F题/F20102920009.pdf,66471222b98a787233cff68204823a315f98dd79042789e6436db8550994d211
研究生数学建模,2020,F题,F20105320023.pdf,56,5089356,False,6-1优秀论文库/研究生数学建模/2020/F题/F20105320023.pdf,b591f37367ec1aacd6d1ccaa89ede1195b4bb0db4c2517a90288f056b03f7884
研究生数学建模,2020,E题,E20104590039.pdf,27,3143025,False,6-1优秀论文库/研究生数学建模/2020/E题/E20104590039.pdf,f38071a0becf1ddbcb59e4c0fd394904fddc19a929155e291ddf7f45603de3d4
研究生数学建模,2020,E题,E20114820008.pdf,70,5396516,False,6-1优秀论文库/研究生数学建模/2020/E题/E20114820008.pdf,6b79e28e39dce5f8e867d276503698afc7ef78f7fc3ff83eb9d5c223a18ccfe2
研究生数学建模,2020,F题,F20102690221.pdf,57,5430923,False,6-1优秀论文库/研究生数学建模/2020/F题/F20102690221.pdf,6218608367fa270b227df699418040bdaba971df0ccad4b3e1a96ad5a12514b1
研究生数学建模,2020,E题,E20104250114.pdf,54,5029147,False,6-1优秀论文库/研究生数学建模/2020/E题/E20104250114.pdf,7f67feedc0352e140d1863119b40a3929f57247230dbd9d92a739f223ec1c0b4
研究生数学建模,2020,C题,C20102860127.pdf,43,4445166,False,6-1优秀论文库/研究生数学建模/2020/C题/C20102860127.pdf,47788aa0c76a14f3408119a1ddd10d652bfc9121c2f9ed8b5787f57e329de521
研究生数学建模,2020,C题,C20102840089.pdf,64,7322195,False,6-1优秀论文库/研究生数学建模/2020/C题/C20102840089.pdf,c1026018889e46b5f7e330188d95b9fbf01ae2955f651df2e934aeddf20db153
研究生数学建模,2021,B题,B21100790043.pdf,57,11232690,False,6-1优秀论文库/研究生数学建模/2021/B题/B21100790043.pdf,3a95c48bf1297febf7f870e123c7f5681ae19d7b12a82078bb32716220d8d492
研究生数学建模,2021,B题,B21105610069.pdf,54,5635591,False,6-1优秀论文库/研究生数学建模/2021/B题/B21105610069.pdf,ca9718d056ca3bd9056514346370bd67d05531d5528cb0f36ce43a11970b52d8
研究生数学建模,2021,A题,A21102170024.pdf,41,2693709,False,6-1优秀论文库/研究生数学建模/2021/A题/A21102170024.pdf,094993f8f7308ad52f77ad5e7abbd9e4c82c003bea4dc6ce3650da31c5645db5
研究生数学建模,2021,C题,C21100560011.pdf,42,5250542,False,6-1优秀论文库/研究生数学建模/2021/C题/C21100560011.pdf,05805ebdaecc95f06ab18ae70a22c1048d5283c04f6ae0b73ebcce16f156f2b6
研究生数学建模,2021,F题,F21103560049.pdf,63,3213956,False,6-1优秀论文库/研究生数学建模/2021/F题/F21103560049.pdf,5efb03e80c64a144f733394cbc56fd75ad0c8e41814ee8b4052f697758b2e1d3
研究生数学建模,2021,C题,C21102860153.pdf,51,5556271,False,6-1优秀论文库/研究生数学建模/2021/C题/C21102860153.pdf,bb60249bd8232e54db4533ef46523ffca930ac62d332d2daff90be2122181e4a
研究生数学建模,2021,D题,D21116460003.pdf,55,37873944,False,6-1优秀论文库/研究生数学建模/2021/D题/D21116460003.pdf,c753321630ca019da5789c923bbc7c897f748caf85d267027fb23cc5bc27c0b1
研究生数学建模,2021,F题,F21102870035.pdf,29,1532060,False,6-1优秀论文库/研究生数学建模/2021/F题/F21102870035.pdf,3a7e9b88e3b1c5bd7b4dfa087eec74674b79e804d1153066f9ed3b109362f04e
研究生数学建模,2021,E题,E21100030005.pdf,78,11052658,False,6-1优秀论文库/研究生数学建模/2021/E题/E21100030005.pdf,4cca753b342016486fb80d93280e9357a86c24f151259bca920be768b0997318
研究生数学建模,2021,F题,F21102540382.pdf,33,1849594,False,6-1优秀论文库/研究生数学建模/2021/F题/F21102540382.pdf,15a2d02dfa3376caefe92356f42577ab71a2d568d79a6731457234e465533e63
研究生数学建模,2021,E题,E21104080004.pdf,59,4015321,False,6-1优秀论文库/研究生数学建模/2021/E题/E21104080004.pdf,59db3b804f4cc21003a28fdcd6f06e3df3c183997304232941874daa1c6ea476
研究生数学建模,2021,B题,B21100130067.pdf,60,5476682,False,6-1优秀论文库/研究生数学建模/2021/B题/B21100130067.pdf,f87e5951cbf4cbcfdee3042accbdb619672a32b684db03d71695cd9e3f73c703
研究生数学建模,2021,B题,B21102510017.pdf,66,5067440,False,6-1优秀论文库/研究生数学建模/2021/B题/B21102510017.pdf,1c536e30297e8bfbed91637289877217123a1f8038a802678993534b2b6eeef7
研究生数学建模,2021,C题,C21102920019.pdf,47,4269136,False,6-1优秀论文库/研究生数学建模/2021/C题/C21102920019.pdf,3f6fd2d948c39d7a7d68ed0796687700fb467bcb6fca1c6f7d89b1a807bb553e
研究生数学建模,2021,E题,E21105330243.pdf,30,3267643,False,6-1优秀论文库/研究生数学建模/2021/E题/E21105330243.pdf,6586d517f54225da580c9bed511914664c5ce86c1c3c265a67fd61845c9965ec
研究生数学建模,2021,A题,A21102860073.pdf,53,3860579,False,6-1优秀论文库/研究生数学建模/2021/A题/A21102860073.pdf,8b237c7d71b6eaaeda8c9c0a4c68e82b1d942dd41f87692fe49c2808426edf98
研究生数学建模,2021,B题,B21103530001.pdf,50,4129847,False,6-1优秀论文库/研究生数学建模/2021/B题/B21103530001.pdf,2dab27c9cc7895189a12a469e5385503c183444eee3530aead4662ff7b9f7193
研究生数学建模,2021,C题,C21104240047.pdf,42,3969994,False,6-1优秀论文库/研究生数学建模/2021/C题/C21104240047.pdf,fcd94e015706b855568fa6bf053a7abaf27c957fc1e8abd5bf2ee1284255f3f4
研究生数学建模,2021,F题,F21102920005.pdf,36,2261736,False,6-1优秀论文库/研究生数学建模/2021/F题/F21102920005.pdf,4131b535b578796622a623f71d5afd6f9d2825553d12aa076fe894d1fd0878e0
研究生数学建模,2021,E题,E21104870136.pdf,51,3757721,False,6-1优秀论文库/研究生数学建模/2021/E题/E21104870136.pdf,078fcbac99d177cc52463a98c9e4d86fb837b65808294c010da43d09dd471161
研究生数学建模,2021,A题,A21106140105.pdf,29,3176473,False,6-1优秀论文库/研究生数学建模/2021/A题/A21106140105.pdf,718955c8a839331b39f2a7eba9daf23a9e9b27cfb92e0c8c0cca8651a7f440ea
研究生数学建模,2021,B题,B21107040042.pdf,52,11107352,False,6-1优秀论文库/研究生数学建模/2021/B题/B21107040042.pdf,7d9c2b3140b09fc11593e36eb90c41fd4f0d7bed75e676166db0385ea3c9b451
研究生数学建模,2021,A题,A21102480004.pdf,74,30174497,False,6-1优秀论文库/研究生数学建模/2021/A题/A21102480004.pdf,9ac01a081ebbf394eaed559d5a90b63f59695e4f0d7a3f7926937a2e7d5bb0ed
研究生数学建模,2021,D题,D21101080006.pdf,65,6273584,False,6-1优秀论文库/研究生数学建模/2021/D题/D21101080006.pdf,29346e49e71b0d6ad2ffab10f357f7359e8ad95cb22a108f77d23d2586be1972
研究生数学建模,2021,D题,D21102980066.pdf,53,3745273,False,6-1优秀论文库/研究生数学建模/2021/D题/D21102980066.pdf,f6019bbb43838104e488b9443f82a8df8051a852b9dce603297da0ea5e3e9912
研究生数学建模,2021,A题,A21102910019.pdf,26,2260564,False,6-1优秀论文库/研究生数学建模/2021/A题/A21102910019.pdf,1d4b16df10b0d05ea5a0c2187aa4a1e090657d3004d1c907e3f07e2f4284a146
研究生数学建模,2021,C题,C21102470060.pdf,49,9174665,False,6-1优秀论文库/研究生数学建模/2021/C题/C21102470060.pdf,10a677f611c7c2f41c3b5c24f27b9aa9b23466838d4082fff0e6aea1dee4e797
研究生数学建模,2021,F题,F21102480018.pdf,114,8985092,False,6-1优秀论文库/研究生数学建模/2021/F题/F21102480018.pdf,829797ee81e8f68722aa37298fbd12148f47aed52dfb916433ed5d5fba7c681a
研究生数学建模,2021,E题,E21103860006.pdf,60,5010185,False,6-1优秀论文库/研究生数学建模/2021/E题/E21103860006.pdf,9962243a4b794d5f2125848a89713dc9c86092fbc25d879376d2ce78104035a8
研究生数学建模,2021,F题,F21103360050.pdf,45,2827165,False,6-1优秀论文库/研究生数学建模/2021/F题/F21103360050.pdf,5460ad27381a3889f394715641ddc7d58552e3be94bc68897cf6e0ebfff1d86e
研究生数学建模,2021,B题,B21102690002.pdf,32,3090549,False,6-1优秀论文库/研究生数学建模/2021/B题/B21102690002.pdf,1ca57491071ddc85fb364c9d9a419cf1f25550a0e269760a72c8dd3d84dd9e45
研究生数学建模,2021,F题,F21104870099.pdf,93,5282224,False,6-1优秀论文库/研究生数学建模/2021/F题/F21104870099.pdf,2b8899db34ee9a0881591195309f1551bdec4dae4e53272a1b9ddc7072b493dc
研究生数学建模,2021,E题,E21103860005.pdf,48,3153742,False,6-1优秀论文库/研究生数学建模/2021/E题/E21103860005.pdf,92e57cb5cba53f6b26a3674530e9b6511aca24caceab783f6acc08c78774b6e8
研究生数学建模,2021,C题,C21102920013.pdf,50,3396620,False,6-1优秀论文库/研究生数学建模/2021/C题/C21102920013.pdf,dbf140905bbeaa32dc9dd4cf049ef7fcf02bb23dd71c1620ea3165fb4c25870e
研究生数学建模,2021,D题,D21102800176.pdf,80,8659332,False,6-1优秀论文库/研究生数学建模/2021/D题/D21102800176.pdf,58009287f95a9f6a1f7798ba4c951260385b9dcfb4337872b70b943dd9d1ea74
研究生数学建模,2021,B题,B21116640067.pdf,44,6147067,False,6-1优秀论文库/研究生数学建模/2021/B题/B21116640067.pdf,565827f574a1fe004bd6a1b90cb7e2cb2a1bd34823f92fc6868e000c35511e84
研究生数学建模,2021,A题,A21103580003.pdf,28,3297203,False,6-1优秀论文库/研究生数学建模/2021/A题/A21103580003.pdf,4af7b5f240d2a126b83b3ebdf1a7a4634fd756c5c2c38a86d7eb0e6de38eb17a
研究生数学建模,2021,D题,D21104860088.pdf,69,6232326,False,6-1优秀论文库/研究生数学建模/2021/D题/D21104860088.pdf,40108b38a174895957186256f00a9e48e4956b4d105f53aaf193e425146ece38
研究生数学建模,2021,E题,E21832010024.pdf,41,4471096,False,6-1优秀论文库/研究生数学建模/2021/E题/E21832010024.pdf,410aee67d0e577798c868a29d0d25fd9f30e6da283dd4cc50f5b084d96098da4
研究生数学建模,2021,B题,B21106990088.pdf,46,4225520,False,6-1优秀论文库/研究生数学建模/2021/B题/B21106990088.pdf,d9380014656a1b12d62db618bc1a5b65ea0b264d6e42cf710a70130c84ae6df4
研究生数学建模,2021,D题,D21103000002.pdf,44,5305470,False,6-1优秀论文库/研究生数学建模/2021/D题/D21103000002.pdf,8c7ad462b2e24466a4e5ba8e7a1191cfee55c0bb4488c4ee8c294aa0839de533
研究生数学建模,2021,A题,A21102860059.pdf,39,2071835,False,6-1优秀论文库/研究生数学建模/2021/A题/A21102860059.pdf,89c7ac50ffdf27223eb99dd7a231aad6f6b287dc4150a695ec264a7c4630cf83
研究生数学建模,2021,C题,C21106980211.pdf,41,6228755,False,6-1优秀论文库/研究生数学建模/2021/C题/C21106980211.pdf,a301f507ea500723aa1d922a2544dcdaaad34719e5f47a50b0881eb570d2f97d
研究生数学建模,2021,D题,D21102700119.pdf,49,4160054,False,6-1优秀论文库/研究生数学建模/2021/D题/D21102700119.pdf,1b623acf94b8b8dc2f884c5d0578f0f72d334da7d14c87d4e8d4fb2fa6b4e051
研究生数学建模,2022,E题,E22104870114.pdf,76,5149107,False,6-1优秀论文库/研究生数学建模/2022/E题/E22104870114.pdf,f050a5df02ae10920d648e9193a565ce28cd60a9f1180938294e4eb121a28798
研究生数学建模,2022,B题,B22104870143.pdf,41,4397486,False,6-1优秀论文库/研究生数学建模/2022/B题/B22104870143.pdf,c6b0a0b68911b92429a6c464f6b57dc209f487c5a22d61da8a40b65d597d3f4a
研究生数学建模,2022,F题,F22103570053.pdf,87,6231723,False,6-1优秀论文库/研究生数学建模/2022/F题/F22103570053.pdf,20881ed37aaf2f42d0d9bc4a46261214346be88af69ff595a0c86d364d069713
研究生数学建模,2022,A题,A22116460175.pdf,23,1845692,False,6-1优秀论文库/研究生数学建模/2022/A题/A22116460175.pdf,280878863b9fa9104bf5fc9eece93d182131dbf924d69c0bcfb2f5b1a2bfe768
研究生数学建模,2022,F题,F22102540295.pdf,86,9401241,False,6-1优秀论文库/研究生数学建模/2022/F题/F22102540295.pdf,6b442549c77b86f0baa1ac6feb61ec2b4039090e5c4595a9997084be2b3f96ad
研究生数学建模,2022,F题,F22101470006.pdf,68,10396802,False,6-1优秀论文库/研究生数学建模/2022/F题/F22101470006.pdf,a9c0f04fd2fb1d0ba31d69d0fc00afd08dea0e818de7f5f2fc519954af916315
研究生数学建模,2022,A题,A22104860055.pdf,59,4202320,False,6-1优秀论文库/研究生数学建模/2022/A题/A22104860055.pdf,f1ec1c564b2bbd5d646330a125ceeb45da1b26b2229078eff258209ca33c3c3c
研究生数学建模,2022,D题,D22104760020.pdf,43,3310708,False,6-1优秀论文库/研究生数学建模/2022/D题/D22104760020.pdf,d37df149a0ebbd13b1d5fd402b6f082c73a0af02c42494dfda767645d2ba57d7
研究生数学建模,2022,F题,F22102980006.pdf,51,7504327,False,6-1优秀论文库/研究生数学建模/2022/F题/F22102980006.pdf,0bddbbc7958194d30730e0f2b3d6660cc8f69311b812cd3cf19c48ca74c9866d
研究生数学建模,2022,E题,E22103040108.pdf,69,7525959,False,6-1优秀论文库/研究生数学建模/2022/E题/E22103040108.pdf,c5bcaff214d83d6808a4568f2b15f767e570797fcc7812e2e962f0c989973d4e
研究生数学建模,2022,A题,A22107010047.pdf,60,4781932,False,6-1优秀论文库/研究生数学建模/2022/A题/A22107010047.pdf,a0edd2e9d8bac13b031f96c3bd1a3717e9e66d5eb20c2775ae317c8085f7fcea
研究生数学建模,2022,E题,E22107100039.pdf,92,6493723,False,6-1优秀论文库/研究生数学建模/2022/E题/E22107100039.pdf,981cf0668d106a5528facfdbb5039dd4a56f834685b3f0e17616eafcdbcbc8a2
研究生数学建模,2022,A题,A22102460007.pdf,56,6715063,False,6-1优秀论文库/研究生数学建模/2022/A题/A22102460007.pdf,ff10cf164df0da9562febd87b78a50a3df9cd352e04c6f105249d088d4ee4421
研究生数学建模,2022,C题,C22105330245.pdf,48,3860749,False,6-1优秀论文库/研究生数学建模/2022/C题/C22105330245.pdf,ccdf00376a07191d90228077e13fff0ebe0a507b93f3735a9a80b9e48e354346
研究生数学建模,2022,C题,C22103190082.pdf,49,3660979,False,6-1优秀论文库/研究生数学建模/2022/C题/C22103190082.pdf,87899f1bfc34626a8d030f61dfaf777f7bd5592e66071c8046b0669f3689787c
研究生数学建模,2022,C题,C22106140003.pdf,50,2843571,False,6-1优秀论文库/研究生数学建模/2022/C题/C22106140003.pdf,6106b4dd2d1c7ec99403b6027c160fb79d98944c90e63cc4685edcfddc57e4b6
研究生数学建模,2022,B题,B22106140009.pdf,46,3098434,False,6-1优秀论文库/研究生数学建模/2022/B题/B22106140009.pdf,5a52e9a6e7ee28386217d07a4328ebd487b36a41bbc34cdb23a07b70607312ee
研究生数学建模,2022,E题,E22100160013.pdf,45,3497505,False,6-1优秀论文库/研究生数学建模/2022/E题/E22100160013.pdf,97239043770da73bc61e1b1bf230516e10c756322e42dc3392b5d2af575a548f
研究生数学建模,2022,E题,E22103350038.pdf,104,14529651,False,6-1优秀论文库/研究生数学建模/2022/E题/E22103350038.pdf,adaca402ffc3093e2b0ea17746f079d9017e2de323da330403341e9c048e2603
研究生数学建模,2022,B题,B22103360018.pdf,53,4131690,False,6-1优秀论文库/研究生数学建模/2022/B题/B22103360018.pdf,074f5634d3bc1791532ba00d30c98cf111efc5963863c51558d0ae2f887c8c8b
研究生数学建模,2022,A题,A22100130054.pdf,32,2306755,False,6-1优秀论文库/研究生数学建模/2022/A题/A22100130054.pdf,efc1c22cbf4727fa10f250cc9e2eacc6b82d30bfe648d04d4089150647620fcc
研究生数学建模,2022,D题,D22102920026.pdf,46,2770107,False,6-1优秀论文库/研究生数学建模/2022/D题/D22102920026.pdf,1a0ed948a9c77913ac9b499188bf2926aeae7ce1c14235fb8962b388057820ea
研究生数学建模,2022,B题,B22110490001.pdf,35,2591786,False,6-1优秀论文库/研究生数学建模/2022/B题/B22110490001.pdf,fef9ae69b15b536c6f3f3253af2b2cf63ce3ac7e93ec4afe4ed45cb2d96182fa
研究生数学建模,2022,A题,A22103040090.pdf,52,11957618,False,6-1优秀论文库/研究生数学建模/2022/A题/A22103040090.pdf,7ed5f07b67d4b22da9403cd5bbc2ebae9f20a85b5beca1dfa23eee34ba0ff35f
研究生数学建模,2022,D题,D22102930009.pdf,49,3532586,False,6-1优秀论文库/研究生数学建模/2022/D题/D22102930009.pdf,469574350ca23002529f7e97751897c6f90eba43f2915f86513e5324e511dbf6
研究生数学建模,2022,C题,C22103560098.pdf,56,2635374,False,6-1优秀论文库/研究生数学建模/2022/C题/C22103560098.pdf,9d40f14cdd5dec9ef1f34471b71bd244a35f028b4ebbfacfcb0d791056f6e584
研究生数学建模,2022,F题,F22105330345.pdf,52,8326653,False,6-1优秀论文库/研究生数学建模/2022/F题/F22105330345.pdf,29db450a54b5f46ff00453a2f4f25fdcf4e6c7f6c52fa83552d00a762a6e3850
研究生数学建模,2022,F题,F22106150018.pdf,138,29411281,False,6-1优秀论文库/研究生数学建模/2022/F题/F22106150018.pdf,55010ef65ef1614311116caaa44833593e71844b53cc8241c28c23142d5e9b17
研究生数学建模,2022,C题,C22106130232.pdf,38,2989285,False,6-1优秀论文库/研究生数学建模/2022/C题/C22106130232.pdf,2cecb7dcdc942da27d8006e90d93f6039588be817b0b660a5027c05adf4954cd
研究生数学建模,2022,D题,D22900310001.pdf,69,5994856,False,6-1优秀论文库/研究生数学建模/2022/D题/D22900310001.pdf,9aed59b8361c6cd66572a4b731ce48c235b649fbbd432fac1df73534cac4822c
研究生数学建模,2022,C题,C22105930028.pdf,23,1586096,False,6-1优秀论文库/研究生数学建模/2022/C题/C22105930028.pdf,e7f12781ee2a63e6718259129fecf45013ccd5bafdfd6c2cf787175a45cec409
研究生数学建模,2022,D题,D22103360092.pdf,30,2507291,False,6-1优秀论文库/研究生数学建模/2022/D题/D22103360092.pdf,509ccaa70b60ec575b8d4fe7f2436554dce8928d52d7b72a9f5b4d64e5dcd6d9
研究生数学建模,2022,F题,F22100090053.pdf,70,8180300,False,6-1优秀论文库/研究生数学建模/2022/F题/F22100090053.pdf,146e20f1b2d0a4b2a6f1f0429d0172ea57f3936440b584b32888635acb2efc5e
研究生数学建模,2022,B题,B22105300030.pdf,39,4899351,False,6-1优秀论文库/研究生数学建模/2022/B题/B22105300030.pdf,ef820b59e60e9b2b5aa380788709113601cfb43739101183e9f02d9048696266
研究生数学建模,2022,D题,D22910040028.pdf,38,2126067,False,6-1优秀论文库/研究生数学建模/2022/D题/D22910040028.pdf,dd76985b57d5724713f96c2f613337120a8a8116d7d58bb1977832b70a76a33f
研究生数学建模,2022,C题,C22103360057.pdf,39,3257908,False,6-1优秀论文库/研究生数学建模/2022/C题/C22103360057.pdf,f6512049cba33c2dfe720999fe5c9bdf941ec8edc5d368c853c01b8c5d3d998b
研究生数学建模,2022,B题,B22100070171.pdf,62,8584977,False,6-1优秀论文库/研究生数学建模/2022/B题/B22100070171.pdf,35aff7b45a18655b95b725da6e55798cfaf1443cde68aba824b89246f4758c9b
研究生数学建模,2022,B题,B22102860210.pdf,75,18564935,False,6-1优秀论文库/研究生数学建模/2022/B题/B22102860210.pdf,f9787118bff684f3c7edaa875b6f1f87a6fd2d13045d715fff03a8e88f93fb44
研究生数学建模,2022,D题,D22106990096.pdf,56,4159366,False,6-1优秀论文库/研究生数学建模/2022/D题/D22106990096.pdf,37ce5540dc567a2af0fac3e79617105f57e89fbd44a783bba4de4f5a0ed0eee2
研究生数学建模,2022,A题,A22100070190.pdf,33,3152807,False,6-1优秀论文库/研究生数学建模/2022/A题/A22100070190.pdf,2f1f06afd18b7d4344d5ee750a7df71a989d6b3b6a57f698330a5a4d1435de3b
研究生数学建模,2022,E题,E22104860014.pdf,120,13351928,False,6-1优秀论文库/研究生数学建模/2022/E题/E22104860014.pdf,a53167cf2059cdda47fceec6ed6baf347f2189ffbdf3cc82ec09fa41bba80943
研究生数学建模,2022,E题,E22106110005.pdf,57,4325124,False,6-1优秀论文库/研究生数学建模/2022/E题/E22106110005.pdf,c7313e5a29d2eccd011478603065045ad30ddd2186c7bd2761b98dcd99dfd1ee
研究生数学建模,2023,C题,C23103510013.pdf,59,4070071,False,6-1优秀论文库/研究生数学建模/2023/C题/C23103510013.pdf,b1676f55c0cc281147aa0f6a983a77b410a8c841e5fcb9710fb8e5b663ff1050
研究生数学建模,2023,D题,D23116460172.pdf,58,2443732,False,6-1优秀论文库/研究生数学建模/2023/D题/D23116460172.pdf,b3d9ea23d3495984e4a27eae3aa75a1515113cab448a07d520b4d408e19ec1e1
研究生数学建模,2023,A题,A23102890028.pdf,89,1868103,False,6-1优秀论文库/研究生数学建模/2023/A题/A23102890028.pdf,1c7b883fad088a25a29c04754435150623e3b661bfbf8fa7e5f600a75a7d3e16
研究生数学建模,2023,A题,A23103840031.pdf,55,3751660,False,6-1优秀论文库/研究生数学建模/2023/A题/A23103840031.pdf,72276b20f6a2c1e39ccd4b127977bb2ceda2dbb8c55e201d85c45db5f63306ec
研究生数学建模,2023,E题,E23103570015.pdf,138,8126344,False,6-1优秀论文库/研究生数学建模/2023/E题/E23103570015.pdf,99a2b9a48592421914ec0a8f81e08bd96c8d4c1dab887b19df9efef2c260e718
研究生数学建模,2023,D题,D23100060041.pdf,99,6202937,False,6-1优秀论文库/研究生数学建模/2023/D题/D23100060041.pdf,b4e6c7b24c303140b0913928cf352162a050f41c693ec31c014ac1e4cd278ccf
研究生数学建模,2023,C题,C23106570312.pdf,49,12405401,False,6-1优秀论文库/研究生数学建模/2023/C题/C23106570312.pdf,cef9478761aa1f7206f009a47fa96ca490f0780792f68d9a6a25f3ca1a752a09
研究生数学建模,2023,E题,E23900310014.pdf,61,3736296,False,6-1优秀论文库/研究生数学建模/2023/E题/E23900310014.pdf,0914108a57671c543943fbf922a5b49908fe24673790609a1012e1165f83e2b5
研究生数学建模,2023,C题,C23103360083.pdf,101,2351666,False,6-1优秀论文库/研究生数学建模/2023/C题/C23103360083.pdf,bc314e5321d42149caeb75ebd83cf6eb87915aa9542274a4f85d2ede4244c6ce
研究生数学建模,2023,D题,D23102860126.pdf,73,5612899,False,6-1优秀论文库/研究生数学建模/2023/D题/D23102860126.pdf,b8a48b1b4ddbec753e50e75374809412193b7c1a8701a98651b32b911d72da7b
研究生数学建模,2023,C题,C23107120024.pdf,73,6950584,False,6-1优秀论文库/研究生数学建模/2023/C题/C23107120024.pdf,1907bb2e271a72c879baac5c28f26dab75737893cdaaa96423801cef7278c5d8
研究生数学建模,2023,F题,F23910020096.pdf,69,5603283,False,6-1优秀论文库/研究生数学建模/2023/F题/F23910020096.pdf,a544a8b854de8bcab3d7933223d91be6c567ad6c0098cf12169f5b80d39f4b69
研究生数学建模,2023,B题,B23102870182.pdf,61,1895408,False,6-1优秀论文库/研究生数学建模/2023/B题/B23102870182.pdf,46c8d34af2e32b77966cfe61b9c745aca5b326ccb0b3bb795c5bcd6574683df0
研究生数学建模,2023,B题,B23105580005.pdf,48,3295504,False,6-1优秀论文库/研究生数学建模/2023/B题/B23105580005.pdf,70e16c297762eaf54e3cdd02b6d9d957a5e7c94d680aef366f7e1eeb98f1c7b0
研究生数学建模,2023,B题,B23111170006.pdf,42,1740170,False,6-1优秀论文库/研究生数学建模/2023/B题/B23111170006.pdf,3777ef9199df5b2746cbf837d5c88aa5ee13c39a2e426f2b5f2d911178df9094
研究生数学建模,2023,F题,F23102860072.pdf,39,34396942,False,6-1优秀论文库/研究生数学建模/2023/F题/F23102860072.pdf,d74d8b08a844e2d66698b3759edce23a2fc26717cabd1cf51cd1b65844c0e02a
研究生数学建模,2023,E题,E23104030073.pdf,60,4828844,False,6-1优秀论文库/研究生数学建模/2023/E题/E23104030073.pdf,66de2190ed124bc167b6f408ffd5e8be3202754d32a11784bbc049ccc60f2cfe
研究生数学建模,2023,A题,A23102480015.pdf,83,2426217,False,6-1优秀论文库/研究生数学建模/2023/A题/A23102480015.pdf,7db2e491ea02eb7c01688033655cabb5078c01df430d7b24d236ffcbc6c5376b
研究生数学建模,2023,F题,F23107010086.pdf,71,6201200,False,6-1优秀论文库/研究生数学建模/2023/F题/F23107010086.pdf,f8cc5afdf8295cc3ec452464fbc9d600ad8acbbbba7c456cb0fc13eca1126160
研究生数学建模,2023,B题,B23106140164.pdf,68,1584461,False,6-1优秀论文库/研究生数学建模/2023/B题/B23106140164.pdf,51de99418dca5259b04776c5f9fa6a2495a462ee7418d171f13434d722527a06
研究生数学建模,2023,C题,C23910020010.pdf,58,3194081,False,6-1优秀论文库/研究生数学建模/2023/C题/C23910020010.pdf,8a00ec073b286676f359adc89ffb4095134b96d56ac7571525d66505b875aed2
研究生数学建模,2023,D题,D23103560099.pdf,79,5640462,False,6-1优秀论文库/研究生数学建模/2023/D题/D23103560099.pdf,bf89ccf0a9929033797fb29d684cf4e300bf6bd72aa9f95a486c03cca77cff1b
研究生数学建模,2023,F题,F23910020015.pdf,87,4076303,False,6-1优秀论文库/研究生数学建模/2023/F题/F23910020015.pdf,8f501f8749750a0761f517842287260e8f4eddbb8a561e6939bd278f450fd456
研究生数学建模,2023,F题,F23104040152.pdf,64,17205542,False,6-1优秀论文库/研究生数学建模/2023/F题/F23104040152.pdf,be128355c92655dfb5581862168bb9fdfc387b3c4721bbefac57e3e8b534e9d9
研究生数学建模,2023,C题,C23104080013.pdf,65,4230286,False,6-1优秀论文库/研究生数学建模/2023/C题/C23104080013.pdf,6fbdbaff47ee945d88648fe8142239ad53bb18d94114de1158745ca3ea0d45f4
研究生数学建模,2023,A题,A23100070049.pdf,56,2405135,False,6-1优秀论文库/研究生数学建模/2023/A题/A23100070049.pdf,d33556a20cd948a1a64b448a798d7bd5199ed33e64b8b42f9c9066718709cc1a
研究生数学建模,2023,E题,E23107030070.pdf,73,4523029,False,6-1优秀论文库/研究生数学建模/2023/E题/E23107030070.pdf,d99c0cb9b31c99f936581611e05b388bd686a629c56343ec3ed8a3f3317918ee
研究生数学建模,2023,C题,C23106130016.pdf,74,4993713,False,6-1优秀论文库/研究生数学建模/2023/C题/C23106130016.pdf,49b9b98f4a84aa5278363ad6d8e8cab1c0b0781e35a13d629e76f3fbe7fe3731
研究生数学建模,2023,A题,A23102470073.pdf,58,4136438,False,6-1优秀论文库/研究生数学建模/2023/A题/A23102470073.pdf,aa54a343324fc710c752ea7b69e867ea0aad0718984b8e6a64bfdcc18c6168cb
研究生数学建模,2023,F题,F23102690048.pdf,72,15094234,False,6-1优秀论文库/研究生数学建模/2023/F题/F23102690048.pdf,4a5ac5b0787e4dddb8c2a98e086ad3dc996c04522b3039e6c0ef0bbdf4902d6d
研究生数学建模,2023,E题,E23100650012.pdf,59,5767144,False,6-1优秀论文库/研究生数学建模/2023/E题/E23100650012.pdf,8d1abbc798cc27e01322cb36adfe87c716f9425ad3b07d97c822a0c756fc41f3
研究生数学建模,2023,E题,E23105330424.pdf,115,4613624,False,6-1优秀论文库/研究生数学建模/2023/E题/E23105330424.pdf,f9cacb683377d24ebc45ff1d0ab853156fe6c787c0406d7275202b91e4f6505a
研究生数学建模,2023,B题,B23100070010.pdf,74,9835840,False,6-1优秀论文库/研究生数学建模/2023/B题/B23100070010.pdf,dae1f5b0084b890f57cf5f32d50624813c50142e80facec528dec185b4caf873
研究生数学建模,2023,E题,E23103530067.pdf,85,7149082,False,6-1优秀论文库/研究生数学建模/2023/E题/E23103530067.pdf,832ce085bf76e77e99333a3d0d1e291ea4d434340c819d6286471a5cabb94311
研究生数学建模,2023,D题,D23106740070.pdf,86,6432302,False,6-1优秀论文库/研究生数学建模/2023/D题/D23106740070.pdf,1bee7e22964baec7bdaf623809174864400325e5f9ca5c0d55d9051a3b960e16
研究生数学建模,2023,D题,D23106350004.pdf,76,4705960,False,6-1优秀论文库/研究生数学建模/2023/D题/D23106350004.pdf,76e7c8072e5dc92f09c0aeb044ab9f11f3ed2241589713de6dc45beac0548d70
研究生数学建模,2023,A题,A23104220005.pdf,49,6099206,False,6-1优秀论文库/研究生数学建模/2023/A题/A23104220005.pdf,086b5ef5b2e520ad91c201f5febea0257ca28a245dc9cecb323787c043f8481d
研究生数学建模,2023,F题,F23102520378.pdf,61,6625881,False,6-1优秀论文库/研究生数学建模/2023/F题/F23102520378.pdf,a1dc5e7fe882f5963dd9d6fe47a24a74b5885f5e37416dc475cff907085e8a66
研究生数学建模,2023,D题,D23104860011.pdf,98,5798021,False,6-1优秀论文库/研究生数学建模/2023/D题/D23104860011.pdf,23de320a89c922c15f41d98677829b80956a7954d60bd1b8542879b95e52ab41
研究生数学建模,2023,F题,F23103560002.pdf,63,3671768,False,6-1优秀论文库/研究生数学建模/2023/F题/F23103560002.pdf,9b663e72ed7692f26cc19d0b7053300767e948689a27ba8c0adb9d0adf17617b
研究生数学建模,2023,E题,E23102550019.pdf,68,10360788,False,6-1优秀论文库/研究生数学建模/2023/E题/E23102550019.pdf,7111ae76a0a000ae0667979809bb38eef9ce74f9a05dfbdfaae39cb50889d563
研究生数学建模,2023,D题,D23102690008.pdf,63,3984495,False,6-1优秀论文库/研究生数学建模/2023/D题/D23102690008.pdf,062fc33a37d6403de410f195362cb031bb301f82875d2b87d64703b6a09c01cc
研究生数学建模,2023,B题,B23102870003.pdf,53,3783210,False,6-1优秀论文库/研究生数学建模/2023/B题/B23102870003.pdf,b7a22c7d8dc68982aa21eeba3cfc289fd0d6749796043f43e761c77726706c5d
研究生数学建模,2023,F题,F23105550004.pdf,70,3080300,False,6-1优秀论文库/研究生数学建模/2023/F题/F23105550004.pdf,c0a7b83113d704fbc7a44174dc0f52be9e2800bf21797e4caf9450d6cac642c7
研究生数学建模,2023,E题,E23106730076.pdf,109,6337896,False,6-1优秀论文库/研究生数学建模/2023/E题/E23106730076.pdf,e4aa59bc348d6f5024845eac75be973e12ab911e8566198f8a405bf2896fcc15
研究生数学建模,2023,D题,D23105330094.pdf,66,7015611,False,6-1优秀论文库/研究生数学建模/2023/D题/D23105330094.pdf,5fbfff1d5b3ca312ac49979fbcbaae9b62ab8b1c056745bca9122e253058205f
研究生数学建模,2023,B题,B23103360062.pdf,126,3288590,False,6-1优秀论文库/研究生数学建模/2023/B题/B23103360062.pdf,6cbfad8403821d8c38499e4f04419234a217fc711be8f9b68a9a669f5466e945
研究生数学建模,2023,C题,C23102890004.pdf,54,2029504,False,6-1优秀论文库/研究生数学建模/2023/C题/C23102890004.pdf,673a7f1386a6bcf5b57cdfbea26340d48d6c007d8d59c665ce3db9c88dbbc930
研究生数学建模,2023,A题,A23102860239.pdf,62,6039206,False,6-1优秀论文库/研究生数学建模/2023/A题/A23102860239.pdf,38d57aaa359c2dc862f4747d20e8078f40aabccab210f4bc358e70c97eb96802
研究生数学建模,2023,B题,B23104860044.pdf,103,2048089,False,6-1优秀论文库/研究生数学建模/2023/B题/B23104860044.pdf,64cda80c093d013f314ee3d170ffc91275b7eef47b65648b3c0c697917a4b8cb
研究生数学建模,2023,F题,F23107300013.pdf,46,5274972,False,6-1优秀论文库/研究生数学建模/2023/F题/F23107300013.pdf,7e07a1f5c56527c3c2893710cd3dad9185b052fe85e1167f47379a45be00672b
研究生数学建模,2023,C题,C23102980125.pdf,52,3315112,False,6-1优秀论文库/研究生数学建模/2023/C题/C23102980125.pdf,efe4b18e0137bc26cff4923090298201e2c6167a69d18d7b5de59ecfa0450c96
研究生数学建模,2023,A题,A23104860166.pdf,68,3374506,False,6-1优秀论文库/研究生数学建模/2023/A题/A23104860166.pdf,a950543026bccb49372f015c9d0f37ba23cee9086c2c4cfd91d1df8981236094
研究生数学建模,2023,A题,A23105330383.pdf,63,2270732,False,6-1优秀论文库/研究生数学建模/2023/A题/A23105330383.pdf,42d4cb93c11a8aa4f65c0122c49743e7cc535075bc6292cfbac59912c532bcc3
研究生数学建模,2023,B题,B23100070173.pdf,49,1175715,False,6-1优秀论文库/研究生数学建模/2023/B题/B23100070173.pdf,49bb7b3ca5c8350b5183e4222dc2d46bf1682dfb0df499206fdc483ebb02717c
研究生数学建模,2023,E题,E23106980022.pdf,53,5902938,False,6-1优秀论文库/研究生数学建模/2023/E题/E23106980022.pdf,99b5b15c57778b8b82b5763759c0ba25adcbc232af0487c8e83e4b0e9498df71
研究生数学建模,2023,A题,A23103360079.pdf,77,38067441,False,6-1优秀论文库/研究生数学建模/2023/A题/A23103360079.pdf,a59d579510dd4db685d173d2d7206f77ae0a606bffe06307792c022ebb9a1825
研究生数学建模,2023,C题,C23102540029.pdf,52,3617240,False,6-1优秀论文库/研究生数学建模/2023/C题/C23102540029.pdf,feb372a7fb5a8688de384182401fe0f642da7763f50f74e7ee0a1a22b7641230
研究生数学建模,2024,C题,C24106130096.pdf,105,9722797,False,6-1优秀论文库/研究生数学建模/2024/C题/C24106130096.pdf,86c97d7aae2a4f6972e0f1445fb69855244ce076417defa1094157726dfa7e00
研究生数学建模,2024,C题,C24104220149.pdf,71,4278244,False,6-1优秀论文库/研究生数学建模/2024/C题/C24104220149.pdf,b15c18303af7a951c8217b922081b5b7f2d510496723d1aada27f549d45e35b6
研究生数学建模,2025,B题,B题-机器学习驱动的面向 MIMO-OFDM 的链路速率预测.pdf,76,7139802,False,6-1优秀论文库/研究生数学建模/2025/B题/B题-机器学习驱动的面向 MIMO-OFDM 的链路速率预测.pdf,61fe0427c63d6da0b3aa2cc5ff48330dad55449eb349cc781af52833a9aa4982
研究生数学建模,2025,C题,C题-3-围岩裂隙精准识别与三维模型重构.pdf,68,16909893,False,6-1优秀论文库/研究生数学建模/2025/C题/C题-3-围岩裂隙精准识别与三维模型重构.pdf,4963d4f978bd720e8fe73db5cede5dbcfae757379fdba9a2f5b2d21b078a16bf
研究生数学建模,2025,C题,C题-基于 Frangi 滤波的钻孔裂隙识别与三维概率重构.pdf,91,11076492,False,6-1优秀论文库/研究生数学建模/2025/C题/C题-基于 Frangi 滤波的钻孔裂隙识别与三维概率重构.pdf,18938e0d34c37485742f241c9538d64d1a7e59b91c5ce70ff46179331c7b8707
研究生数学建模,2025,C题,C题-基于钻孔裂隙智能识别的岩体结构面网络重构与稳定性分区研究.pdf,76,4930569,False,6-1优秀论文库/研究生数学建模/2025/C题/C题-基于钻孔裂隙智能识别的岩体结构面网络重构与稳定性分区研究.pdf,3cbc1f5319ebfbac4b66aaa2efee349eea6f068c23ecfea84b411799a9ce3705
研究生数学建模,2025,E题,E题-无监督迁移学习下的轴承故障诊断建模与优化.pdf,69,7988068,False,6-1优秀论文库/研究生数学建模/2025/E题/E题-无监督迁移学习下的轴承故障诊断建模与优化.pdf,b2992d9eb800d5e42aefbb08803d48e448188341cfc58a27b963e3aaae2d817b
研究生数学建模,2025,F题,F题-2-江南古典园林的美学特征建模.pdf,71,22887050,False,6-1优秀论文库/研究生数学建模/2025/F题/F题-2-江南古典园林的美学特征建模.pdf,e744a312f4238fd974c1131642466ebae79df8d2fe540681b2551bf1d82fe340
研究生数学建模,2025,A题,A题-面向 Davinci 架构的 NPU 核内调度算法研究.pdf,77,6915511,False,6-1优秀论文库/研究生数学建模/2025/A题/A题-面向 Davinci 架构的 NPU 核内调度算法研究.pdf,f7bec0662d073b428e86d5f0d12bf5d2406adc6b949a7b4936ededae05eee8f8
研究生数学建模,2025,F题,F题-江南古典园林美学特征的量化建模与分析.pdf,94,32231587,False,6-1优秀论文库/研究生数学建模/2025/F题/F题-江南古典园林美学特征的量化建模与分析.pdf,a20c5a80f45fc5e0b240ccac5d060008c9e37f1914721ea69d132fe3c5ded1c1
研究生数学建模,2025,B题,B题-无线通信系统链路速率建模.pdf,68,6044286,False,6-1优秀论文库/研究生数学建模/2025/B题/B题-无线通信系统链路速率建模.pdf,a0ef641d58aa0fe285b3cddd65c2b929b2de5bf4fcd37763a24c988982a38638
研究生数学建模,2025,D题,D题-基于多源数据融合的低空湍流监测与航路优化.pdf,110,20693936,False,6-1优秀论文库/研究生数学建模/2025/D题/D题-基于多源数据融合的低空湍流监测与航路优化.pdf,4c4ae49e95b9ba7c81a757da614f1658ab82edbaf75b5b2f1a30151b4700642e
研究生数学建模,2025,C题,C题-2-围岩裂隙精准识别与三维模型重构.pdf,78,17549775,False,6-1优秀论文库/研究生数学建模/2025/C题/C题-2-围岩裂隙精准识别与三维模型重构.pdf,294def0cba9d13b4146fc5958f12459d52b56a4d7538e59076df57ceb10f7212
研究生数学建模,2025,A题,A题-NPU 核内调度算法设计与优化研究.pdf,120,6113533,False,6-1优秀论文库/研究生数学建模/2025/A题/A题-NPU 核内调度算法设计与优化研究.pdf,8f9f05b2d71d6768d5fecbc6eb354b9a8aa57c89aad0554288188fe30a8203cd
研究生数学建模,2025,F题,F题-多模态数据融合视角下江南古典园林美学特征量化建模研究.pdf,116,22223730,False,6-1优秀论文库/研究生数学建模/2025/F题/F题-多模态数据融合视角下江南古典园林美学特征量化建模研究.pdf,c50060f4650ad107d03076a8a5a69baae821ccdcadbdacd594ecbf70f68fd502
研究生数学建模,2025,F题,F题-1-江南古典园林的美学特征建模.pdf,182,56831053,False,6-1优秀论文库/研究生数学建模/2025/F题/F题-1-江南古典园林的美学特征建模.pdf,b66c64d31929d67c2b74d855f6afbd7900b34b1b86ad1ce65092e445e2fb562b
研究生数学建模,2025,A题,A题-1-通用神经网络处理器下的核内调度问题.pdf,59,4383700,False,6-1优秀论文库/研究生数学建模/2025/A题/A题-1-通用神经网络处理器下的核内调度问题.pdf,1ba58ee48e42e870f65ee3ab58d9683ac4d0a0dadd8798eb84127dbda5778042
研究生数学建模,2025,E题,E题-高速列车轴承智能故障诊断问题.pdf,46,8554762,False,6-1优秀论文库/研究生数学建模/2025/E题/E题-高速列车轴承智能故障诊断问题.pdf,a9e413cdabd5ef7c8439576a63bdc3d1e7772a3b4edad5a0fd59c2d1df58195c
研究生数学建模,2025,D题,D题-低空湍流监测及最优航路规划研究.pdf,60,9157022,False,6-1优秀论文库/研究生数学建模/2025/D题/D题-低空湍流监测及最优航路规划研究.pdf,a391e64c4ffda4575947ba3fecb6e1d8580c3fdb0c519597b14cb6b38872ee7f
研究生数学建模,2025,E题,E题-基于迁移学习的高速列车轴承故障诊断研究.pdf,93,21464081,False,6-1优秀论文库/研究生数学建模/2025/E题/E题-基于迁移学习的高速列车轴承故障诊断研究.pdf,8e69413e09d86193ce401d1807899eb2b096273d65b6f331e28e6cf3e1ead560
研究生数学建模,2025,C题,C题-1-围岩裂隙精准识别与三维模型重构.pdf,71,11187697,False,6-1优秀论文库/研究生数学建模/2025/C题/C题-1-围岩裂隙精准识别与三维模型重构.pdf,d7d703688001e63043d09633236a32ce3e43fba9899c05b5a190d696857cf72b
研究生数学建模,2025,A题,A题-2-通用神经网络处理器下的核内调度问题.pdf,98,7039656,False,6-1优秀论文库/研究生数学建模/2025/A题/A题-2-通用神经网络处理器下的核内调度问题.pdf,8daa8fb505ee88fd5e694d449b770a598724e363bce90f97e21940933bed360d
研究生数学建模,2025,B题,B题-MIMO-OFDM 链路速率预测问题的建模研究.pdf,57,6355880,False,6-1优秀论文库/研究生数学建模/2025/B题/B题-MIMO-OFDM 链路速率预测问题的建模研究.pdf,707012eca5a9957b7cfdf5ac3a9fce19854a1a67ad2f6bae3209aec9705df127
研究生数学建模,年份待核实,综合,食品卫生安全保障体系数学模型及改进问题研究.pdf,15,844953,False,6-1优秀论文库/研究生数学建模/年份待核实/综合/食品卫生安全保障体系数学模型及改进问题研究.pdf,3077a2668ffe621b60ca5710afea67e0495320182f74490a344b164246cbd722
研究生数学建模,年份待核实,综合,邮路规划与邮车调度最优化理论研究.pdf,9,368326,False,6-1优秀论文库/研究生数学建模/年份待核实/综合/邮路规划与邮车调度最优化理论研究.pdf,7a073df9029b2004dbfe34851d4df506205ed1dad82d03f3997ad80a245f3348
研究生数学建模,年份待核实,综合,我国食品卫生安全风险评估模型.pdf,8,491245,False,6-1优秀论文库/研究生数学建模/年份待核实/综合/我国食品卫生安全风险评估模型.pdf,7a8009f8f6b1cb78832fc100cb912f0f7921e437b3ca53e8a92b63cfe8525e56
美国大学生数学建模,1986,B题,1986 B J 应急设施的优化选址问题.pdf,19,425894,False,6-1优秀论文库/美国大学生数学建模/1986/B题/1986 B J 应急设施的优化选址问题.pdf,3434aff3770c6c9ab57ba05e2f951e1831c724e4b4b21e8e133df3f17810def9
美国大学生数学建模,1986,B题,1986 B Optimizing the placement of two emergency facilities(中文).pdf,16,894138,False,6-1优秀论文库/美国大学生数学建模/1986/B题/1986 B Optimizing the placement of two emergency facilities(中文).pdf,124c18b237ac70861a7011dc0fb53ff822c8c97973869b981369dfd8c318bda2
美国大学生数学建模,1986,B题,1986 B Positioning of emergency facilities in an obstructed traffic grid.pdf,16,2091285,False,6-1优秀论文库/美国大学生数学建模/1986/B题/1986 B Positioning of emergency facilities in an obstructed traffic grid.pdf,8061b0c694251246f113b7107007b27566e8cdc6a7b8b190304feb43829207d8
美国大学生数学建模,1986,B题,1986 B J 应急设施位置.pdf,8,151475,False,6-1优秀论文库/美国大学生数学建模/1986/B题/1986 B J 应急设施位置.pdf,18802c8a04ffd78bec8b928ac570cac053219be7748aa25d689b28adb818e62f
美国大学生数学建模,1987,A题,1987A.pdf,1,77008,False,6-1优秀论文库/美国大学生数学建模/1987/A题/1987A.pdf,08149e68647e9b3797c1ed0300a8b134ccf04223cb25814b5468a6349d17663e
美国大学生数学建模,1987,B题,1987B.pdf,1,26254,False,6-1优秀论文库/美国大学生数学建模/1987/B题/1987B.pdf,cfec4514d9c07d65897a848ba8f7ac30751f6b1a03d814419323e38922ad2bdc
美国大学生数学建模,1987,B题,s parking problems (中文).pdf,5,288339,False,6-1优秀论文库/美国大学生数学建模/1987/B题/s parking problems (中文).pdf,544544a0c10bad10eaf7d1572cc6df84b1607271e0c33a962e7049898330d84d
美国大学生数学建模,1987,A题,MCM1987 A 盐的存贮（Word转PDF）.pdf,1,65159,True,6-1优秀论文库/美国大学生数学建模/1987/A题/MCM1987 A 盐的存贮（Word转PDF）.pdf,f2ce36a6cb2fa897b7832fcdb06c24a414498b418c3e47f93dc63c84b3faee02
美国大学生数学建模,1987,B题,MCM1987B 停车场设计（Word转PDF）.pdf,1,62284,True,6-1优秀论文库/美国大学生数学建模/1987/B题/MCM1987B 停车场设计（Word转PDF）.pdf,d3ea8bd2a35db4515a8b3964616a5ef60149ab3eb6f20aa15ddbec1b41f66c19
美国大学生数学建模,1987,A题,1987 A The salt problem—making a mountain out of molehills(中文).pdf,7,99872,False,6-1优秀论文库/美国大学生数学建模/1987/A题/1987 A The salt problem—making a mountain out of molehills(中文).pdf,97e43e65b545cdf9588b4633c5add78a1e5d94fdb0a13a16436e2930a1ae4a4a
美国大学生数学建模,1987,A题,1987 A Salt pile stability a mathematical model.pdf,15,1666368,False,6-1优秀论文库/美国大学生数学建模/1987/A题/1987 A Salt pile stability a mathematical model.pdf,ca3df197ddd855cbf38f42ac3cdfe9301ed2a509ccf9d6aa8b90174398d4f826
美国大学生数学建模,1987,A题,1987 A The salt problem—making a mountain out of molehills.pdf,9,238167,False,6-1优秀论文库/美国大学生数学建模/1987/A题/1987 A The salt problem—making a mountain out of molehills.pdf,f2d0e16d82d2afd597191692ab012f7e4dd97b45ddaf861d08a37b702683ad88
美国大学生数学建模,1987,B题,1987 B Designing the optimal placement of spaces in a parking lot.pdf,7,972977,False,6-1优秀论文库/美国大学生数学建模/1987/B题/1987 B Designing the optimal placement of spaces in a parking lot.pdf,dd7099cdf4392ecf92475f0da9215b7208acb378f24cfe6cf5307b4f5db222bf
美国大学生数学建模,1987,B题,s parking problems.pdf,8,974734,False,6-1优秀论文库/美国大学生数学建模/1987/B题/s parking problems.pdf,293549ff3528b789e2b5307b881499d1284eb62c72611f5027298b6bb2203053
美国大学生数学建模,1987,A题,1987 A Salt pile stability a mathematical model(中文).pdf,10,417014,False,6-1优秀论文库/美国大学生数学建模/1987/A题/1987 A Salt pile stability a mathematical model(中文).pdf,b52d2b49735e5b0468d9577b75fa68a22b092326a61357ea97681345b05c3933
美国大学生数学建模,1987,A题,"1987 A Practitioner’s Commentary Salt Storage Done Improperly,Safety Panel Says.pdf",2,39747,False,"6-1优秀论文库/美国大学生数学建模/1987/A题/1987 A Practitioner’s Commentary Salt Storage Done Improperly,Safety Panel Says.pdf",622c7910ca842e8adf591fcd44e8acd5a6a310a68efd8995afea1f46b71a5765
美国大学生数学建模,1988,B题,1988B.pdf,2,614684,False,6-1优秀论文库/美国大学生数学建模/1988/B题/1988B.pdf,fabbb397f1c877ab45124e63d5aef9f851fe0a1dafbaf3567e5748276ff4f423
美国大学生数学建模,1988,B题,AMCM1988B（Word转PDF）.pdf,1,69941,True,6-1优秀论文库/美国大学生数学建模/1988/B题/AMCM1988B（Word转PDF）.pdf,d946edd9fe2b218db2ac5b0cfe9931c6be3341be7da35ba28757ea2b9029c153
美国大学生数学建模,1988,A题,1988 A Drug runner （中文）.pdf,11,681551,False,6-1优秀论文库/美国大学生数学建模/1988/A题/1988 A Drug runner （中文）.pdf,758f896630c27257ca74070eecaca7423a45ce717d8ec8ab138d5bcd928a1e7d
美国大学生数学建模,1988,B题,s commentary the outstanding railroad flatcar papers .pdf,4,609958,False,6-1优秀论文库/美国大学生数学建模/1988/B题/s commentary the outstanding railroad flatcar papers.pdf,c123f3be7200be5467a454aeeae6101ab9eb2105cee0406fd81cce44a35a539b
美国大学生数学建模,1988,A题,1988A.pdf,2,130289,False,6-1优秀论文库/美国大学生数学建模/1988/A题/1988A.pdf,9cf2dd98d6dc67bef1378d8e8f2e02059e6dcee053b9b3cb344a9432cd5d3041
美国大学生数学建模,1988,B题,1988 B Optimal Loading of Flatcars .pdf,15,1735036,False,6-1优秀论文库/美国大学生数学建模/1988/B题/1988 B Optimal Loading of Flatcars.pdf,3bff543076f4cbd4f76f303245bed95fd4447b50550d47b438934a1d9ec6d3b1
美国大学生数学建模,1988,A题,1988 A Locating a drug runner  Miami Vice style.pdf,14,183602,False,6-1优秀论文库/美国大学生数学建模/1988/A题/1988 A Locating a drug runner  Miami Vice style.pdf,9ccafe4b464ffed0ef2d4a85f97398c987b4a01a523cb0aa990ee06cf874b968
美国大学生数学建模,1988,B题,1988 B J 两辆铁路平板车的装货问题.pdf,22,249308,False,6-1优秀论文库/美国大学生数学建模/1988/B题/1988 B J 两辆铁路平板车的装货问题.pdf,db0f825c7fc6aaecb367cd0fe8ea695e7595df624cc8de9874476f239957dcff
美国大学生数学建模,1988,B题,1988 B Optimal Loading of Flatcars(中文).pdf,8,412017,False,6-1优秀论文库/美国大学生数学建模/1988/B题/1988 B Optimal Loading of Flatcars(中文).pdf,9e8020ea0f8a739a2211115a0202ff490c58ce31321ada06f263a9d9b1bbdebd
美国大学生数学建模,1988,A题,1988 A Drug runner.pdf,21,2182516,False,6-1优秀论文库/美国大学生数学建模/1988/A题/1988 A Drug runner.pdf,41d6164d95216d3c21fdead206077db48b3bc446437a6ed796a08cba769e2679
美国大学生数学建模,1988,B题,1988 B J 两辆平板车的装载问题.pdf,7,108310,False,6-1优秀论文库/美国大学生数学建模/1988/B题/1988 B J 两辆平板车的装载问题.pdf,e96f00ec1d810289e4a5ee53dcfa6b9293693fe8f143b2b7cb50e2fb4e711c51
美国大学生数学建模,1988,A题,1988 A J 关于毒品走私船位置问题的数学模型.pdf,21,281445,False,6-1优秀论文库/美国大学生数学建模/1988/A题/1988 A J 关于毒品走私船位置问题的数学模型.pdf,ad6e08d40b24598d0957d99099907f66fa5785c8cb63932f66b68d444dff259f
美国大学生数学建模,1988,B题,1988 B Loading two railroad cars .pdf,9,1077245,False,6-1优秀论文库/美国大学生数学建模/1988/B题/1988 B Loading two railroad cars.pdf,cc221367b8110ba8560f4aca059271266ddb6d4ce57ec1ce3765c1cf3ef85ed6
美国大学生数学建模,1988,A题,s commentary the outstanding drug runner papers.pdf,6,82968,False,6-1优秀论文库/美国大学生数学建模/1988/A题/s commentary the outstanding drug runner papers.pdf,727280d91fe2b0592f0e51f52947a06e570235d1ff325cb6fab6272a5c061e9d
美国大学生数学建模,1988,B题,t drive trains--they pack them.pdf,9,1055387,False,6-1优秀论文库/美国大学生数学建模/1988/B题/t drive trains--they pack them.pdf,1816901ce8b7bc8ac6690376836373f96ce554bbfd33d0fff81c32aa4f244cd9
美国大学生数学建模,1988,B题,1988 B Packing a train.pdf,19,2382747,False,6-1优秀论文库/美国大学生数学建模/1988/B题/1988 B Packing a train.pdf,aab439a5247a269a9374dd7403c38ae715f7f12a932ce334c5a2714354b706ba
美国大学生数学建模,1988,A题,AMCM1988A（Word转PDF）.pdf,1,67285,True,6-1优秀论文库/美国大学生数学建模/1988/A题/AMCM1988A（Word转PDF）.pdf,7b39cc248258c4944633d2998ecd16ef2a375eccfecdf03b733fb9d2e64dcf1a
美国大学生数学建模,1989,B题,89  simulation of airport scheduling .pdf,14,1899588,False,6-1优秀论文库/美国大学生数学建模/1989/B题/89  simulation of airport scheduling.pdf,d2acc4b6448bfd4dab2c851899fd5b5031b4300035f76cb14c65681be37d9127
美国大学生数学建模,1989,B题,1989 B How to please most of the people most of the time.pdf,13,1576208,False,6-1优秀论文库/美国大学生数学建模/1989/B题/1989 B How to please most of the people most of the time.pdf,de30936a7f4c3038759c22f8d37773b84de89896e4770029210742d6e7373663
美国大学生数学建模,1989,B题,s commentary modeling aircraft departures .pdf,2,239200,False,6-1优秀论文库/美国大学生数学建模/1989/B题/s commentary modeling aircraft departures.pdf,daf70ad22e487b92894e91f20bf9d6a9b89c2cd93cbb6d82fda56a6e35b4037d
美国大学生数学建模,1989,B题,1989 B Controlling departing airport traffic .pdf,14,1741160,False,6-1优秀论文库/美国大学生数学建模/1989/B题/1989 B Controlling departing airport traffic.pdf,91f00867f799a8c5087832b5e0315666bd013d8f92ab3453a7b4eb9ab7bc6aaa
美国大学生数学建模,1989,B题,s commentary  the outstanding aircraft queueing papers .pdf,3,442811,False,6-1优秀论文库/美国大学生数学建模/1989/B题/s commentary  the outstanding aircraft queueing papers.pdf,4390af203629cf2a082f7dca5569cebb8f1cb2fddba993a71f0c32c72eb72783
美国大学生数学建模,1989,B题,1989 B Controlling departing airport traffic (中文).pdf,12,193611,False,6-1优秀论文库/美国大学生数学建模/1989/B题/1989 B Controlling departing airport traffic (中文).pdf,43b58ec44fb336d2619e116616544273a9e3271c562387d5f6abcf17dc34720a
美国大学生数学建模,1989,B题,1989 B Janet  a better airport queue-sorting model .pdf,12,1391804,False,6-1优秀论文库/美国大学生数学建模/1989/B题/1989 B Janet  a better airport queue-sorting model.pdf,a83470d7e29c5b089154f9247d7f0bd5880ed2f0c1a50a65202902bdedf30679
美国大学生数学建模,1989,B题,1989 B Runway management a mathematical model .pdf,14,1770854,False,6-1优秀论文库/美国大学生数学建模/1989/B题/1989 B Runway management a mathematical model.pdf,4452f7c139cc3428a6ded946c14d8f99accc5a850ec9f85dd10bff27d0d36628
美国大学生数学建模,1990,A题,1990 A Author’s Commentary  the outstanding brain drug papers.pdf,4,49253,False,6-1优秀论文库/美国大学生数学建模/1990/A题/1990 A Author’s Commentary  the outstanding brain drug papers.pdf,bcbb2f21308d1684257290ebb1827da64eb2ea3ea7937968f3eeb3970b548421
美国大学生数学建模,1990,B题,1990 B A real snow job (中文).pdf,6,93087,False,6-1优秀论文库/美国大学生数学建模/1990/B题/1990 B A real snow job (中文).pdf,4b4e6b3559c8faf44ab994f8bf864cf1183fd7336df82e08e1a6f97f686fdc45
美国大学生数学建模,1990,A题,1990 A Distribution of dopamine in the brain （中文）.pdf,7,582816,False,6-1优秀论文库/美国大学生数学建模/1990/A题/1990 A Distribution of dopamine in the brain （中文）.pdf,fe67498e31ce3895701fb5373616359e290a1b890990319e347337d3eabd6f7a
美国大学生数学建模,1990,A题,s model.pdf,10,313198,False,6-1优秀论文库/美国大学生数学建模/1990/A题/s model.pdf,2afdc6a742d41e9826403e449e2a01613ae4318fa4e584046c1e7fd13f1cdb03
美国大学生数学建模,1990,A题,1990 A J 扩散问题的偏微分方程模型.pdf,13,186557,False,6-1优秀论文库/美国大学生数学建模/1990/A题/1990 A J 扩散问题的偏微分方程模型.pdf,23c7ae11c0ab5d428714cb4d0612dcefec8c1d0221d5f644191cf156eeae5f05
美国大学生数学建模,1990,B题,1990 B Plower power （中文）.pdf,13,739986,False,6-1优秀论文库/美国大学生数学建模/1990/B题/1990 B Plower power （中文）.pdf,cd4f327842c2930f3c3492c5f31289cc94d7dd5acc0d3084067ed7c15120a25c
美国大学生数学建模,1990,A题,1990 A Judge’s Commentary the outstanding brain drug papers .pdf,2,38838,False,6-1优秀论文库/美国大学生数学建模/1990/A题/1990 A Judge’s Commentary the outstanding brain drug papers.pdf,1ed6f796428cc509a5436948307c01387f4feb590458af8c843a6037f2c56879
美国大学生数学建模,1990,B题,1990 B The snowplow problem .pdf,10,1375791,False,6-1优秀论文库/美国大学生数学建模/1990/B题/1990 B The snowplow problem.pdf,df1f28a9012d2084e952a5ba9645d95eedcf087143da19051bf8bc8e0924722a
美国大学生数学建模,1990,B题,s commentary the outstanding snowplow papers.pdf,2,285689,False,6-1优秀论文库/美国大学生数学建模/1990/B题/s commentary the outstanding snowplow papers.pdf,45dbeebd4ae1b229cc5a54095367d19fe00f64ffd882fec990c54d8463d82fe6
美国大学生数学建模,1990,A题,AMCM1990A（Word转PDF）.pdf,2,86871,True,6-1优秀论文库/美国大学生数学建模/1990/A题/AMCM1990A（Word转PDF）.pdf,76f6f8c804c278ff8db0a81a8667306a968b37d20b6c0b11acc97bdf00ac4433
美国大学生数学建模,1990,B题,1990 B The two-snowplow routing problem .pdf,9,1235835,False,6-1优秀论文库/美国大学生数学建模/1990/B题/1990 B The two-snowplow routing problem.pdf,b0d1fb9c81cb8714ad20fc0f9ef59a261c028339267b4e4f5335bbe3ddc06641
美国大学生数学建模,1990,B题,AMCM1990B（Word转PDF）.pdf,1,59391,True,6-1优秀论文库/美国大学生数学建模/1990/B题/AMCM1990B（Word转PDF）.pdf,490e90b9b896b3829695897da9431ee54e7da314ae0ffbcc4624541bc6cacb3c
美国大学生数学建模,1990,B题,1990 B J 扫雪问题的数学模型.pdf,13,169052,False,6-1优秀论文库/美国大学生数学建模/1990/B题/1990 B J 扫雪问题的数学模型.pdf,35552588659d9193953d44eb4a360f49eab60f23265e8de7b91f1053361fcd63
美国大学生数学建模,1990,B题,1990 B Plower power .pdf,12,1613516,False,6-1优秀论文库/美国大学生数学建模/1990/B题/1990 B Plower power.pdf,f19586aac53390bb847bb52d7c1facf55b8b658166d36450d7ff6d89ec68a13c
美国大学生数学建模,1990,B题,1990 B A real snow job.pdf,9,1162366,False,6-1优秀论文库/美国大学生数学建模/1990/B题/1990 B A real snow job.pdf,aee6c9ad5c14f295ece70f42fd757f9d1cef9a75363688b04bf8eb9463799eea
美国大学生数学建模,1991,A题,s commentary the outstanding water tank papers （中文）获奖作品.pdf,13,192218,False,6-1优秀论文库/美国大学生数学建模/1991/A题/s commentary the outstanding water tank papers （中文）获奖作品.pdf,4aab102a1250ca5489a3dccdad4b1db5403f844b74736314edf78a667015473d
美国大学生数学建模,1991,A题,AMCM1991A（Word转PDF）.pdf,1,62293,True,6-1优秀论文库/美国大学生数学建模/1991/A题/AMCM1991A（Word转PDF）.pdf,dce69d5642c2700ad3e523f495b94f207ad70b67f37ac33a2c2819faa2e488ee
美国大学生数学建模,1991,B题,AMCM1991B（Word转PDF）.pdf,1,78064,True,6-1优秀论文库/美国大学生数学建模/1991/B题/AMCM1991B（Word转PDF）.pdf,faf2cce3ccc4e43dc8547601b66784174b394aead4d6db2b3942d1c7fdccf499
美国大学生数学建模,1991,A题,1991 A J 逼近观察数据的一些样条模型获奖作品.pdf,31,460657,False,6-1优秀论文库/美国大学生数学建模/1991/A题/1991 A J 逼近观察数据的一些样条模型获奖作品.pdf,3b6888283d91e8b012732c40349348eec3061cbce9e0a4921d3892d00b4656b0
美国大学生数学建模,1991,A题,s commentary  the outstanding water tank papers1获奖作品.pdf,3,382846,False,6-1优秀论文库/美国大学生数学建模/1991/A题/s commentary  the outstanding water tank papers1获奖作品.pdf,f9a45bbfb175a0b97f44cc5c135cbf8a0e72f09a594889805560f12270ad585e
美国大学生数学建模,1991,B题,1991年MCM B题模型解析（2）.pdf,25,492881,False,6-1优秀论文库/美国大学生数学建模/1991/B题/1991年MCM B题模型解析（2）.pdf,321cb079462da4848f1c5f3b2a3fbfa8d5dbfb5a0197800b9d95916622a6f469
美国大学生数学建模,1991,A题,1991 A A polynomial model for estimating water flow 获奖作品.pdf,8,1057128,False,6-1优秀论文库/美国大学生数学建模/1991/A题/1991 A A polynomial model for estimating water flow 获奖作品.pdf,eedcf4095ba8219b340202781e4e5e49268a121412fb0873d4625c348ecfabb4
美国大学生数学建模,1991,A题,1991 A A polynomial model for estimating water flow (中文)获奖作品.pdf,10,134490,False,6-1优秀论文库/美国大学生数学建模/1991/A题/1991 A A polynomial model for estimating water flow (中文)获奖作品.pdf,75d2ce8e6dbe3d559568a4a9ee4edef5d72b40efcbdb9655b1be18612b85e234
美国大学生数学建模,1991,A题,1991 A Go with the flow 获奖作品.pdf,8,1032093,False,6-1优秀论文库/美国大学生数学建模/1991/A题/1991 A Go with the flow 获奖作品.pdf,d6047ff36b1be959d47cf8bedc6b4bfdcebafefd5f4366627c5e8f0cabd3b065
美国大学生数学建模,1991,B题,1991 B J 最小Steiner生成树获奖作品.pdf,25,494871,False,6-1优秀论文库/美国大学生数学建模/1991/B题/1991 B J 最小Steiner生成树获奖作品.pdf,1dd2b5dcd0cd4a3be26b801c5ca6fb54adf9291e46249f92d8790ea4dc9ba551
美国大学生数学建模,1991,A题,1991 A 水塔流量估计(国防科技大学习作)获奖作品.pdf,4,138116,False,6-1优秀论文库/美国大学生数学建模/1991/A题/1991 A 水塔流量估计(国防科技大学习作)获奖作品.pdf,5baaeadc25c5551d853ed617c3db10de19c0c6fbc4c23edbc20a0c6ed7a9d687
美国大学生数学建模,1991,B题,1991 B Iterative and constructive models 获奖作品.pdf,11,1571820,False,6-1优秀论文库/美国大学生数学建模/1991/B题/1991 B Iterative and constructive models 获奖作品.pdf,47f85012817ce1b76f4ef47470f7381628fd37ca9da1fd0e13adf0422999a0aa
美国大学生数学建模,1991,B题,1991 B Judge’s Commentary  the outstanding Steiner tree papers 获奖作品.pdf,2,45327,False,6-1优秀论文库/美国大学生数学建模/1991/B题/1991 B Judge’s Commentary  the outstanding Steiner tree papers 获奖作品.pdf,28db945f52265711bc02585c6d2a210bf7467dd6b84a26934aec6a6756a95331
美国大学生数学建模,1991,A题,s commentary  the outstanding water tank papers 获奖作品.pdf,7,1206512,False,6-1优秀论文库/美国大学生数学建模/1991/A题/s commentary  the outstanding water tank papers 获奖作品.pdf,b98c4382e961eb5f99017a015402700120308345c46b753f9648bb742d2b100b
美国大学生数学建模,1991,B题,s commentary the outstanding Steiner tree papers获奖作品.pdf,6,104021,False,6-1优秀论文库/美国大学生数学建模/1991/B题/s commentary the outstanding Steiner tree papers获奖作品.pdf,cde4feeb4e731c61708a876a055b136e6ede3cd143e39489297c85382f96afe1
美国大学生数学建模,1991,A题,1991 A Pump up the volume!获奖作品.pdf,14,1957607,False,6-1优秀论文库/美国大学生数学建模/1991/A题/1991 A Pump up the volume!获奖作品.pdf,e143ca8f2842e089ca6a3225554cef7468745a72796631c5fb56b0d6aa8d8e2f
美国大学生数学建模,1991,B题,特等奖（Word转PDF）.pdf,1,53338,True,6-1优秀论文库/美国大学生数学建模/1991/B题/特等奖（Word转PDF）.pdf,2a5f43715e552135a3ec97698b6b60d7589fe05d32b7b717bb81888a9303c1ed
美国大学生数学建模,1991,B题,1991 B Finding optimal Steiner trees获奖作品.pdf,14,385135,False,6-1优秀论文库/美国大学生数学建模/1991/B题/1991 B Finding optimal Steiner trees获奖作品.pdf,1449eb464d289ee418a57a8793ea7e2688ef28938a9e44aefeb0bce4329a1f03
美国大学生数学建模,1991,A题,1991 A Go with the flow(中文)获奖作品.pdf,6,417068,False,6-1优秀论文库/美国大学生数学建模/1991/A题/1991 A Go with the flow(中文)获奖作品.pdf,281f35d8d6bfa2f0e3e4a8beaea470a057232a1a0ba5277ccd951d72c33073e5
美国大学生数学建模,1991,A题,特等奖1（Word转PDF）.pdf,2,58397,True,6-1优秀论文库/美国大学生数学建模/1991/A题/特等奖1（Word转PDF）.pdf,cceb25e867e0113077942c5100e852f9a75f5c61fdb5f245b2c5e9b40a640033
美国大学生数学建模,1991,B题,1991 B J 可靠网络中生成树的优化模型获奖作品.pdf,4,97385,False,6-1优秀论文库/美国大学生数学建模/1991/B题/1991 B J 可靠网络中生成树的优化模型获奖作品.pdf,5e781f8a1dbda2954b0db1c1b8a0c7222314697c9c7540b1a548b7a3d31eb479
美国大学生数学建模,1991,B题,1991 B Finding optimal Steiner trees(中文)获奖作品.pdf,9,579235,False,6-1优秀论文库/美国大学生数学建模/1991/B题/1991 B Finding optimal Steiner trees(中文)获奖作品.pdf,aca4f6d95a6835a35e3da6bc39e8fb2749be21b86f88e57b48db579cac766ccb
美国大学生数学建模,1991,B题,1991 B The construction of a minimal-cost Steiner-tree 获奖作品.pdf,10,1335792,False,6-1优秀论文库/美国大学生数学建模/1991/B题/1991 B The construction of a minimal-cost Steiner-tree 获奖作品.pdf,54d6f98059c88e6939efd1f12332c71f40072636945624e1ccb4c094bd25ef07
美国大学生数学建模,1991,B题,1991 B The construction of a minimal-cost Steiner-tree (中文)获奖作品.pdf,11,236764,False,6-1优秀论文库/美国大学生数学建模/1991/B题/1991 B The construction of a minimal-cost Steiner-tree (中文)获奖作品.pdf,c86e85aa88d107b5874b5ad891699c21d96b52f2d41a85af71b3f9a3453aca7f
美国大学生数学建模,1992,B题,特等奖（Word转PDF）.pdf,1,51676,True,6-1优秀论文库/美国大学生数学建模/1992/B题/特等奖（Word转PDF）.pdf,1e00c39a356b7f88945523cace685402d19c921d589c2e33ae882071f2a86469
美国大学生数学建模,1992,A题,1992 MCM A 空中交通控制雷达的功率问题 特等奖论文 教程（Word转PDF）.pdf,1,74208,True,6-1优秀论文库/美国大学生数学建模/1992/A题/1992 MCM A 空中交通控制雷达的功率问题 特等奖论文 教程（Word转PDF）.pdf,3a0fd11f485a7338e07f25d958fc56c1adf6589707a472d412d2db5319d17e77
美国大学生数学建模,1992,B题,1992 MCM B 应急电力修复系统的修复计划 特等奖论文 教程（Word转PDF）.pdf,1,80352,True,6-1优秀论文库/美国大学生数学建模/1992/B题/1992 MCM B 应急电力修复系统的修复计划 特等奖论文 教程（Word转PDF）.pdf,cd5b30b55a6f7af6e2ae39746dabf6dde3d471c36d01a2d01ad9be46bd80471c
美国大学生数学建模,1992,B题,s commentary the outstanding emergency power restoration papers获奖作品.pdf,3,62045,False,6-1优秀论文库/美国大学生数学建模/1992/B题/s commentary the outstanding emergency power restoration papers获奖作品.pdf,5d483095fe45f21c5463b64f1cccea24c1490b5ab813f2d29684c11468029ef4
美国大学生数学建模,1992,B题,1992 B Development of an emergency response system(中文)获奖作品.pdf,10,650414,False,6-1优秀论文库/美国大学生数学建模/1992/B题/1992 B Development of an emergency response system(中文)获奖作品.pdf,154b2a95147bcdf65b2cd6977fdbceefdacbc455799aee310f4d0351b1bfb2b5
美国大学生数学建模,1992,B题,1992 B J 应急电力修复系统的修复计划获奖作品.pdf,30,434187,False,6-1优秀论文库/美国大学生数学建模/1992/B题/1992 B J 应急电力修复系统的修复计划获奖作品.pdf,b6aaedbc92e755c35bcb56277953c3aeac06b568b08ca2c912aec514d2211fc5
美国大学生数学建模,1992,B题,1992 B Author’s Commentary  the outstanding emergency power restoration papers获奖作品.pdf,3,53629,False,6-1优秀论文库/美国大学生数学建模/1992/B题/1992 B Author’s Commentary  the outstanding emergency power restoration papers获奖作品.pdf,9ce3aa449c3c60d1dff8e2f465cad1ec41d2a424f6f0333aa0a0d837b1771495
美国大学生数学建模,1992,A题,1992 A When radar design specs are determined by marketing （中文）获奖作品.pdf,11,735172,False,6-1优秀论文库/美国大学生数学建模/1992/A题/1992 A When radar design specs are determined by marketing （中文）获奖作品.pdf,465bd4ffb98c19660bc7ab9a6e14bba51630a9eb97885f8b2cc1c607321357e1
美国大学生数学建模,1992,B题,1992 B Restoring power after storm to take months and millions获奖作品.pdf,5,80609,False,6-1优秀论文库/美国大学生数学建模/1992/B题/1992 B Restoring power after storm to take months and millions获奖作品.pdf,375d28734b97b02ece8ab6dad163f9b1ba94b7e710f2b1f744c39b7d7ad185cc
美国大学生数学建模,1992,B题,1992 B Development of an emergency response system获奖作品.pdf,12,178803,False,6-1优秀论文库/美国大学生数学建模/1992/B题/1992 B Development of an emergency response system获奖作品.pdf,4089d0c0c7867fdefa567bff64f32728003d1da649ee7ec791b6773e9be973ad
美国大学生数学建模,1993,B题,s commentary the outstanding coal tipple operations papers2获奖作品.pdf,2,45362,False,6-1优秀论文库/美国大学生数学建模/1993/B题/s commentary the outstanding coal tipple operations papers2获奖作品.pdf,9efbf67db141a5e7e6bd300cff1c7b46c32446f112104e11e4c6c2bfa7671d2b
美国大学生数学建模,1993,B题,1993年MCM B题模型解析（2）.PDF,7,154567,False,6-1优秀论文库/美国大学生数学建模/1993/B题/1993年MCM B题模型解析（2）.pdf,24b8902bc823952b12b5c34c1d00a9332777078d7d75eb9c738af6fee2a047e7
美国大学生数学建模,1993,B题,1993 B J 煤车装卸系统的优化操作获奖作品.PDF,7,155074,False,6-1优秀论文库/美国大学生数学建模/1993/B题/1993 B J 煤车装卸系统的优化操作获奖作品.pdf,e336ad352e886af8b4e5b345d523ddd5594b011b86ebb21710108ca1411c0438
美国大学生数学建模,1993,A题,1993 A J 通过数学建模解决混合物转化为有机肥最佳过程问题获奖作品.pdf,32,537100,False,6-1优秀论文库/美国大学生数学建模/1993/A题/1993 A J 通过数学建模解决混合物转化为有机肥最佳过程问题获奖作品.pdf,3a11ca4d5c53f23e1665c5787fd460429c17323602ec4adfb51dabbd8108ed87
美国大学生数学建模,1993,B题,1993 B J 倒煤台的操作方案获奖作品.pdf,17,252027,False,6-1优秀论文库/美国大学生数学建模/1993/B题/1993 B J 倒煤台的操作方案获奖作品.pdf,588d5a00619585eea7dd4a38f14ca2d523fd535c530acf5745b29f09e8d33499
美国大学生数学建模,1993,B题,1993 B Coal tipple operations 获奖作品.pdf,15,223155,False,6-1优秀论文库/美国大学生数学建模/1993/B题/1993 B Coal tipple operations 获奖作品.pdf,fd3ede2ad3e76286bdfebcd900148c6c9980ce05fa4a131e68639c154288705f
美国大学生数学建模,1993,B题,s commentary the outstanding coal tipple operations papers获奖作品.pdf,2,49489,False,6-1优秀论文库/美国大学生数学建模/1993/B题/s commentary the outstanding coal tipple operations papers获奖作品.pdf,92c7680f8a43ccd91192b4a3428799d469559fabfe244811ba2d9507d22e702a
美国大学生数学建模,1993,A题,s special compost （中文）获奖作品.pdf,8,491534,False,6-1优秀论文库/美国大学生数学建模/1993/A题/s special compost （中文）获奖作品.pdf,042edc02cf7e86ff3db9688ba800f8d458ca4d6bed519de9ccb37673f0e2f02c
美国大学生数学建模,1993,B题,"1993 B Coal tipple operations, or Why we hate Thursdays(中文)获奖作品.pdf",8,503262,False,"6-1优秀论文库/美国大学生数学建模/1993/B题/1993 B Coal tipple operations, or Why we hate Thursdays(中文)获奖作品.pdf",32a377f448baf20e6d34d9485752254d0b8a4b9dba94c93827b2f07d3f6507cb
美国大学生数学建模,1993,B题,1993 MCM B 倒煤台的操作方案 特等奖论文 教程（Word转PDF）.pdf,1,74383,True,6-1优秀论文库/美国大学生数学建模/1993/B题/1993 MCM B 倒煤台的操作方案 特等奖论文 教程（Word转PDF）.pdf,b344aec94d4862c64748fe21c43674a37e70020f2b6b538597c4ed63dd369c67
美国大学生数学建模,1993,B题,特等奖（Word转PDF）.pdf,1,33713,True,6-1优秀论文库/美国大学生数学建模/1993/B题/特等奖（Word转PDF）.pdf,607602d8f89e40ed2b0dae62ce8e86fcd8d557e506e7d30d27112daacc9782d4
美国大学生数学建模,1993,A题,1993 MCM A 加速餐厅剩菜堆肥的生成 特等奖论文 教程（Word转PDF）.pdf,1,82387,True,6-1优秀论文库/美国大学生数学建模/1993/A题/1993 MCM A 加速餐厅剩菜堆肥的生成 特等奖论文 教程（Word转PDF）.pdf,4271690e86c23433541cffe6e9865a5585c0ccb0c8c1ba35ab22fcff8fbde792
美国大学生数学建模,1994,B题,1994 B Talking fast finding the makespan of a communications network获奖作品.pdf,9,189485,False,6-1优秀论文库/美国大学生数学建模/1994/B题/1994 B Talking fast finding the makespan of a communications network获奖作品.pdf,42b9b4c4238b5e4a30e6c05775714031da15f9cc1101e6061df4cf8721668c69
美国大学生数学建模,1994,B题,s commentary the outstanding communications network papers获奖作品.pdf,3,60419,False,6-1优秀论文库/美国大学生数学建模/1994/B题/s commentary the outstanding communications network papers获奖作品.pdf,6f7f358917bfe9fefbce7ac5f312553bef3d720ff66b574fff51ccdfe271e6c7
美国大学生数学建模,1994,B题,1994年MCM B题模型解析（1）.pdf,12,368468,False,6-1优秀论文库/美国大学生数学建模/1994/B题/1994年MCM B题模型解析（1）.pdf,4b17c1b0199c134d42f47b07596e50eaa51a1c018941709fa44464e51adde60f
美国大学生数学建模,1994,B题,AMCM1994B（Word转PDF）.pdf,3,120986,True,6-1优秀论文库/美国大学生数学建模/1994/B题/AMCM1994B（Word转PDF）.pdf,9323ba6496f92ff801df4e17e49ebdddc210b1aff2bd312a5ce41e89d02e678a
美国大学生数学建模,1994,B题,1994 B J 计算机网络的最短传输时间获奖作品.pdf,12,382544,False,6-1优秀论文库/美国大学生数学建模/1994/B题/1994 B J 计算机网络的最短传输时间获奖作品.pdf,4c356cf4a75b408bdf55c125b75a59056c9ee9f10d041eaf94da56c19ef20d51
美国大学生数学建模,1994,A题,1994 A Innovative heating techniques(中文).获奖作品.pdf,12,476468,False,6-1优秀论文库/美国大学生数学建模/1994/A题/1994 A Innovative heating techniques(中文).获奖作品.pdf,bdffd45bb4a47fa1d5eb06501b536e3097672c9c4d0a244e9dbbfb7d5cbbad85
美国大学生数学建模,1994,B题,1994 MCM B （Word转PDF）.pdf,2,60744,True,6-1优秀论文库/美国大学生数学建模/1994/B题/1994 MCM B （Word转PDF）.pdf,086bbcc56b2fa8787af2a46eac1bc3b9e5ea21705590e0804b271eac32856b0d
美国大学生数学建模,1994,A题,s commentary  the outstanding concrete slab paper （中文）获奖作品.pdf,5,212930,False,6-1优秀论文库/美国大学生数学建模/1994/A题/s commentary  the outstanding concrete slab paper （中文）获奖作品.pdf,23c88860fe87214f4b00cd181db286c609d78aaa27e7570b2aa05e6ef2c974e3
美国大学生数学建模,1994,B题,1994 B Synchronizing file transfers in a computer network（中文）获奖作品.pdf,19,774751,False,6-1优秀论文库/美国大学生数学建模/1994/B题/1994 B Synchronizing file transfers in a computer network（中文）获奖作品.pdf,9bc707053233b58fe608dc45efcaa93628a08183bd2a8df31f4f58686939601b
美国大学生数学建模,1994,B题,1994 B M 信息传递最少用时的数学模型获奖作品.pdf,10,143610,False,6-1优秀论文库/美国大学生数学建模/1994/B题/1994 B M 信息传递最少用时的数学模型获奖作品.pdf,aa28f2bbbb861218dd8c37043db5701eee31676e103e1413ce3b8aa1b67b2618
美国大学生数学建模,1994,B题,1994 B M 计算机网络的最小接通时间获奖作品.pdf,18,246897,False,6-1优秀论文库/美国大学生数学建模/1994/B题/1994 B M 计算机网络的最小接通时间获奖作品.pdf,f2f0a462511c0f50d35825e68e8570c0f33d27e440faa1697f980d38fce0dbe2
美国大学生数学建模,1994,A题,特等奖（Word转PDF）.pdf,1,44864,True,6-1优秀论文库/美国大学生数学建模/1994/A题/特等奖（Word转PDF）.pdf,ca20677a71bf5bb31af448729513b6d5369facfb757f6113feeafc8dcf0eb33d
美国大学生数学建模,1994,A题,1994 MCM A 住宅的保温 特等奖论文 教程（Word转PDF）.pdf,1,73885,True,6-1优秀论文库/美国大学生数学建模/1994/A题/1994 MCM A 住宅的保温 特等奖论文 教程（Word转PDF）.pdf,0b78331f36731ca77298c856468c76fd449f25b34fee1f406ed5218584a06857
美国大学生数学建模,1994,B题,s commentary  finding makespans is NP-complete 获奖作品.pdf,4,103041,False,6-1优秀论文库/美国大学生数学建模/1994/B题/s commentary  finding makespans is NP-complete 获奖作品.pdf,0391bf40ac9e0929c4cf9e514ef940871b58f06cd03439286d357e35b8bef1b3
美国大学生数学建模,1995,B题,1995 B L 工资调整系统获奖作品.pdf,14,260772,False,6-1优秀论文库/美国大学生数学建模/1995/B题/1995 B L 工资调整系统获奖作品.pdf,feb98b17499ec2296535d1108cf6c0a3cdde2574172737860853ab3210c8eb7f
美国大学生数学建模,1995,B题,1（Word转PDF）.pdf,2,72508,True,6-1优秀论文库/美国大学生数学建模/1995/B题/1（Word转PDF）.pdf,3a69e7b746fe68af0d3398f69784477c3af45f9a854ee985e87cb76f9f6a5ede
美国大学生数学建模,1995,A题,1995 A JC 单个的螺旋线获奖作品.pdf,13,764661,False,6-1优秀论文库/美国大学生数学建模/1995/A题/1995 A JC 单个的螺旋线获奖作品.pdf,708302db093a1533809ad349b41f945da2171e879a6ddd0d8b029257e0bb00de
美国大学生数学建模,1995,A题,1995 A O A Specialized Root-Finding Method获奖作品.pdf,16,1343881,False,6-1优秀论文库/美国大学生数学建模/1995/A题/1995 A O A Specialized Root-Finding Method获奖作品.pdf,1e18ad9ace856056431c50f7ee95a7ce2da244a1377b8f9ba6d89cbf360bd92a
美国大学生数学建模,1995,B题,1995 B O The World’s Most Complicated Payroll获奖作品.pdf,12,330102,False,6-1优秀论文库/美国大学生数学建模/1995/B题/1995 B O The World’s Most Complicated Payroll获奖作品.pdf,1ac8c0901d98df2400efbc9b39c9e84c1e4cb0afd85a162cd3188392088012ec
美国大学生数学建模,1995,A题,1995 A O Planes and Helices获奖作品.pdf,14,535496,False,6-1优秀论文库/美国大学生数学建模/1995/A题/1995 A O Planes and Helices获奖作品.pdf,ba4050f7364738b7f58ce46525fe68ecd7630a70917686af820a913420f7e437
美国大学生数学建模,1995,A题,1995 A O The Single Helix获奖作品.pdf,12,326689,False,6-1优秀论文库/美国大学生数学建模/1995/A题/1995 A O The Single Helix获奖作品.pdf,d78e3b0fd2274efbbae5096862995ab2263dcdecc2e2b5b21ccae5785383ece3
美国大学生数学建模,1995,A题,1995 A J 螺旋线的交点获奖作品.pdf,16,606159,False,6-1优秀论文库/美国大学生数学建模/1995/A题/1995 A J 螺旋线的交点获奖作品.pdf,9f290307dcfa7774c2c730b618ed067bfd3caec2eb7da7edf642056182acf19e
美国大学生数学建模,1995,B题,1995 B H 学院教师的付薪方案2获奖作品.pdf,16,376248,False,6-1优秀论文库/美国大学生数学建模/1995/B题/1995 B H 学院教师的付薪方案2获奖作品.pdf,f9268fc855f2d12dfbfb0ddc62d042f544d1b25fc643cc9b8f5bd1dac087af9f
美国大学生数学建模,1995,A题,s Commentary  The Outstanding Helix Intersections Papers获奖作品.pdf,4,30727,False,6-1优秀论文库/美国大学生数学建模/1995/A题/s Commentary  The Outstanding Helix Intersections Papers获奖作品.pdf,aab69e9ae3b09e2ae94cd793e650ec3714f61f372f9ca86ad6075b06617a7382
美国大学生数学建模,1995,A题,AMCM（Word转PDF）.pdf,1,76718,True,6-1优秀论文库/美国大学生数学建模/1995/A题/AMCM（Word转PDF）.pdf,06f5667b3f8fdfabba5fb0fcfabd1f52c9f68b859d7dfb8e606fd6eed3fedd36
美国大学生数学建模,1995,B题,1995 B L 教员工资分配调整方案获奖作品.pdf,18,1872168,False,6-1优秀论文库/美国大学生数学建模/1995/B题/1995 B L 教员工资分配调整方案获奖作品.pdf,78c1ac51df342aa915d0fbf3b45cf1ee279554c0326f87b5ef319faa8119a870
美国大学生数学建模,1995,B题,s Commentary The Outstanding Faculty Salaries Papers获奖作品.pdf,2,28165,False,6-1优秀论文库/美国大学生数学建模/1995/B题/s Commentary The Outstanding Faculty Salaries Papers获奖作品.pdf,861e00265d3d267e30521af14093dc0d11eb3d6e3187602e8ed7de1522873a19
美国大学生数学建模,1995,A题,1995年MCM A题模型解析（1）.pdf,16,587354,False,6-1优秀论文库/美国大学生数学建模/1995/A题/1995年MCM A题模型解析（1）.pdf,2bbcb48c0e98aaa32d785486063d9823f0fa0e3e1b019175be277890189823af
美国大学生数学建模,1995,B题,1995 B O Long-Term and Transient Pay Scale for College Faculty获奖作品.pdf,10,309239,False,6-1优秀论文库/美国大学生数学建模/1995/B题/1995 B O Long-Term and Transient Pay Scale for College Faculty获奖作品.pdf,309b6fe2db284f8456e54a03717073611d955c7dae0f794b2a8279335bf1b7d0
美国大学生数学建模,1995,B题,1995 B O Paying Professors What They’re Worth获奖作品.pdf,16,587922,False,6-1优秀论文库/美国大学生数学建模/1995/B题/1995 B O Paying Professors What They’re Worth获奖作品.pdf,dda47da2fc30502881382590122f96cc65bae99b2889a4947b775e7e2d30c700
美国大学生数学建模,1995,A题,s Commentary The Outstanding Helix Intersections Papers获奖作品.pdf,1,22633,False,6-1优秀论文库/美国大学生数学建模/1995/A题/s Commentary The Outstanding Helix Intersections Papers获奖作品.pdf,eac9fb759ebdf3928423ee00d35aae42db1bab9c70a1fe60c9079193887c0fee
美国大学生数学建模,1995,B题,AMCM95题（Word转PDF）.pdf,2,84604,True,6-1优秀论文库/美国大学生数学建模/1995/B题/AMCM95题（Word转PDF）.pdf,6264cba9c23e871aecf688a20a8f08d33205dde03f89110ba14e1a4464b63cdb
美国大学生数学建模,1995,A题,1995年MCM A题模型解析（2）.pdf,13,764174,False,6-1优秀论文库/美国大学生数学建模/1995/A题/1995年MCM A题模型解析（2）.pdf,1c8e40d725137e6270fb15eef23176691cc7513586bf5882df7d6fbf7f71382d
美国大学生数学建模,1995,A题,1995 A C Author’s Commentary The Outstanding Helix Intersections Papers获奖作品.pdf,2,37226,False,6-1优秀论文库/美国大学生数学建模/1995/A题/1995 A C Author’s Commentary The Outstanding Helix Intersections Papers获奖作品.pdf,f141fd5135e87791c1e7a225a0955d22c4a9d1295160c44f9a661c617a2c14dc
美国大学生数学建模,1995,B题,1995 B J 工资调整方案.获奖作品.pdf,20,1301392,False,6-1优秀论文库/美国大学生数学建模/1995/B题/1995 B J 工资调整方案.获奖作品.pdf,dee64ad4d4feda46d89e1c732904dabc56f3006ff5c447b771fa99c2d41a7a0c
美国大学生数学建模,1995,A题,1（Word转PDF）.pdf,1,66710,True,6-1优秀论文库/美国大学生数学建模/1995/A题/1（Word转PDF）.pdf,df76af8996bcf1ef5d96bedcf675aefde6e80022ad8812b94bb173e008ab3251
美国大学生数学建模,1996,A题,1996 A O How to Locate a Submarine获奖作品.pdf,14,282419,False,6-1优秀论文库/美国大学生数学建模/1996/A题/1996 A O How to Locate a Submarine获奖作品.pdf,68ec38feff90ef155f427e994e5e890de2318cae7d9f5a372c4a064bb1e5bb2a
美国大学生数学建模,1996,B题,1996 B O Select the Winners Fast获奖作品.pdf,12,655560,False,6-1优秀论文库/美国大学生数学建模/1996/B题/1996 B O Select the Winners Fast获奖作品.pdf,9e21fab61b4ca3de2f5cda528eff47c6b04c213d67f0b8f3fa8311f031ba0af7
美国大学生数学建模,1996,A题,AMCM96问题（Word转PDF）.pdf,1,52637,True,6-1优秀论文库/美国大学生数学建模/1996/A题/AMCM96问题（Word转PDF）.pdf,ef197088919a03fd236dc64e8100dd0f0e3c52a864e1e1668f1feb0ecde3d67c
美国大学生数学建模,1996,B题,1996 B O Judging a Mathematics Contest获奖作品.pdf,8,271386,False,6-1优秀论文库/美国大学生数学建模/1996/B题/1996 B O Judging a Mathematics Contest获奖作品.pdf,de6dad93c6aa33b6299cf860b4db84db5b7ae83e1da7ff572f27c8504416ca49
美国大学生数学建模,1996,B题,1996 B J Judge’s Commentary The Outstanding Contest Judging Papers A获奖作品.pdf,2,53681,False,6-1优秀论文库/美国大学生数学建模/1996/B题/1996 B J Judge’s Commentary The Outstanding Contest Judging Papers A获奖作品.pdf,2953079ceaf4d4cd472f02a175c2b670979f532b57617b59851fc4501e84a807
美国大学生数学建模,1996,B题,1996年MCM B题模型解析.pdf,19,763102,False,6-1优秀论文库/美国大学生数学建模/1996/B题/1996年MCM B题模型解析.pdf,0da5f2037d23ea8a7d3f14b93105ddc74982336b963e00ec080188866d5cf933
美国大学生数学建模,1996,B题,s Commentary  Computer Support for The MCM获奖作品.pdf,4,73826,False,6-1优秀论文库/美国大学生数学建模/1996/B题/s Commentary  Computer Support for The MCM获奖作品.pdf,00e4408865477e4fd9557115427444be4bbe965e4d0981437b3ef41641e6d0ac
美国大学生数学建模,1996,B题,1996 B O The Inconsistent Judge获奖作品.pdf,8,384548,False,6-1优秀论文库/美国大学生数学建模/1996/B题/1996 B O The Inconsistent Judge获奖作品.pdf,01060d40428196f790a8fddf7ddbd38334a000c5d796c38b210726b30efde6d9
美国大学生数学建模,1996,A题,1996 A O Detection of a Silent Submarine获奖作品.pdf,14,166210,False,6-1优秀论文库/美国大学生数学建模/1996/A题/1996 A O Detection of a Silent Submarine获奖作品.pdf,dde16729a8a174bb13a7800cc279b0f9673073b0606406b4847c8f75dbe0bf41
美国大学生数学建模,1996,B题,1996 B Judge’s Commentary The Outstanding Contest Judging Papers B获奖作品.pdf,2,35620,False,6-1优秀论文库/美国大学生数学建模/1996/B题/1996 B Judge’s Commentary The Outstanding Contest Judging Papers B获奖作品.pdf,cad6d0fbfc25ebd5c0998138f3454e806012cb2d4d139104048922f0c7f69baf
美国大学生数学建模,1996,A题,1996 A O Imaging Underwater Objects with Ambient Noise获奖作品.pdf,18,426504,False,6-1优秀论文库/美国大学生数学建模/1996/A题/1996 A O Imaging Underwater Objects with Ambient Noise获奖作品.pdf,2b9e720891d2357843a4a6b71153e1b9143ec1bd5352b1ca8f85455aad755900
美国大学生数学建模,1996,A题,1996 A O Gone Fishin获奖作品.pdf,20,271323,False,6-1优秀论文库/美国大学生数学建模/1996/A题/1996 A O Gone Fishin获奖作品.pdf,2ad6689471bdec9b6d6c2d51b13048699a2685f2055393b4fec36af4e77dfae1
美国大学生数学建模,1996,B题,1996 B O The Paper Selection Scheme Simulation Analysis获奖作品.pdf,16,432193,False,6-1优秀论文库/美国大学生数学建模/1996/B题/1996 B O The Paper Selection Scheme Simulation Analysis获奖作品.pdf,67fbc1714db59c315c43a52cf07b11705fcd860ee8124c4721bb89a6e1c1e499
美国大学生数学建模,1996,A题,1996 A J 潜艇探测问题获奖作品.pdf,30,1595147,False,6-1优秀论文库/美国大学生数学建模/1996/A题/1996 A J 潜艇探测问题获奖作品.pdf,d0af17fff7f85285e6cc5f3c318bf43527a2c6a5e384ac9380bac003e553cbc6
美国大学生数学建模,1996,A题,1996 A J The Outstanding Helix Intersections Papers获奖作品.pdf,4,46491,False,6-1优秀论文库/美国大学生数学建模/1996/A题/1996 A J The Outstanding Helix Intersections Papers获奖作品.pdf,cd83bcdc7cfe7123927ba22fe2e3ef0d157a6e4d7c16f9ea73b5b6ca00f28aee
美国大学生数学建模,1996,B题,1（Word转PDF）.pdf,2,75294,True,6-1优秀论文库/美国大学生数学建模/1996/B题/1（Word转PDF）.pdf,16679c5fad56ecfc25bfe9d496579b3d4ff3ac9614c835e48cd81d77ad6444ef
美国大学生数学建模,1996,B题,1996 B M 竞赛评判问题获奖作品.pdf,10,1166387,False,6-1优秀论文库/美国大学生数学建模/1996/B题/1996 B M 竞赛评判问题获奖作品.pdf,cf3bc0a9e7cd7e5435094b5fa22fd38ef8baaf07d4392de1b89fe7d1cca6b581
美国大学生数学建模,1996,B题,1996 B JC 竞赛评卷仿真获奖作品.pdf,56,825777,False,6-1优秀论文库/美国大学生数学建模/1996/B题/1996 B JC 竞赛评卷仿真获奖作品.pdf,dd6c3f5044ce294964c8067770ac549a6fc286aa2bd3b93e40cfaf87ec5fbc47
美国大学生数学建模,1996,B题,1996 B O Modeling Better Modeling Judges获奖作品.pdf,10,345798,False,6-1优秀论文库/美国大学生数学建模/1996/B题/1996 B O Modeling Better Modeling Judges获奖作品.pdf,7979086b0823f2b16e5f8e717a4fc8c978c34d3f66434c18a7c9f56e5bf0f16c
美国大学生数学建模,1996,B题,1996 B J The Outstanding Contest Judging Papers B获奖作品.pdf,2,250293,False,6-1优秀论文库/美国大学生数学建模/1996/B题/1996 B J The Outstanding Contest Judging Papers B获奖作品.pdf,077fc76ade0f46f0385b84138cc9899fa5a7e10add274de0a1b1ac7de9611d3c
美国大学生数学建模,1996,B题,1996 B J The Outstanding Contest Judging Papers A获奖作品.pdf,2,261349,False,6-1优秀论文库/美国大学生数学建模/1996/B题/1996 B J The Outstanding Contest Judging Papers A获奖作品.pdf,2e92ef2bba8d6d0711d98cd7cae92ea527aa03494c531a7c5ea164f204a56a2a
美国大学生数学建模,1996,B题,AMCM96问1（Word转PDF）.pdf,1,73499,True,6-1优秀论文库/美国大学生数学建模/1996/B题/AMCM96问1（Word转PDF）.pdf,08131daebd7647e0b2f6fae751696cb2298a8e6e8a2c22c77bb43a847fdd5eec
美国大学生数学建模,1996,B题,1996 B JC 竞赛择优问题获奖作品.pdf,9,328901,False,6-1优秀论文库/美国大学生数学建模/1996/B题/1996 B JC 竞赛择优问题获奖作品.pdf,b4813223cbaa17bfbf7599bbbd132f6d028b60bec3395aa52b3552cb005c5456
美国大学生数学建模,1996,B题,1996 B J 竞赛择优问题获奖作品.pdf,19,785437,False,6-1优秀论文库/美国大学生数学建模/1996/B题/1996 B J 竞赛择优问题获奖作品.pdf,b21d675bd363656e3382cadb507a3b9821e642e3b1072b26ad4dfc9cb2b82110
美国大学生数学建模,1996,A题,1（Word转PDF）.pdf,1,67492,True,6-1优秀论文库/美国大学生数学建模/1996/A题/1（Word转PDF）.pdf,b6e77a56656333b043af8f3f35a148a17b4846ef95bcafa56d5e0748f7090b51
美国大学生数学建模,1996,B题,1996 B M 快速评卷的方案设计获奖作品.pdf,14,267211,False,6-1优秀论文库/美国大学生数学建模/1996/B题/1996 B M 快速评卷的方案设计获奖作品.pdf,59e0ffa0aca115402e61bb9ca44584d36923451af4943e1b5c2ee5a226447787
美国大学生数学建模,1996,A题,1996 A M 利用环境噪声场探测无自噪声潜艇获奖作品.pdf,37,567557,False,6-1优秀论文库/美国大学生数学建模/1996/A题/1996 A M 利用环境噪声场探测无自噪声潜艇获奖作品.pdf,8d2794bbaa0db15df5669f1b2052d2fd0db0a60d82ef0d6242c9d63032092baa
美国大学生数学建模,1997,A题,1997 A O Lunch on the Run获奖作品.pdf,22,487689,False,6-1优秀论文库/美国大学生数学建模/1997/A题/1997 A O Lunch on the Run获奖作品.pdf,7454edf162557b3778447c1921ee3bdcab584eeb66aa98af9afd23c0444862ab
美国大学生数学建模,1997,B题,1997 B J Judge’s Commentary The Outstanding Discussion Groups Papers获奖作品.pdf,4,37805,False,6-1优秀论文库/美国大学生数学建模/1997/B题/1997 B J Judge’s Commentary The Outstanding Discussion Groups Papers获奖作品.pdf,1d91c5aab038c9ec65e6e61524d4812fd4e7bfa4c905b038dbdbb100643752e4
美国大学生数学建模,1997,B题,1997 B M 有效讨论的最优混合解获奖作品.pdf,25,410741,False,6-1优秀论文库/美国大学生数学建模/1997/B题/1997 B M 有效讨论的最优混合解获奖作品.pdf,0bcf99f146783819cc8b17626f2b26f9bd079089b8bd47bf3a191c0b18adac25
美国大学生数学建模,1997,A题,1997 A J 恐龙捕食问题获奖作品.pdf,21,1675260,False,6-1优秀论文库/美国大学生数学建模/1997/A题/1997 A J 恐龙捕食问题获奖作品.pdf,020ad0f3e0da2c794b4978bc779100a33546484a6c871974ee40a64f362e99d3
美国大学生数学建模,1997,B题,特等奖（Word转PDF）.pdf,2,70621,True,6-1优秀论文库/美国大学生数学建模/1997/B题/特等奖（Word转PDF）.pdf,715425afb6564dcef2faac8381d0baeeed2f85cff36e112ad100e61b5ce51b75
美国大学生数学建模,1997,B题,1997 B O Using Simulated Annealing获奖作品.pdf,14,504586,False,6-1优秀论文库/美国大学生数学建模/1997/B题/1997 B O Using Simulated Annealing获奖作品.pdf,2da550ff86e9c5be1f3c9c7c0775f7e3cbc6f709aed6b0b5188a2d0bdd8b59f7
美国大学生数学建模,1997,A题,1997 A H 恐龙的追逐捕食模型获奖作品.pdf,17,262714,False,6-1优秀论文库/美国大学生数学建模/1997/A题/1997 A H 恐龙的追逐捕食模型获奖作品.pdf,5a180bc57955d4f9de975fb5383557598814a21c343da615e4663c4810a2d027
美国大学生数学建模,1997,B题,1997年MCM B题论文解析.pdf,16,565118,False,6-1优秀论文库/美国大学生数学建模/1997/B题/1997年MCM B题论文解析.pdf,10ba6f65dd1dddf0cee17bd625190de93a088fbfd6b72b0a9f16baa7e52ad41b
美国大学生数学建模,1997,A题,AMCM97问题（Word转PDF）.pdf,1,80021,True,6-1优秀论文库/美国大学生数学建模/1997/A题/AMCM97问题（Word转PDF）.pdf,8fc79de4bfe8a4ae09a519430cda9d00f88fdfa9d7f5183d01a29189d95d7964
美国大学生数学建模,1997,A题,1997 A J The Outstanding Velociraptor Papers获奖作品.pdf,3,447833,False,6-1优秀论文库/美国大学生数学建模/1997/A题/1997 A J The Outstanding Velociraptor Papers获奖作品.pdf,bb85adc897392a5ea916c8fd704fa6ba0c080cfb2a4396245f2cb35d44ac28fa
美国大学生数学建模,1997,B题,1997 B O A Greedy Algorithm for Solving Meeting Mixing Problems获奖作品.pdf,12,339879,False,6-1优秀论文库/美国大学生数学建模/1997/B题/1997 B O A Greedy Algorithm for Solving Meeting Mixing Problems获奖作品.pdf,f462579f5838f6574a7db951aec931265e45450b25a40370d2359dd88fbb68a8
美国大学生数学建模,1997,B题,1997 B J The Outstanding Discussion Groups Papers获奖作品.pdf,4,245810,False,6-1优秀论文库/美国大学生数学建模/1997/B题/1997 B J The Outstanding Discussion Groups Papers获奖作品.pdf,4af9b38e7c32872cbc1743be64a2b0849342f19f9f153141c66b3f8579734877
美国大学生数学建模,1997,A题,1997 A O Modeling Optimal Predator and Prey Strategies获奖作品.pdf,12,537666,False,6-1优秀论文库/美国大学生数学建模/1997/A题/1997 A O Modeling Optimal Predator and Prey Strategies获奖作品.pdf,0959e861380534713c25a766089bda47ae8eca5e1b3d68604c52d6ab74e39b7f
美国大学生数学建模,1997,A题,1997 A O Pursuit–Evasion Games in the Late Cretaceous获奖作品.pdf,34,880657,False,6-1优秀论文库/美国大学生数学建模/1997/A题/1997 A O Pursuit–Evasion Games in the Late Cretaceous获奖作品.pdf,38a66fc28908f392fc05a9cc6400b914c280b76c59335b99419b5ef74eeccf71
美国大学生数学建模,1997,A题,1（Word转PDF）.pdf,2,67959,True,6-1优秀论文库/美国大学生数学建模/1997/A题/1（Word转PDF）.pdf,3613ef966b5d95ceec26bb578150d58da7c70daac66c3b1426852f797223c8fa
美国大学生数学建模,1997,A题,1997 A O The Geometry and the Game Theory of Chases获奖作品.pdf,18,360654,False,6-1优秀论文库/美国大学生数学建模/1997/A题/1997 A O The Geometry and the Game Theory of Chases获奖作品.pdf,28eed17ce3ad7b659e894e9f2448b6380073138f78554722123acfde79fb92ea
美国大学生数学建模,1997,B题,1997 B J 会议分组安排获奖作品.pdf,16,583926,False,6-1优秀论文库/美国大学生数学建模/1997/B题/1997 B J 会议分组安排获奖作品.pdf,aa278d2c39552b87a8fd6c19fa55f1741b04511c0d5a025a1fb982d1bb9ce54a
美国大学生数学建模,1997,B题,1997 B P The Outstanding Discussion Groups Papers获奖作品.pdf,4,246992,False,6-1优秀论文库/美国大学生数学建模/1997/B题/1997 B P The Outstanding Discussion Groups Papers获奖作品.pdf,31a9f2ac9c412a7719c763fc9314ba50390da98658b9769ed18618b09d07b359
美国大学生数学建模,1997,A题,1997 A O A Three-Phase Model for Predator–Prey Analysis获奖作品.pdf,16,370564,False,6-1优秀论文库/美国大学生数学建模/1997/A题/1997 A O A Three-Phase Model for Predator–Prey Analysis获奖作品.pdf,5d03c01a8a1e8a8b2c1760eb723f32f5b4122f3c73b267a6cc515b21002f3271
美国大学生数学建模,1997,B题,1997 B O Meetings Bloody Meetings获奖作品.pdf,10,564984,False,6-1优秀论文库/美国大学生数学建模/1997/B题/1997 B O Meetings Bloody Meetings获奖作品.pdf,1f0a79f768dc77a95c39681e3e55067ea4e941bb1920056b7a144c74fca60501
美国大学生数学建模,1997,B题,AMCM97问1（Word转PDF）.pdf,2,73658,True,6-1优秀论文库/美国大学生数学建模/1997/B题/AMCM97问1（Word转PDF）.pdf,9b5b4473c0bd5e2ec22651cc5075b101a45982091cda00f771fd682aa7f612db
美国大学生数学建模,1997,B题,1997 B M The Well-Mixed Assignments获奖作品.pdf,91,1007066,False,6-1优秀论文库/美国大学生数学建模/1997/B题/1997 B M The Well-Mixed Assignments获奖作品.pdf,523554864765b24bfd8ec6e7df7587902f9ff4b7067753de59eda5a6e8e7639f
美国大学生数学建模,1997,B题,1997 B O An Assignment Model for Fruitful Discussions获奖作品.pdf,24,426436,False,6-1优秀论文库/美国大学生数学建模/1997/B题/1997 B O An Assignment Model for Fruitful Discussions获奖作品.pdf,39821806e4c37c8754beeb06918bcc6411f80f4b64990fcdb16d931356149713
美国大学生数学建模,1997,A题,1997年MCM A题论文解析.pdf,21,1648783,False,6-1优秀论文库/美国大学生数学建模/1997/A题/1997年MCM A题论文解析.pdf,8ae7dd4e1b1fe39172ddd8615b3af459ef3350d55bfb99083967c54213fcd6f8
美国大学生数学建模,1998,A题,1998 A O A Method for Taking Cross Sections of Three-Dimensional Gridded Data获奖作品.pdf,12,921523,False,6-1优秀论文库/美国大学生数学建模/1998/A题/1998 A O A Method for Taking Cross Sections of Three-Dimensional Gridded Data获奖作品.pdf,092f8a5af40412a633c292855f2b7fc8c5f9f78ada84c15507ae09bb73cb2d40
美国大学生数学建模,1998,B题,AMCM98问1（Word转PDF）.pdf,1,63793,True,6-1优秀论文库/美国大学生数学建模/1998/B题/AMCM98问1（Word转PDF）.pdf,8d6d42a97226c2ccb7b3e20a3f9d5363214065c469c4ff00a0758a8e1a09b191
美国大学生数学建模,1998,A题,s Commentary The Outstanding Scanner Papers2获奖作品.pdf,2,129451,False,6-1优秀论文库/美国大学生数学建模/1998/A题/s Commentary The Outstanding Scanner Papers2获奖作品.pdf,64a400bb45929f4342b2efb2827e643528a2f58765bb7aa30e804f3abc6158a4
美国大学生数学建模,1998,B题,1（Word转PDF）.pdf,1,64065,True,6-1优秀论文库/美国大学生数学建模/1998/B题/1（Word转PDF）.pdf,bbce858acf0a01eb72c594c0d6552e264f861fccb50a0766ef56944387179a92
美国大学生数学建模,1998,B题,1998年MCM B题解析.pdf,11,522210,False,6-1优秀论文库/美国大学生数学建模/1998/B题/1998年MCM B题解析.pdf,042d006d61fc4fc7f7bab4788b7837248aec33ccd0e58a35d6098ccd4f411014
美国大学生数学建模,1998,B题,s Commentary The Outstanding Grade Inflation Papers获奖作品.pdf,6,149806,False,6-1优秀论文库/美国大学生数学建模/1998/B题/s Commentary The Outstanding Grade Inflation Papers获奖作品.pdf,18301af2c06de3691e4b41c4079829a2fbdc2688f4bab98ebbdd52c2c5e3ecf2
美国大学生数学建模,1998,A题,1998 A MRI切片成像 白其峥 （数学建模案例分析）获奖作品.pdf,9,935391,False,6-1优秀论文库/美国大学生数学建模/1998/A题/1998 A MRI切片成像 白其峥 （数学建模案例分析）获奖作品.pdf,f1d3bee35a7f42e97d05c551968c4d903cdbace629d84e5e74c50112cede1461
美国大学生数学建模,1998,A题,AMCM98问题（Word转PDF）.pdf,2,86301,True,6-1优秀论文库/美国大学生数学建模/1998/A题/AMCM98问题（Word转PDF）.pdf,d7e6d8ad19d48774f807134abffaabe1d3bee95c567302fb21e4e5b0672f6918
美国大学生数学建模,1998,A题,1998 A J 扫描问题 唐云获奖作品.pdf,57,6496913,False,6-1优秀论文库/美国大学生数学建模/1998/A题/1998 A J 扫描问题 唐云获奖作品.pdf,64d134f8e1fab55472d9fd5a22b6c0d5fc3b8b1e65d439c2412b78fad313ec4c
美国大学生数学建模,1998,A题,1998 A M A Quick Algorithm for MRI Proble获奖作品m.pdf,17,591649,False,6-1优秀论文库/美国大学生数学建模/1998/A题/1998 A M A Quick Algorithm for MRI Proble获奖作品m.pdf,ed6d60d70c206d49f7315189253b4ac434060e014e174698500f49d4d8ab8205
美国大学生数学建模,1998,A题,1998年MCM、ICM特等奖.pdf,29,527400,False,6-1优秀论文库/美国大学生数学建模/1998/A题/1998年MCM、ICM特等奖.pdf,eb20eb6d35089f3dfa3d43bf1a09fdf1a1f5d06a65c5f4779565b9de842e5d9e
美国大学生数学建模,1998,B题,1998 B O A Case for Stricter Grading获奖作品.pdf,16,340270,False,6-1优秀论文库/美国大学生数学建模/1998/B题/1998 B O A Case for Stricter Grading获奖作品.pdf,58a441f1e2e06be20f8007bb0d4b4a1bbabb207299fd9476e56358d7aab901c2
美国大学生数学建模,1998,B题,1998 B J 分数贬值问题 俞文此获奖作品.pdf,11,536047,False,6-1优秀论文库/美国大学生数学建模/1998/B题/1998 B J 分数贬值问题 俞文此获奖作品.pdf,d583fc38507315c96e4fa052423c218b05e6fbea1637e2c0fb517181739651ad
美国大学生数学建模,1998,B题,1998 B O Alternatives to the Grade Point Average获奖作品.pdf,20,513508,False,6-1优秀论文库/美国大学生数学建模/1998/B题/1998 B O Alternatives to the Grade Point Average获奖作品.pdf,816eeb7efd56a0c8c41f5e1e1aca9b093745eb17b578361859ba30ee8821cf51
美国大学生数学建模,1998,A题,1998 A M Image Reconstruction in MRI获奖作品.pdf,19,640171,False,6-1优秀论文库/美国大学生数学建模/1998/A题/1998 A M Image Reconstruction in MRI获奖作品.pdf,42866550a0b60e7c0d203ce2477c43eb155e8e860ddc550db431c3a8d2967d09
美国大学生数学建模,1998,A题,1998年MCM A题论文解析.pdf,57,6424996,False,6-1优秀论文库/美国大学生数学建模/1998/A题/1998年MCM A题论文解析.pdf,57d61b6d3f3cc08aa76239fd39ac1ab7e8aa5a32cbc51367928723988207ee3c
美国大学生数学建模,1998,B题,1998年B题 Outstanding论文（Stetson University）.pdf,10,97383,False,6-1优秀论文库/美国大学生数学建模/1998/B题/1998年B题 Outstanding论文（Stetson University）.pdf,cffe729619eaac2a325f5215b8c7440c64948cf2a4acf16ef724b1761a3b80c3
美国大学生数学建模,1998,A题,1998 A O A Tricubic Interpolation Algorithm for MRI Image Cross Sections获奖作品.pdf,18,549145,False,6-1优秀论文库/美国大学生数学建模/1998/A题/1998 A O A Tricubic Interpolation Algorithm for MRI Image Cross Sections获奖作品.pdf,99c21858fe4255bc7eb722566bef63f06e3ddbd5d3c56538548876855dcd914f
美国大学生数学建模,1998,A题,abbr_d2e179491fe4fd9c55422e8ac45cfb11获奖作品.pdf,14,401987,False,6-1优秀论文库/美国大学生数学建模/1998/A题/abbr_d2e179491fe4fd9c55422e8ac45cfb11获奖作品.pdf,b190c578078474b73a70958e15ac68bb6f60646fde39e614b381372119c5627b
美国大学生数学建模,1998,B题,1998 B O Grade Infation  A Systematic Approach获奖作品.pdf,8,203038,False,6-1优秀论文库/美国大学生数学建模/1998/B题/1998 B O Grade Infation  A Systematic Approach获奖作品.pdf,7acdb6f1e390ba029f2da039316e5694c7ee4089085d2c8778b8dced1827b152
美国大学生数学建模,1998,A题,1（Word转PDF）.pdf,2,72326,True,6-1优秀论文库/美国大学生数学建模/1998/A题/1（Word转PDF）.pdf,6866146508b03f0fe0277d7a2804253aedfdf2cb8d21865a3d16fe5c1dcdd345
美国大学生数学建模,1998,B题,1998 B H Place Students in Deciles Reasonably获奖作品.pdf,23,736996,False,6-1优秀论文库/美国大学生数学建模/1998/B题/1998 B H Place Students in Deciles Reasonably获奖作品.pdf,b26ec15bde04de978accddf60cddf0c4cf2df87364e945b0872c748b7b33b25d
美国大学生数学建模,1998,A题,1998年MCM A题（数学建模案例分析）.pdf,9,924813,False,6-1优秀论文库/美国大学生数学建模/1998/A题/1998年MCM A题（数学建模案例分析）.pdf,499d5fc9c15fed0f1c2dad01585037e519405f04d1b441ad49a0f4d1433919a1
美国大学生数学建模,1998,B题,s Commentary The Outstanding Grade Inflation Papers2获奖作品2.pdf,8,174792,False,6-1优秀论文库/美国大学生数学建模/1998/B题/s Commentary The Outstanding Grade Inflation Papers2获奖作品2.pdf,e12043ca5e0fe6c3a2fcf13e8b6afa815d644e0d507cf23078a2a7d9a3950496
美国大学生数学建模,1998,A题,1998 A O MRI Slice Picturing(中文)获奖作品.pdf,11,2491844,False,6-1优秀论文库/美国大学生数学建模/1998/A题/1998 A O MRI Slice Picturing(中文)获奖作品.pdf,b19ab7d6962b949d399b53ada908b0bb052f6727d3be385f4f1395e0717545b4
美国大学生数学建模,1998,A题,s Commentary The Outstanding Scanner Papers.pdf,4,140819,False,6-1优秀论文库/美国大学生数学建模/1998/A题/s Commentary The Outstanding Scanner Papers.pdf,ffe8d2e57a43db6c85af3d2e65729e30659b9cbd0674fc1a00f7e044f9400880
美国大学生数学建模,1998,A题,1998 A O MRI Slice Picturing获奖作品.pdf,18,498991,False,6-1优秀论文库/美国大学生数学建模/1998/A题/1998 A O MRI Slice Picturing获奖作品.pdf,c8d9927999d4200d57b00321fff7f551003d57f48126e272ce089a8a9cece868
美国大学生数学建模,1999,B题,1999年国际大学生数学建模竞赛B题获奖论文（4）.pdf,10,212549,False,6-1优秀论文库/美国大学生数学建模/1999/B题/1999年国际大学生数学建模竞赛B题获奖论文（4）.pdf,8f249beeb53629eca1182e31b1d1cd05523debb9f1a803739bca16e460d2d29f
美国大学生数学建模,1999,A题,1999 A O Antarctic Asteroid Effects获奖作品.pdf,12,334587,False,6-1优秀论文库/美国大学生数学建模/1999/A题/1999 A O Antarctic Asteroid Effects获奖作品.pdf,7c351c8462d9a2e265d2ae02b88f9aada4a734c540292c8b1ee7cb1e26adc2f4
美国大学生数学建模,1999,C题,s Commentary The Ground Pollution Papers.pdf,2,69402,False,6-1优秀论文库/美国大学生数学建模/1999/C题/s Commentary The Ground Pollution Papers.pdf,4b9a0d6bd75422e2879c3e7330e5f2b6cc700f7e6aaf90084a924e3276f42917
美国大学生数学建模,1999,C题,1999 C O  Modeling an Underground Spill through Hydro-Chemical Analysis获奖作品.pdf,12,144681,False,6-1优秀论文库/美国大学生数学建模/1999/C题/1999 C O  Modeling an Underground Spill through Hydro-Chemical Analysis获奖作品.pdf,29a31b382f1765bd52ad56aab9c7cff858f13731161cf17bd75f79d971ec2e7e
美国大学生数学建模,1999,A题,1999 A H The Assessment Metheod of Impact获奖作品.pdf,17,480463,False,6-1优秀论文库/美国大学生数学建模/1999/A题/1999 A H The Assessment Metheod of Impact获奖作品.pdf,665d49210b38e2910c6b27343f44adb2e88fe0ab197fc4ecfb97ccb8713134ce
美国大学生数学建模,1999,C题,AMCM99问题（Word转PDF）.pdf,2,91209,True,6-1优秀论文库/美国大学生数学建模/1999/C题/AMCM99问题（Word转PDF）.pdf,94a12a141d1d1cafbb694d3ffa3bf5859f86bc308ae4f922f2b9db68fb66af38
美国大学生数学建模,1999,B题,1999年国际大学生数学建模竞赛B题获奖论文（3）.pdf,10,927735,False,6-1优秀论文库/美国大学生数学建模/1999/B题/1999年国际大学生数学建模竞赛B题获奖论文（3）.pdf,5fcf57b8b559fbd87ca7c4b44e3924b5fa95a1d6ccd6ce03859f52d644f657a9
美国大学生数学建模,1999,A题,AMCM99问1（Word转PDF）.pdf,1,54896,True,6-1优秀论文库/美国大学生数学建模/1999/A题/AMCM99问1（Word转PDF）.pdf,4a42b534409e9035c8fcb8a1d052848a5cd705a46c19f3759b4658c344e1dd7b
美国大学生数学建模,1999,A题,1999 A O Deep Impact获奖作品.pdf,14,373781,False,6-1优秀论文库/美国大学生数学建模/1999/A题/1999 A O Deep Impact获奖作品.pdf,8621e4b5d442ee3a285f215270c4123c9944720873f0e07c449ccb922f3b8780
美国大学生数学建模,1999,B题,1999年国际大学生数学建模竞赛B题获奖论文（5）.pdf,10,160981,False,6-1优秀论文库/美国大学生数学建模/1999/B题/1999年国际大学生数学建模竞赛B题获奖论文（5）.pdf,325b3c13779ebf2fb67b006c74218f7262ee50c61569ec16fa1c0eb23094768d
美国大学生数学建模,1999,A题,1999 A O Not an Armageddon获奖作品.pdf,10,251738,False,6-1优秀论文库/美国大学生数学建模/1999/A题/1999 A O Not an Armageddon获奖作品.pdf,f37d0cccedcfde7b1f0a72e67200980dcdfe86ff7f43fc616ec48cef705fc18a
美国大学生数学建模,1999,C题,1999 C O Locate the Pollution Source 获奖作品.pdf,14,166688,False,6-1优秀论文库/美国大学生数学建模/1999/C题/1999 C O Locate the Pollution Source 获奖作品.pdf,0dcab1e1d25cba775ba013453d70a7fc6f82ada07b0fe0227999796794e89ebf
美国大学生数学建模,1999,B题,1999年国际大学生数学建模竞赛B题获奖论文（2）.pdf,14,355605,False,6-1优秀论文库/美国大学生数学建模/1999/B题/1999年国际大学生数学建模竞赛B题获奖论文（2）.pdf,5e543de7f437643ee8aac16326cefa1dd6917e44515f271802fff2c496c24ed3
美国大学生数学建模,1999,A题,s Commentary The Outstanding Asteroid Impact Papers获奖作品.pdf,4,117408,False,6-1优秀论文库/美国大学生数学建模/1999/A题/s Commentary The Outstanding Asteroid Impact Papers获奖作品.pdf,f8331ac820e8eeb6da1c665775ab9154d12f2ceb57dd3fbfe1cab36ae85ad7d3
美国大学生数学建模,1999,B题,1999年国际大学生数学建模竞赛B题获奖论文（6）.pdf,14,258776,False,6-1优秀论文库/美国大学生数学建模/1999/B题/1999年国际大学生数学建模竞赛B题获奖论文（6）.pdf,7cf07ab9d6f3447aaa4f9139be1b0767964703ed7798c776bb6f8a26d9e55cdd
美国大学生数学建模,1999,C题,1（Word转PDF）.pdf,1,58736,True,6-1优秀论文库/美国大学生数学建模/1999/C题/1（Word转PDF）.pdf,e5c53651c231dc76c748577ff94a66e615a059a24d89d238e11471617b5cd995
美国大学生数学建模,1999,B题,1999年国际大学生数学建模竞赛B题解析.pdf,25,1511724,False,6-1优秀论文库/美国大学生数学建模/1999/B题/1999年国际大学生数学建模竞赛B题解析.pdf,9cb43577c0a910bec97738cc5dd018b85da13e3bfea151ae9461f70f710cdc8f
美国大学生数学建模,1999,C题,1999年国际大学生数学建模竞赛ICM题解析.pdf,36,1457660,False,6-1优秀论文库/美国大学生数学建模/1999/C题/1999年国际大学生数学建模竞赛ICM题解析.pdf,a2c9d28b84df8f42892eb66a728177a3b78103778ca2ef8e5401e9ea9a57d2c4
美国大学生数学建模,1999,A题,1（Word转PDF）.pdf,1,66330,True,6-1优秀论文库/美国大学生数学建模/1999/A题/1（Word转PDF）.pdf,085eb8beaee1a20d1a73577da10a10723d506a8e927631aaadfa46694d72d6ec
美国大学生数学建模,1999,B题,1999年国际大学生数学建模竞赛B题获奖论文（1）.pdf,20,1166708,False,6-1优秀论文库/美国大学生数学建模/1999/B题/1999年国际大学生数学建模竞赛B题获奖论文（1）.pdf,3327d4407c51f3597746a3bc1c0db7cdb288a3ca1d0a687f8b05c05cd60462b9
美国大学生数学建模,1999,A题,1999年国际大学生数学建模竞赛A题解析.pdf,24,1396934,False,6-1优秀论文库/美国大学生数学建模/1999/A题/1999年国际大学生数学建模竞赛A题解析.pdf,c569408764eb5e21c314f823ce1953b7f13423123d7762878cabeb03e4249e41
美国大学生数学建模,1999,A题,1999 A O Asteroid Impact at the South Pole A Model-Based Risk Assessment获奖作品.pdf,16,422153,False,6-1优秀论文库/美国大学生数学建模/1999/A题/1999 A O Asteroid Impact at the South Pole A Model-Based Risk Assessment获奖作品.pdf,321c9a7728e0d087efebb23a78099cd8e9154a760f26822b00c4bbfbf147d9a4
美国大学生数学建模,1999,C题,1999 C J 大地污染问题获奖作品.pdf,36,1499977,False,6-1优秀论文库/美国大学生数学建模/1999/C题/1999 C J 大地污染问题获奖作品.pdf,7e46d77f74cdfc0c074df7f4a50903cfc71352bd82ca029d36d59c5606fa0ca4
美国大学生数学建模,1999,A题,1999 A O The Sky is Falling获奖作品.pdf,6,219882,False,6-1优秀论文库/美国大学生数学建模/1999/A题/1999 A O The Sky is Falling获奖作品.pdf,a1522aae865bfd0f85ec4e0f16aeebcf60dc7413f2b68a4e0b1d462debf1198f
美国大学生数学建模,1999,A题,1999 A J 小行星撞击地球问题获奖作品.pdf,24,1399947,False,6-1优秀论文库/美国大学生数学建模/1999/A题/1999 A J 小行星撞击地球问题获奖作品.pdf,8e8b493a9b9e353fdc51bbbfb40eebe2a7c12b3cd2e2135458c10268b13c33cc
美国大学生数学建模,2000,A题,2000 A O You Make the Call Feasibility of Computerized Aircraft Contro获奖作品l.pdf,16,445206,False,6-1优秀论文库/美国大学生数学建模/2000/A题/2000 A O You Make the Call Feasibility of Computerized Aircraft Contro获奖作品l.pdf,400b2a0dd8d23a28c3c506d68b22b5a95d167e2a072ec6776ab63d818d244ab5
美国大学生数学建模,2000,B题,s Commentary The Outstanding Channel Assignment Papers获奖作品.pdf,8,2656713,False,6-1优秀论文库/美国大学生数学建模/2000/B题/s Commentary The Outstanding Channel Assignment Papers获奖作品.pdf,c4139bd92f74cced670b422100077dbf0a456ce49ab27c336e8b3dacf820d262
美国大学生数学建模,2000,A题,2000 A O The Iron Laws of Air Traffic Control获奖作品.pdf,16,502550,False,6-1优秀论文库/美国大学生数学建模/2000/A题/2000 A O The Iron Laws of Air Traffic Control获奖作品.pdf,b591d78c451486e4856167a7a2859799b93f8db8b01e75a892b9904de2d65a68
美国大学生数学建模,2000,A题,2000 A O Air Traffic Control获奖作品.pdf,16,202720,False,6-1优秀论文库/美国大学生数学建模/2000/A题/2000 A O Air Traffic Control获奖作品.pdf,b735aa4922fba921965a2b680d14e6f71aa334939b5f6afcf75e19f99ca76c05
美国大学生数学建模,2000,B题,2000 B O Utilize the Limited Frequency Resources Efficiently获奖作品.pdf,14,1124750,False,6-1优秀论文库/美国大学生数学建模/2000/B题/2000 B O Utilize the Limited Frequency Resources Efficiently获奖作品.pdf,7cac6aabb4ee8aa723d70349a0c3cfe666ceada9666efe3efb981b25cabae06f
美国大学生数学建模,2000,A题,2000 A M Channel Assignment Strategies for Cellular Phone Systems获奖作品.pdf,26,323144,False,6-1优秀论文库/美国大学生数学建模/2000/A题/2000 A M Channel Assignment Strategies for Cellular Phone Systems获奖作品.pdf,2d1b1db65695e6ea4a736f7b70a363def3a1ca7f9b0d4d3b9efb3bbc0d7ecdb0
美国大学生数学建模,2000,B题,2000 B O A Channel Assignment Model The Span Without a Face获奖作品.pdf,16,683933,False,6-1优秀论文库/美国大学生数学建模/2000/B题/2000 B O A Channel Assignment Model The Span Without a Face获奖作品.pdf,d7c4a2d5277892824d15c54c17281a90aa8cf852c2e6c69054674c619d2b4136
美国大学生数学建模,2000,B题,with the Big Band(width)获奖作品.pdf,12,819583,False,6-1优秀论文库/美国大学生数学建模/2000/B题/with the Big Band(width)获奖作品.pdf,3113dbffe09ff90626cc428d9c21d6455b376fd25cc026f2e01dcacec1cf5689
美国大学生数学建模,2000,C题,"2000 C O EigenElephants When Is Enough,Enough获奖作品.pdf",14,395357,False,"6-1优秀论文库/美国大学生数学建模/2000/C题/2000 C O EigenElephants When Is Enough,Enough获奖作品.pdf",dd7d92bc74e583d05a44b63d495721e09d3572a6d4db9a17d8c7d2bef941cd09
美国大学生数学建模,2000,C题,2000 C O A Computational Solution for Elephant Overpopulation获奖作品.pdf,14,187439,False,6-1优秀论文库/美国大学生数学建模/2000/C题/2000 C O A Computational Solution for Elephant Overpopulation获奖作品.pdf,745ef7721d34f88b075e3ba3925aca245c6bee3c4c4fb9c25f1b9136a0a000b2
美国大学生数学建模,2000,A题,Problem A（Word转PDF）.pdf,2,90709,True,6-1优秀论文库/美国大学生数学建模/2000/A题/Problem A（Word转PDF）.pdf,abf141453c4a14782ee2324f7614798ea237878f13955ca874bbe79467ada5ac
美国大学生数学建模,2000,A题,s Commentary The Outstanding Air Traffic Control Papers获奖作品.pdf,4,120559,False,6-1优秀论文库/美国大学生数学建模/2000/A题/s Commentary The Outstanding Air Traffic Control Papers获奖作品.pdf,5683c021b43e641b11a069116ea78135161e898e0a1fd2613788026db4ef1c88
美国大学生数学建模,2000,B题,re Outside the Coverage Area获奖作品.pdf,16,210314,False,6-1优秀论文库/美国大学生数学建模/2000/B题/re Outside the Coverage Area获奖作品.pdf,b40034cb23298d21bd042f59dff46aa84b4d4df7a238698c476143e675082460
美国大学生数学建模,2000,B题,"2000 B J Space Aliens Land, Threaten Global Destruction获奖作品.pdf",2,194247,False,"6-1优秀论文库/美国大学生数学建模/2000/B题/2000 B J Space Aliens Land, Threaten Global Destruction获奖作品.pdf",c66cd342843e1ded0ecc8674f4ac7c5579d747d842b5865b434919a5cc402aa7
美国大学生数学建模,2000,C题,Elephants（Word转PDF）.pdf,5,176972,True,6-1优秀论文库/美国大学生数学建模/2000/C题/Elephants（Word转PDF）.pdf,08b19a60da6954e58cc45740817389cfb10bdf038ca90fdffa42c9d78db98ae0
美国大学生数学建模,2000,A题,s Commentary  The Outstanding Air Traffic Control Papers获奖作品.pdf,6,125098,False,6-1优秀论文库/美国大学生数学建模/2000/A题/s Commentary  The Outstanding Air Traffic Control Papers获奖作品.pdf,ffd8a0f6397f491665dd14b6b49d9975a5bee314d269b70abb0deb13f79c2086
美国大学生数学建模,2000,B题,1（Word转PDF）.pdf,2,137900,True,6-1优秀论文库/美国大学生数学建模/2000/B题/1（Word转PDF）.pdf,a4f6e4e09d0fb106fb6e9558e50b7a58f27286571a32d4e8388cb85859fe9afa
美国大学生数学建模,2000,A题,1（Word转PDF）.pdf,2,146378,True,6-1优秀论文库/美国大学生数学建模/2000/A题/1（Word转PDF）.pdf,e5ec856e89ca4288b464018a90d5c1c37f0e5cef3e2b2500362d36a475f9c1ef
美国大学生数学建模,2000,C题,1（Word转PDF）.pdf,1,71789,True,6-1优秀论文库/美国大学生数学建模/2000/C题/1（Word转PDF）.pdf,3eb483c62dadc8bf4c2b862b5e1fc39615ede971fdde0395c18346b765f6f7d6
美国大学生数学建模,2000,A题,2000 A O The Safe Distance Between Airplanes and the Complexity of an Airspace Sector获奖作品.pdf,12,389331,False,6-1优秀论文库/美国大学生数学建模/2000/A题/2000 A O The Safe Distance Between Airplanes and the Complexity of an Airspace Sector获奖作品.pdf,ffe6a6cb9002ac90e76cf67614f7947ac1a32e046fd1d61d78067d27d0404f2b
美国大学生数学建模,2000,A题,abbr_96f56b2ab2ff5fce09b72c02c5bf245e获奖作品.pdf,34,1392374,False,6-1优秀论文库/美国大学生数学建模/2000/A题/abbr_96f56b2ab2ff5fce09b72c02c5bf245e获奖作品.pdf,e3911bd013320dde1f4cd2327f33014a2c1d4d91bc1508896eb17fdfbffc1f33
美国大学生数学建模,2000,C题,2000 C O Elephant Population A Linear Model获奖作品.pdf,14,163445,False,6-1优秀论文库/美国大学生数学建模/2000/C题/2000 C O Elephant Population A Linear Model获奖作品.pdf,5678db1f7e98989ed17bf1027b32e68500f40afe9227af65f1d521462d5fce8b
美国大学生数学建模,2000,C题,s Commentary The Outstanding Elephant Population Papers获奖作品.pdf,4,48834,False,6-1优秀论文库/美国大学生数学建模/2000/C题/s Commentary The Outstanding Elephant Population Papers获奖作品.pdf,4bc6850cd13de4c638dd302a42e9dd843b37958cd1c5f410322048ff24c27c88
美国大学生数学建模,2000,B题,Problem B（Word转PDF）.pdf,3,139514,True,6-1优秀论文库/美国大学生数学建模/2000/B题/Problem B（Word转PDF）.pdf,250df85a46efc6df29a7085452d24210fc849113b728bae0e813749bf8931924
美国大学生数学建模,2000,B题,2000 B O Radio Channel Assignments获奖作品.pdf,10,1001033,False,6-1优秀论文库/美国大学生数学建模/2000/B题/2000 B O Radio Channel Assignments获奖作品.pdf,cc8d68f77c5281d3c51d30fe05dd00cd3e16b1dfce8eb8fab5a050a5556d96a1
美国大学生数学建模,2001,B题,2001 B O The Crowd Before the Storm获奖作品.pdf,10,201243,False,6-1优秀论文库/美国大学生数学建模/2001/B题/2001 B O The Crowd Before the Storm获奖作品.pdf,3dc2f513e32efdfea36b5bc8d379e6bed0e075df82c2e810035bb626cf858e05
美国大学生数学建模,2001,A题,Choosing a Bicycle Wheel(美国竞赛2001A题论文）（Word转PDF）.pdf,10,228114,True,6-1优秀论文库/美国大学生数学建模/2001/A题/Choosing a Bicycle Wheel(美国竞赛2001A题论文）（Word转PDF）.pdf,cb20a1c26343ecf48723e38e943e1496eb2c73384006c55f5c914f53c695e0b5
美国大学生数学建模,2001,C题,我们的水系（Word转PDF）.pdf,2,148439,True,6-1优秀论文库/美国大学生数学建模/2001/C题/我们的水系（Word转PDF）.pdf,5699e506f4b9ea1599209af8c34654539f782aafc4c08d081f2d394a568823d7
美国大学生数学建模,2001,B题,s Wrath获奖作品.pdf,20,408434,False,6-1优秀论文库/美国大学生数学建模/2001/B题/s Wrath获奖作品.pdf,087096c38b8542a4bebc464a31946200948b9eb2a35aafa87534b0dbb7996f1a
美国大学生数学建模,2001,B题,1（Word转PDF）.pdf,2,76404,True,6-1优秀论文库/美国大学生数学建模/2001/B题/1（Word转PDF）.pdf,864de30628d38e1b9106c0810286f4ae2076e0cbd61ac89c80d89334b2bdfefe
美国大学生数学建模,2001,C题,OUTSTANDING WINNERS（Word转PDF）.pdf,1,82744,True,6-1优秀论文库/美国大学生数学建模/2001/C题/OUTSTANDING WINNERS（Word转PDF）.pdf,004b806996d8aebe3582351013e1e7ab2a9930dd8ba1400ed819c31685f0b12e
美国大学生数学建模,2001,B题,2001 B O Please Move Quickly and Quietly to the Nearest Freeway获奖作品.pdf,14,218328,False,6-1优秀论文库/美国大学生数学建模/2001/B题/2001 B O Please Move Quickly and Quietly to the Nearest Freeway获奖作品.pdf,ec47910acfa6390606848058a8363e4820777e0f33d454129a5a57c6b7db9ba7
美国大学生数学建模,2001,C题,2001 C J Judge’s Commentary The Outstanding Zebra Mussel Papers获奖作品.pdf,6,1213580,False,6-1优秀论文库/美国大学生数学建模/2001/C题/2001 C J Judge’s Commentary The Outstanding Zebra Mussel Papers获奖作品.pdf,d8698f77355dc3207a0855d3983c53de53f5613077f4427eb0fd9c689469efe5
美国大学生数学建模,2001,B题,2001 B H Hurricane Evacuation 获奖作品.pdf,9,51933,False,6-1优秀论文库/美国大学生数学建模/2001/B题/2001 B H Hurricane Evacuation 获奖作品.pdf,84a601bd1d738e24763f5534c2c77e7767742accafb01d016d38e0bd0c96faba
美国大学生数学建模,2001,A题,s Commentary The Outstanding Bicycle Wheel Papers获奖作品.pdf,4,129551,False,6-1优秀论文库/美国大学生数学建模/2001/A题/s Commentary The Outstanding Bicycle Wheel Papers获奖作品.pdf,ed85215b285b7f2abfbcd9e95cb63f2eb1bf1e1da7134acdd683fcdd05f56f4a
美国大学生数学建模,2001,A题,2001 A O Spokes or Discs获奖作品.pdf,14,265669,False,6-1优秀论文库/美国大学生数学建模/2001/A题/2001 A O Spokes or Discs获奖作品.pdf,ed3b43b8f77b563bee50be3d09e7fb43afe667c02ca0e3a4779a3d64d36c56ec
美国大学生数学建模,2001,C题,2001 C O Waging War Against the Zebra Mussel获奖作品.pdf,16,2401841,False,6-1优秀论文库/美国大学生数学建模/2001/C题/2001 C O Waging War Against the Zebra Mussel获奖作品.pdf,7c5915a20f32ef8e7d9c76dadadf0c3ffb02920021b9342feec6f1d530906663
美国大学生数学建模,2001,A题,2001 A O Selection of a Bicycle Wheel Type获奖作品.pdf,16,483662,False,6-1优秀论文库/美国大学生数学建模/2001/A题/2001 A O Selection of a Bicycle Wheel Type获奖作品.pdf,e7fccb670b23084ae4642ce3738a48927afdf0ec3dde4d9f8b50c43786152399
美国大学生数学建模,2001,C题,ICM 2001(UMAP).pdf,96,9232322,False,6-1优秀论文库/美国大学生数学建模/2001/C题/ICM 2001(UMAP).pdf,700b1412a0fb783215d83abe923b4ba00104529a42607e555e4ee05da4fc9d45
美国大学生数学建模,2001,B题,in the Wind获奖作品.pdf,12,244236,False,6-1优秀论文库/美国大学生数学建模/2001/B题/in the Wind获奖作品.pdf,8f0f5e7a8743dc5ef9db8cf173f65b1e93dfb1f302286d403aa237a89efab8a6
美国大学生数学建模,2001,B题,2001 B M When a Hard Wind Blows the Traffic Slows获奖作品.pdf,27,1602953,False,6-1优秀论文库/美国大学生数学建模/2001/B题/2001 B M When a Hard Wind Blows the Traffic Slows获奖作品.pdf,350d1291da5d5ab8adc96bfbfde198a0aa439d1ecedf54271dab1a146ebf627e
美国大学生数学建模,2001,B题,StrategiesForEscapingAHurricane'sWrath（Word转PDF）.pdf,18,372572,True,6-1优秀论文库/美国大学生数学建模/2001/B题/StrategiesForEscapingAHurricane'sWrath（Word转PDF）.pdf,2e34a9f056a98ced50de47dff60216bae6a9f7d6908edf79251de1b6ff814921
美国大学生数学建模,2001,B题,2001 B O Traffic Flow Models and the Evacuation Problempdf获奖作品.pdf,20,272993,False,6-1优秀论文库/美国大学生数学建模/2001/B题/2001 B O Traffic Flow Models and the Evacuation Problempdf获奖作品.pdf,ed8143598eecd096b1072430f9a578dc2a1b06a8c15d20848aa792b1eb6b8bc5
美国大学生数学建模,2001,B题,2001 B O Project H.E.R.O. Hurricane Evacuation Route Optimizatio获奖作品n.pdf,14,250774,False,6-1优秀论文库/美国大学生数学建模/2001/B题/2001 B O Project H.E.R.O. Hurricane Evacuation Route Optimizatio获奖作品n.pdf,41237ca9ff9a946244fe9d576c02d045c4b31eceaf2e8873a1c3b047616e61ee
美国大学生数学建模,2001,C题,2001 C O A Multiple Regression Model to Predict Zebra Mussel Population Growth获奖作品.pdf,18,169879,False,6-1优秀论文库/美国大学生数学建模/2001/C题/2001 C O A Multiple Regression Model to Predict Zebra Mussel Population Growth获奖作品.pdf,caab1a1a9e33af7ac7ae99ffdc126c50d8b30fdc1db3fd8885575bd2acebff3d
美国大学生数学建模,2001,B题,s Commentary The Outstanding Hurricane Evacuation Papers获奖作品.pdf,7,170642,False,6-1优秀论文库/美国大学生数学建模/2001/B题/s Commentary The Outstanding Hurricane Evacuation Papers获奖作品.pdf,f216e9405b96002c4f597da48d3e88e0d43e80480ed2812176cba2d6df13f9f3
美国大学生数学建模,2001,B题,MCM 2001 B题 一等奖论文（Washington University）.pdf,27,2308959,False,6-1优秀论文库/美国大学生数学建模/2001/B题/MCM 2001 B题 一等奖论文（Washington University）.pdf,763e7f8a2722a0b854dcc7c0b90d861020bb2ddeeb9152baa65c510f68ef4384
美国大学生数学建模,2001,B题,问题B（Word转PDF）.pdf,1,148148,True,6-1优秀论文库/美国大学生数学建模/2001/B题/问题B（Word转PDF）.pdf,1d7dea77189afab75c794335cebe766160360dcc8adb798ace1c51d2575b50e2
美国大学生数学建模,2001,A题,1（Word转PDF）.pdf,1,52381,True,6-1优秀论文库/美国大学生数学建模/2001/A题/1（Word转PDF）.pdf,b1a5750963fed1b742948e250568dbaa510b0ed794915a1669b5d1d7a8a5ebac
美国大学生数学建模,2001,C题,2001 C O Identifying Potential Zebra Mussel Colonization获奖作品.pdf,14,2599172,False,6-1优秀论文库/美国大学生数学建模/2001/C题/2001 C O Identifying Potential Zebra Mussel Colonization获奖作品.pdf,736e7e1b9502df41db131042ee07381fb095654c519438856b3e750b735beeae
美国大学生数学建模,2001,A题,with Floyd A Traffic Flow Analysis of South Carolina Hurricane Evacuation获奖作品.pdf,10,196685,False,6-1优秀论文库/美国大学生数学建模/2001/A题/with Floyd A Traffic Flow Analysis of South Carolina Hurricane Evacuation获奖作品.pdf,648cba28632822649852586f51cb0b6a745824d038b57864763f6fc173af9896
美国大学生数学建模,2001,A题,问题A（Word转PDF）.pdf,1,77789,True,6-1优秀论文库/美国大学生数学建模/2001/A题/问题A（Word转PDF）.pdf,be409d77208f39ea7e732d2ba1a28edb04b6014463877987c2f1047a3025876b
美国大学生数学建模,2001,A题,2001 A O A Systematic Technique for Optimal Bicycle Wheel Selection获奖作品.pdf,12,222641,False,6-1优秀论文库/美国大学生数学建模/2001/A题/2001 A O A Systematic Technique for Optimal Bicycle Wheel Selection获奖作品.pdf,0c52c9d41b887fbf0d1fd5f9bceaf7536380525a3f20687d1db36154af0ccc98
美国大学生数学建模,2002,C题,2002年国际大学生数学建模竞赛ICM题获奖论文（2）.pdf,12,145475,False,6-1优秀论文库/美国大学生数学建模/2002/C题/2002年国际大学生数学建模竞赛ICM题获奖论文（2）.pdf,8a48eef3145d0e5944c3842aa800f3133e2085cbd874b9b10acd4b13d102ed66
美国大学生数学建模,2002,A题,2002年国际大学生数学建模竞赛A题获奖论文（5）.pdf,14,123844,False,6-1优秀论文库/美国大学生数学建模/2002/A题/2002年国际大学生数学建模竞赛A题获奖论文（5）.pdf,6a5c67f92c77aa0e91135e3acbadeb2d2642222c3d30e694254762ced4de6024
美国大学生数学建模,2002,B题,2002年国际大学生数学建模竞赛B题获奖论文（3）.pdf,16,162360,False,6-1优秀论文库/美国大学生数学建模/2002/B题/2002年国际大学生数学建模竞赛B题获奖论文（3）.pdf,528605ab00b992620c373bf157a64bb56fef163045c83de7df774d34d4e44c1e
美国大学生数学建模,2002,B题,MCM2002Bpaper2（Word转PDF）.pdf,10,334594,True,6-1优秀论文库/美国大学生数学建模/2002/B题/MCM2002Bpaper2（Word转PDF）.pdf,4ab456e8a78a5ffabce3f9d7cf46240ca478ca9783f7c1b10c0ba4bb61a8e579
美国大学生数学建模,2002,A题,2002年国际大学生数学建模竞赛A题获奖论文（3）.pdf,21,1076844,False,6-1优秀论文库/美国大学生数学建模/2002/A题/2002年国际大学生数学建模竞赛A题获奖论文（3）.pdf,34fb9022a6f0914b5c97eff2544ce6458ce4c1d4073f2fe94e3b42d7391fc864
美国大学生数学建模,2002,A题,2002年国际大学生数学建模竞赛A题获奖论文（1）.pdf,6,41757,False,6-1优秀论文库/美国大学生数学建模/2002/A题/2002年国际大学生数学建模竞赛A题获奖论文（1）.pdf,bd8a34f5f5016dd073058826728b95007632b05e9448c7c38c72442bd191eac1
美国大学生数学建模,2002,A题,2002年国际大学生数学建模竞赛A题获奖论文（4）.pdf,11,152928,False,6-1优秀论文库/美国大学生数学建模/2002/A题/2002年国际大学生数学建模竞赛A题获奖论文（4）.pdf,d4a9eabce93aeb2c7daba0fc992b754a709f0f051e096020e0fd86fc8f5ad7f4
美国大学生数学建模,2002,A题,2002年国际大学生数学建模竞赛A题获奖论文（7）.pdf,11,1607224,False,6-1优秀论文库/美国大学生数学建模/2002/A题/2002年国际大学生数学建模竞赛A题获奖论文（7）.pdf,155a2eaf6759e208cb559154f9592032673b9070fde525cd10a74686c8d8e7bf
美国大学生数学建模,2002,A题,2002年国际大学生数学建模竞赛A题获奖论文（6）.pdf,16,111853,False,6-1优秀论文库/美国大学生数学建模/2002/A题/2002年国际大学生数学建模竞赛A题获奖论文（6）.pdf,1046c4b6f05261a3c61a0481dc84de68164a1e2e3190eac19a7242147aca860b
美国大学生数学建模,2002,B题,2002年国际大学生数学建模竞赛B题获奖论文（7）.pdf,10,120244,False,6-1优秀论文库/美国大学生数学建模/2002/B题/2002年国际大学生数学建模竞赛B题获奖论文（7）.pdf,b2280f4b9808acfaa5d076b2aa14d68f73be7663f4c1c1a6f112299dfb145c3f
美国大学生数学建模,2002,C题,s Commentary  The Outstanding Scrub Lizard Papers获奖作品.pdf,4,50470,False,6-1优秀论文库/美国大学生数学建模/2002/C题/s Commentary  The Outstanding Scrub Lizard Papers获奖作品.pdf,7040c48ffaf13e4752554d48d53a7949b6b88c01e7b1c5a3bbb8524dba66a467
美国大学生数学建模,2002,B题,2002年国际大学生数学建模竞赛B题获奖论文（5）.pdf,22,138263,False,6-1优秀论文库/美国大学生数学建模/2002/B题/2002年国际大学生数学建模竞赛B题获奖论文（5）.pdf,68d7b07366d2bf5cd3a1a15a74556e5abfea0142b0f2064b00bb1cf4b6720265
美国大学生数学建模,2002,A题,2002年国际大学生数学建模竞赛A题获奖论文（2）.pdf,14,360418,False,6-1优秀论文库/美国大学生数学建模/2002/A题/2002年国际大学生数学建模竞赛A题获奖论文（2）.pdf,e500941aebb778251498e7fea443141f1e4db4fdca73776f579262c497122f80
美国大学生数学建模,2002,C题,问题C（Word转PDF）.pdf,3,169601,True,6-1优秀论文库/美国大学生数学建模/2002/C题/问题C（Word转PDF）.pdf,897f71e5cbd609cf0f0fa3306da68bec974c4666476c990979403eb3cc7f288f
美国大学生数学建模,2002,B题,2002年国际大学生数学建模竞赛B题获奖论文（4）.pdf,42,271519,False,6-1优秀论文库/美国大学生数学建模/2002/B题/2002年国际大学生数学建模竞赛B题获奖论文（4）.pdf,6a41398df29361128ff2ce5153a3f81f4518ef8965fe735e18a1b8cd072fd442
美国大学生数学建模,2002,C题,2002 C O Cleaning Up the Scrub Saving the Florida Scrub Lizard获奖作品.pdf,10,188302,False,6-1优秀论文库/美国大学生数学建模/2002/C题/2002 C O Cleaning Up the Scrub Saving the Florida Scrub Lizard获奖作品.pdf,00307c51e9b962bb36bc2a050065b7ddfa3b77142ab3d16535992049b9f04fdc
美国大学生数学建模,2002,C题,本题共评出2份特等奖（Word转PDF）.pdf,1,109000,True,6-1优秀论文库/美国大学生数学建模/2002/C题/本题共评出2份特等奖（Word转PDF）.pdf,4825ef722281449360a4dae39ae74416fcb880c6de90e3d4aba8a818b4c1b5a6
美国大学生数学建模,2002,B题,2002年国际大学生数学建模竞赛B题获奖论文（6）.pdf,16,97226,False,6-1优秀论文库/美国大学生数学建模/2002/B题/2002年国际大学生数学建模竞赛B题获奖论文（6）.pdf,95dcb6427aa40a958b25bbf2193913b5c1320edf6bd2d2f9625677cdc6d88c27
美国大学生数学建模,2002,C题,s Commentary  The Outstanding Scrub Lizard Papers2获奖作品.pdf,6,53944,False,6-1优秀论文库/美国大学生数学建模/2002/C题/s Commentary  The Outstanding Scrub Lizard Papers2获奖作品.pdf,c99de3419e4b9d182087a93595d57424bd9b4e7989da5cac7ca4d567766cfef5
美国大学生数学建模,2002,B题,2002年国际大学生数学建模竞赛B题获奖论文（2）.pdf,12,105765,False,6-1优秀论文库/美国大学生数学建模/2002/B题/2002年国际大学生数学建模竞赛B题获奖论文（2）.pdf,84f3c05170e4a338d622d432c90b8d91b10b6b28658e3d15ded952a829e04d60
美国大学生数学建模,2003,A题,问题A（Word转PDF）.pdf,1,90096,True,6-1优秀论文库/美国大学生数学建模/2003/A题/问题A（Word转PDF）.pdf,c808b313ea0202a498a44965df67eb113919fb9745a6a9c9277598f83dab1b0e
美国大学生数学建模,2003,C题,s Commentary The Outstanding Airport Screening Papers获奖作品.pdf,6,563966,False,6-1优秀论文库/美国大学生数学建模/2003/C题/s Commentary The Outstanding Airport Screening Papers获奖作品.pdf,a603318d249d67363fe6fe81545d378a00dc352a5818402f15c226a91709469c
美国大学生数学建模,2003,A题,2003 A O A Time-Independent Model of Box Safety for Stunt Motorcyclists获奖作品.pdf,18,184062,False,6-1优秀论文库/美国大学生数学建模/2003/A题/2003 A O A Time-Independent Model of Box Safety for Stunt Motorcyclists获奖作品.pdf,54b24c5509f55829b34892acd09facf1f7b6dec58eda04a2c27a8732274ba058
美国大学生数学建模,2003,A题,2003 A O Safe Landings获奖作品.pdf,14,182057,False,6-1优秀论文库/美国大学生数学建模/2003/A题/2003 A O Safe Landings获奖作品.pdf,3d960f77c61fbf6b2bc0e7f924762402fc8a8c850dcb4c49372900b603afb9eb
美国大学生数学建模,2003,A题,MCM 2003 A题Outstanding论文(Washington University).pdf,21,286246,False,6-1优秀论文库/美国大学生数学建模/2003/A题/MCM 2003 A题Outstanding论文(Washington University).pdf,b8dd24a17abf6273b9194396285c230e9942a8233fbf7edadad9f6d5e9c2e90f
美国大学生数学建模,2003,C题,2003 C P Aviation Baggage Screening获奖作品.pdf,11,173402,False,6-1优秀论文库/美国大学生数学建模/2003/C题/2003 C P Aviation Baggage Screening获奖作品.pdf,c6bcc98a418f97562313dd99557c983e3c8117dda0b6b0491db47335d333ca0a
美国大学生数学建模,2003,B题,2003 B O A Sphere-Packing Model for the Optimal Treatment Plan获奖作品.pdf,12,269860,False,6-1优秀论文库/美国大学生数学建模/2003/B题/2003 B O A Sphere-Packing Model for the Optimal Treatment Plan获奖作品.pdf,b43ee6f762319d0a300cb72010053802e9f158dba3259df1c5b3f3d068948753
美国大学生数学建模,2003,A题,2003 A O Fly With Confidence获奖作品.pdf,18,275137,False,6-1优秀论文库/美国大学生数学建模/2003/A题/2003 A O Fly With Confidence获奖作品.pdf,872a783932fd688e2673da8c900fcad60ace3a17f6ab90a38a9fc84fcecdf8f3
美国大学生数学建模,2003,B题,2003 B P Shelling Procedure and Optimization by Simulated Annealing For Sphere Packing获奖作品.pdf,11,106297,False,6-1优秀论文库/美国大学生数学建模/2003/B题/2003 B P Shelling Procedure and Optimization by Simulated Annealing For Sphere Packing获奖作品.pdf,f71da5b22a010a2d71335fc5dd2537d90d375c304fe3a89ba8a42702a86953a9
美国大学生数学建模,2003,C题,2003 C O Advanced Airport Security through Optimization and Simulation2获奖作品.pdf,12,779835,False,6-1优秀论文库/美国大学生数学建模/2003/C题/2003 C O Advanced Airport Security through Optimization and Simulation2获奖作品.pdf,d8d155743e5a65fde60d84ba9ffa08bc5dfc3b3aad32982e68d311bcdd791a0f
美国大学生数学建模,2003,B题,MCM 2003 B题 Outstanding论文（Washington University）.pdf,14,2403774,False,6-1优秀论文库/美国大学生数学建模/2003/B题/MCM 2003 B题 Outstanding论文（Washington University）.pdf,bae17eeeb2b669ef5888e0ac34ee939100d230ac87253ce182444f3a27c59919
美国大学生数学建模,2003,A题,MCM 2003 A题 一等奖论文（USTC 俞理）（Word转PDF）.pdf,21,469575,True,6-1优秀论文库/美国大学生数学建模/2003/A题/MCM 2003 A题 一等奖论文（USTC 俞理）（Word转PDF）.pdf,15c6cf5abf680cb9d81443977cee270fce840dc7fbf25f7877c3f19a531bdc4c
美国大学生数学建模,2003,A题,2003 A P Design and Stack the Cardboard Boxes获奖作品.pdf,15,218235,False,6-1优秀论文库/美国大学生数学建模/2003/A题/2003 A P Design and Stack the Cardboard Boxes获奖作品.pdf,2df386ce90b18e65822e85b5c9089266c153c909b218faa014a8ad1002e54a3b
美国大学生数学建模,2003,C题,2003 C O How I Learned to Stop Worrying and Find the Bomb获奖作品.pdf,18,523509,False,6-1优秀论文库/美国大学生数学建模/2003/C题/2003 C O How I Learned to Stop Worrying and Find the Bomb获奖作品.pdf,14e5fe77e3df002a3f028795bdecf34a44c09a5fa350157db2edf65713e5f743
美国大学生数学建模,2003,C题,size（Word转PDF）.pdf,2,164219,True,6-1优秀论文库/美国大学生数学建模/2003/C题/size（Word转PDF）.pdf,7c4b8aa610b93aa7360a47079fbd302f52015a90ab106264b3ebbaf6e6d29e96
美国大学生数学建模,2003,A题,2003 A O Thinking Outside the Box and Over the Elephant获奖作品.pdf,12,140545,False,6-1优秀论文库/美国大学生数学建模/2003/A题/2003 A O Thinking Outside the Box and Over the Elephant获奖作品.pdf,326d0cfc6fd4b696a94e52939009c9263ab821914ce03d13c8b2c19fda2d112b
美国大学生数学建模,2003,C题,本题共评出5份特等奖（Word转PDF）.pdf,3,126415,True,6-1优秀论文库/美国大学生数学建模/2003/C题/本题共评出5份特等奖（Word转PDF）.pdf,39e6758dd74015a896996fa514de7abd43c143cdf2e9c1d5c7c8f9b7ead16b08
美国大学生数学建模,2003,B题,2003 B O Shelling Tumors with Caution and Wiggles获奖作品.pdf,14,200328,False,6-1优秀论文库/美国大学生数学建模/2003/B题/2003 B O Shelling Tumors with Caution and Wiggles获奖作品.pdf,85434773e787268a0abf2e69784425c00e0abf2372a5420533011df5283ec624
美国大学生数学建模,2003,A题,本题共评出6份特等奖（Word转PDF）.pdf,3,126306,True,6-1优秀论文库/美国大学生数学建模/2003/A题/本题共评出6份特等奖（Word转PDF）.pdf,c6c8aef5267b8813be94a6a2986182165a2abe7fabe9dcbd4a521a04a9479870
美国大学生数学建模,2003,A题,s Commentary  The Outstanding Stunt Person Papers获奖作品.pdf,6,110920,False,6-1优秀论文库/美国大学生数学建模/2003/A题/s Commentary  The Outstanding Stunt Person Papers获奖作品.pdf,feee7aabd7ec01c400e9b5440b9d879ee2eadf7934b44f08ff141755f971afb5
美国大学生数学建模,2003,A题,2003 A P The design of the buffer cardboard boxes获奖作品.pdf,11,132899,False,6-1优秀论文库/美国大学生数学建模/2003/A题/2003 A P The design of the buffer cardboard boxes获奖作品.pdf,1eda62f4ce0886252a7ebbc13d3a6410a74ced64c512276919237ed89a711802
美国大学生数学建模,2003,C题,2003 C H Security Screening at Airport获奖作品.pdf,23,205103,False,6-1优秀论文库/美国大学生数学建模/2003/C题/2003 C H Security Screening at Airport获奖作品.pdf,c582962f9bc996c95438185ba0abacf9190a3042815ae4678eca778bed289da2
美国大学生数学建模,2003,C题,abbr_951bc619b7635787041b3e0fd0f3c9a61获奖作品2.pdf,16,532701,False,6-1优秀论文库/美国大学生数学建模/2003/C题/abbr_951bc619b7635787041b3e0fd0f3c9a61获奖作品2.pdf,64ba17f3c9671919a6183faff31bdb0b59e54ba0d699ab47a33bde63c8528957
美国大学生数学建模,2003,B题,2003 B O The Genetic Algorithm-Based Optimization Approach for Gamma Unit Treatment获奖作品.pdf,16,199456,False,6-1优秀论文库/美国大学生数学建模/2003/B题/2003 B O The Genetic Algorithm-Based Optimization Approach for Gamma Unit Treatment获奖作品.pdf,91fc4b4d27a029bd730ebefc50ece7e282ca311be209bd0eb7f5b65d6920dad0
美国大学生数学建模,2003,A题,2003 A O Cardboard Comfortable When it comes to Crashing获奖作品.pdf,18,233008,False,6-1优秀论文库/美国大学生数学建模/2003/A题/2003 A O Cardboard Comfortable When it comes to Crashing获奖作品.pdf,56e5a788baf86eb3ec8e0ddc7c6875c300c3374891eca23ac45c60773a3c4609
美国大学生数学建模,2003,C题,s Commentary  The Outstanding Airport Screening Papers2获奖作品.pdf,4,457455,False,6-1优秀论文库/美国大学生数学建模/2003/C题/s Commentary  The Outstanding Airport Screening Papers2获奖作品.pdf,cf15821c250f9e5d210a2014eb0dc1a4f3182e01d1922669fb6fce186f52b4a6
美国大学生数学建模,2003,B题,本题共评出5份特等奖（Word转PDF）.pdf,3,116160,True,6-1优秀论文库/美国大学生数学建模/2003/B题/本题共评出5份特等奖（Word转PDF）.pdf,21c89e74bfe4959124adbc38875985218daf63df50761ab4df7a9508871a1ba7
美国大学生数学建模,2003,A题,2003 A O You Too Can Be James Bond获奖作品.pdf,18,211444,False,6-1优秀论文库/美国大学生数学建模/2003/A题/2003 A O You Too Can Be James Bond获奖作品.pdf,fc2849ae7c31c86f3f2e0210ff1556cbc81b13a6cbea691cc37cd89dbf5d6600
美国大学生数学建模,2003,B题,2003 B M Optimization of Stereotactic Radiosurgery Treatment Planning获奖作品.pdf,11,292834,False,6-1优秀论文库/美国大学生数学建模/2003/B题/2003 B M Optimization of Stereotactic Radiosurgery Treatment Planning获奖作品.pdf,337b6cebc16c538a32818b487a5dac0f08c467b17e26fa3186929f74f1af3797
美国大学生数学建模,2003,A题,"2003 A H Shaken, not Stirred获奖作品.pdf",17,87713,False,"6-1优秀论文库/美国大学生数学建模/2003/A题/2003 A H Shaken, not Stirred获奖作品.pdf",23e8f74f01931a9d15af504c409e835c54ef0dc74d377cc80e5298bc74ad094b
美国大学生数学建模,2003,B题,2003 B O The Gamma Knife Problem获奖作品.pdf,14,672472,False,6-1优秀论文库/美国大学生数学建模/2003/B题/2003 B O The Gamma Knife Problem获奖作品.pdf,fc5c330096eda804443a7e0cf383ff85d9f7404d3bdce331cf53761bb1ef123a
美国大学生数学建模,2003,B题,2003 B O Shoot to Kill获奖作品.pdf,10,191680,False,6-1优秀论文库/美国大学生数学建模/2003/B题/2003 B O Shoot to Kill获奖作品.pdf,7fc0842e650becfe660d8dc0f2c7455d7ae9b950e6af0678fb0d66911cdcdfc2
美国大学生数学建模,2003,C题,2003 C H To Screen or Not2获奖作品.pdf,29,187135,False,6-1优秀论文库/美国大学生数学建模/2003/C题/2003 C H To Screen or Not2获奖作品.pdf,4c9655a0edbb18e7287a3eea6f3a77838ae794de5a9adc8966ef43b77b11b74e
美国大学生数学建模,2003,B题,问题B（Word转PDF）.pdf,2,148294,True,6-1优秀论文库/美国大学生数学建模/2003/B题/问题B（Word转PDF）.pdf,ff854433867ebfc3b9eb2ddd238dc343409d428097cb5c6bc253670a737755f1
美国大学生数学建模,2004,A题,s Commentary The Outstanding Fingerprints Papers获奖作品.pdf,7,323709,False,6-1优秀论文库/美国大学生数学建模/2004/A题/s Commentary The Outstanding Fingerprints Papers获奖作品.pdf,86f9506ab0fad08093dbd0232337714c1ba73c9725db2300f3b0a2d8d7c3cba2
美国大学生数学建模,2004,B题,本题共评出5份特等奖（Word转PDF）.pdf,4,133226,True,6-1优秀论文库/美国大学生数学建模/2004/B题/本题共评出5份特等奖（Word转PDF）.pdf,faceb6013ed794d22322d89dca8d6c5c2554203f06469aa9ede7f870f486fbb6
美国大学生数学建模,2004,B题,2004 B M Virtual Lines in Topoland with these Designs获奖作品.pdf,20,1194459,False,6-1优秀论文库/美国大学生数学建模/2004/B题/2004 B M Virtual Lines in Topoland with these Designs获奖作品.pdf,2e38e2c96d050e3e0463774cfe4464d143810736fe1e0b9edfc8b99f57945f6d
美国大学生数学建模,2004,B题,2004 B O Developing Improved Algorithms for QuickPass Systems.pdf 获奖作品.pdf,33,1826548,False,6-1优秀论文库/美国大学生数学建模/2004/B题/2004 B O Developing Improved Algorithms for QuickPass Systems.pdf 获奖作品.pdf,3f54f69363bde981c7f6dcfb39c36fc15c61fffe1cd5af6b2dead8c5f57439d6
美国大学生数学建模,2004,C题,本题共评出4份特等奖（Word转PDF）.pdf,2,108530,True,6-1优秀论文库/美国大学生数学建模/2004/C题/本题共评出4份特等奖（Word转PDF）.pdf,13aebeb53aadff668d1368671abc56153e7b8918a66315fb7c8f76fd10ac62f9
美国大学生数学建模,2004,C题,2004 C O Making the CIA Work for You获奖作品.pdf,15,585041,False,6-1优秀论文库/美国大学生数学建模/2004/C题/2004 C O Making the CIA Work for You获奖作品.pdf,efe7d8e265bdae20749400c1df1db5b8f1306b611e7e0618b706160a1008fbe5
美国大学生数学建模,2004,C题,2004 C H   Security Keep Hackers and Virus Out获奖作品.pdf,24,212524,False,6-1优秀论文库/美国大学生数学建模/2004/C题/2004 C H   Security Keep Hackers and Virus Out获奖作品.pdf,4f40f38575949a452f8153502b4a83dd420f4b2d05fd01db14e05c38b7292b2d
美国大学生数学建模,2004,B题,2004 B H Magic Regulation Scheme for QuickPass System获奖作品.pdf,5,97315,False,6-1优秀论文库/美国大学生数学建模/2004/B题/2004 B H Magic Regulation Scheme for QuickPass System获奖作品.pdf,a7cbf91de3126c1aa57ffb7c1b0080721d1d6addc04ceccd5052141da1c96a66
美国大学生数学建模,2004,B题,2004 B P Optimized QuickPass System获奖作品.pdf,12,930977,False,6-1优秀论文库/美国大学生数学建模/2004/B题/2004 B P Optimized QuickPass System获奖作品.pdf,22988a3e1bc3e74d4eec468e95df79588054c69bb8587486c408e1f7ce151adc
美国大学生数学建模,2004,C题,2004 C O Catch Thieves Online  IT Security获奖作品.pdf,15,558385,False,6-1优秀论文库/美国大学生数学建模/2004/C题/2004 C O Catch Thieves Online  IT Security获奖作品.pdf,f6ca45dad4d2fa296d2747921131513effcc2888fa70461418b9740fb12cdd04
美国大学生数学建模,2004,A题,本题共评出4份特等奖（Word转PDF）.pdf,3,125618,True,6-1优秀论文库/美国大学生数学建模/2004/A题/本题共评出4份特等奖（Word转PDF）.pdf,5a7ddeedbee9c778ebcf5b7cc5a2fc6bad9bdd24549e3df5f8e250fd5ebf5726
美国大学生数学建模,2004,B题,2004 B O Developing Improved Algorithms for QuickPass Systems获奖作品.pdf,19,717610,False,6-1优秀论文库/美国大学生数学建模/2004/B题/2004 B O Developing Improved Algorithms for QuickPass Systems获奖作品.pdf,6b6bd308296e088df8fd4d52eb8f45798ab878d3309ed751b05952d7233dd97f
美国大学生数学建模,2004,B题,2004 B P You Must Be at Least This Tall to Ride This Paper获奖作品.pdf,11,1022803,False,6-1优秀论文库/美国大学生数学建模/2004/B题/2004 B P You Must Be at Least This Tall to Ride This Paper获奖作品.pdf,55310c2192b29465f0a6233c6a6aadb988e57cf35a2fbcbe3a798f96c3410c52
美国大学生数学建模,2004,A题,2004 A O Not Such a Small Whorl After All获奖作品.pdf,15,706962,False,6-1优秀论文库/美国大学生数学建模/2004/A题/2004 A O Not Such a Small Whorl After All获奖作品.pdf,2ac6be9455b5ddb6d361c0cc4feb0eaf52ffeb37039e52dda64dfcf60d129851
美国大学生数学建模,2004,B题,2004 B H a Faster QuickPass System获奖作品.pdf,26,2229733,False,6-1优秀论文库/美国大学生数学建模/2004/B题/2004 B H a Faster QuickPass System获奖作品.pdf,f05826b48c08344b89b847f36aea9a57358f7d4fe5616687ca0ec4c2478f4e8c
美国大学生数学建模,2004,A题,2004 A O Z Rule of Thumb Prints Beat DNA获奖作品.pdf,2,54097,False,6-1优秀论文库/美国大学生数学建模/2004/A题/2004 A O Z Rule of Thumb Prints Beat DNA获奖作品.pdf,3a643c5dc48431804355e9403dd5a47473d6671b9cdae9b1d2ae38979c6624e3
美国大学生数学建模,2004,C题,C 题（Word转PDF）.pdf,8,277039,True,6-1优秀论文库/美国大学生数学建模/2004/C题/C 题（Word转PDF）.pdf,bdaff99bb9c81cb72a2ed46a48f0eca47108559a65d5316da42c5a261bf2296b
美国大学生数学建模,2004,C题,s All About the Bottom Line获奖作品.pdf,15,963746,False,6-1优秀论文库/美国大学生数学建模/2004/C题/s All About the Bottom Line获奖作品.pdf,0eefaf6e38f42c98449bce5fd3ad6c13ebee10950f8761912f3599f45cbe9f2f
美国大学生数学建模,2004,A题,s Commentary  Fingerprint Identification获奖作品.pdf,6,281072,False,6-1优秀论文库/美国大学生数学建模/2004/A题/s Commentary  Fingerprint Identification获奖作品.pdf,f554a9fc3d6d429b7f1cad3fccbadc22fb86645e9c58ac6a5be4d6fdb150844e
美国大学生数学建模,2004,B题,2004 B O A Myopic Aggregate-Decision Model for Reservation Systems in Amusement Parks获奖作品.pdf,21,829331,False,6-1优秀论文库/美国大学生数学建模/2004/B题/2004 B O A Myopic Aggregate-Decision Model for Reservation Systems in Amusement Parks获奖作品.pdf,a3174d3ccea3f9b95916f8a585f4252290fb4998af7b1472e3d8fbb88631f1d1
美国大学生数学建模,2004,B题,B 题（Word转PDF）.pdf,2,82419,True,6-1优秀论文库/美国大学生数学建模/2004/B题/B 题（Word转PDF）.pdf,c7bcef82e00c88dc27cae79809af50638846597de3cd3119d16d436af14aae32
美国大学生数学建模,2004,A题,2004 A M Fe-Fi-Fo Thumb获奖作品.pdf,18,1291218,False,6-1优秀论文库/美国大学生数学建模/2004/A题/2004 A M Fe-Fi-Fo Thumb获奖作品.pdf,32b8a68320c80a633331c983af2c461b12fa8c4851c6ea48c3e807117b4af2f4
美国大学生数学建模,2004,B题,2004 B P Make Your Way Faster获奖作品.pdf,11,123860,False,6-1优秀论文库/美国大学生数学建模/2004/B题/2004 B P Make Your Way Faster获奖作品.pdf,0c55d8ec247a289f1d82544d396648461e86f45edf2e3663ab486ddaa26cb72c
美国大学生数学建模,2004,C题,s Commentary The Outstanding Information Technology Security Paper获奖作品s.pdf,6,253660,False,6-1优秀论文库/美国大学生数学建模/2004/C题/s Commentary The Outstanding Information Technology Security Paper获奖作品s.pdf,48e0c7342c7310993be395a8031a0807ec13ad45428ff7d707872e4abe88780e
美国大学生数学建模,2004,A题,2004年国际大学生数学建模竞赛感受.pdf,5,237710,False,6-1优秀论文库/美国大学生数学建模/2004/A题/2004年国际大学生数学建模竞赛感受.pdf,97f5048470c44243e44f9fa7c49d7a04a144303f92bc5366aca493da2ff5a036
美国大学生数学建模,2004,B题,2004 B O Theme-Park Queueing Systems获奖作品.pdf,19,723011,False,6-1优秀论文库/美国大学生数学建模/2004/B题/2004 B O Theme-Park Queueing Systems获奖作品.pdf,de621fb113b6fc967a1bcca40ad158f030b2033a7a8feabaf87b532761a61fd1
美国大学生数学建模,2004,A题,2004 A O The Myth of The Myth of Fingerprints获奖作品.pdf,17,754733,False,6-1优秀论文库/美国大学生数学建模/2004/A题/2004 A O The Myth of The Myth of Fingerprints获奖作品.pdf,5cf3325ce8f0e84197315c34a42c805db53ec9186396e25c51379172d37415c3
美国大学生数学建模,2004,A题,t Quite Put Our Finger On It获奖作品.pdf,15,620062,False,6-1优秀论文库/美国大学生数学建模/2004/A题/t Quite Put Our Finger On It获奖作品.pdf,eccb26f731deb9b85291d6b688878e29797a90fd16ff09b52f6888f207aa4042
美国大学生数学建模,2004,B题,2004 B O Z Theme Park Simulation with a Nash-Equilibrium-Based Visitor Behavior Model获奖作品.pdf,2,57149,False,6-1优秀论文库/美国大学生数学建模/2004/B题/2004 B O Z Theme Park Simulation with a Nash-Equilibrium-Based Visitor Behavior Model获奖作品.pdf,26439f0ef36dcc4bc83f35622cca28c7b075e12bf5c3e217fccec8d146a7e05a
美国大学生数学建模,2004,C题,2004 C O Firewalls and Beyond Engineering IT Security获奖作品.pdf,15,654876,False,6-1优秀论文库/美国大学生数学建模/2004/C题/2004 C O Firewalls and Beyond Engineering IT Security获奖作品.pdf,642b2188a56f8fe42e8d31a2d7a9ca04f40e3aa5a71bd1a4b4291127c7c6cf77
美国大学生数学建模,2004,B题,2004 B O KalmanQueue  An Adaptive Approach to Virtual Queueing获奖作品.pdf,17,646062,False,6-1优秀论文库/美国大学生数学建模/2004/B题/2004 B O KalmanQueue  An Adaptive Approach to Virtual Queueing获奖作品.pdf,4e3659d812150edce72bb8e8f9d545e61c8dad8f12c66008e05e878781ce35bf
美国大学生数学建模,2004,C题,Commentary The Outstanding Information Technology Security Papers获奖作品.pdf,5,245848,False,6-1优秀论文库/美国大学生数学建模/2004/C题/Commentary The Outstanding Information Technology Security Papers获奖作品.pdf,8d5e979b4dce02e7d4a1ea6c90853528d484b9562bef87a554020ec0c0c50a8b
美国大学生数学建模,2004,A题,2004 MCM A 指纹是独一无二的吗（Word转PDF）.pdf,1,54560,True,6-1优秀论文库/美国大学生数学建模/2004/A题/2004 MCM A 指纹是独一无二的吗（Word转PDF）.pdf,5d0b27ad015f6c5a368af92b54f7ae19f83da473ce7564c604b6d69ae797b7c3
美国大学生数学建模,2005,B题,2005年国际大学生数学建模竞赛B题获奖论文（6）.pdf,29,180543,False,6-1优秀论文库/美国大学生数学建模/2005/B题/2005年国际大学生数学建模竞赛B题获奖论文（6）.pdf,cb3354419ad42381441780d8c678be9992d15eacd35f744acc74a7e93c3d82e6
美国大学生数学建模,2005,B题,2005年国际大学生数学建模竞赛B题获奖论文（1）.pdf,20,192744,False,6-1优秀论文库/美国大学生数学建模/2005/B题/2005年国际大学生数学建模竞赛B题获奖论文（1）.pdf,bee66cdc8e1e40d4986d47b0608ae5b3f9e22500096dd75e36cf886e13d4bf53
美国大学生数学建模,2005,B题,2005年国际大学生数学建模竞赛B题获奖论文（9）.pdf,19,1136560,False,6-1优秀论文库/美国大学生数学建模/2005/B题/2005年国际大学生数学建模竞赛B题获奖论文（9）.pdf,8c8ec603b1aef5fb262d2f00adb3a4e93afdaa2f2d65e6147926c7362566b8d6
美国大学生数学建模,2005,B题,2005年国际大学生数学建模竞赛B题获奖论文（2）.pdf,21,233849,False,6-1优秀论文库/美国大学生数学建模/2005/B题/2005年国际大学生数学建模竞赛B题获奖论文（2）.pdf,d31398141ed1e1875a5d9f5f9b0b3a2fffcc503c63873b53933d68bb310912b1
美国大学生数学建模,2005,C题,2005 C H A Projection of Southeast Alaskan Salmon Populations获奖作品.pdf,27,2069429,False,6-1优秀论文库/美国大学生数学建模/2005/C题/2005 C H A Projection of Southeast Alaskan Salmon Populations获奖作品.pdf,19fbc2a5068864e4a1996bef96da55f7f2f5e1de54ebc763dd02cbf46f1f68a4
美国大学生数学建模,2005,C题,2005 C O Preventing the Hydrocalypse获奖作品.pdf,19,1027214,False,6-1优秀论文库/美国大学生数学建模/2005/C题/2005 C O Preventing the Hydrocalypse获奖作品.pdf,9599fc3b631dc7b72e0447a13d47568206f4bb66edbfcd574837309accefb7c3
美国大学生数学建模,2005,A题,2005 A M One Two Step 获奖作品.pdf,16,1418887,False,6-1优秀论文库/美国大学生数学建模/2005/A题/2005 A M One Two Step 获奖作品.pdf,84f9974615c0324cfb774eb2f0991abbf498b079e5215b0019a4fcb61ac2422d
美国大学生数学建模,2005,A题,2005 A O Z Catastrophic Consequences of Earthquake Destruction of the Saluda Dam获奖作品.pdf,3,90942,False,6-1优秀论文库/美国大学生数学建模/2005/A题/2005 A O Z Catastrophic Consequences of Earthquake Destruction of the Saluda Dam获奖作品.pdf,4b4627817c657b70696c66b968b1cd25278c2b37ad48bb67d44b1807f4adbd7b
美国大学生数学建模,2005,B题,2005年国际大学生数学建模竞赛B题获奖论文（10）.pdf,16,1091821,False,6-1优秀论文库/美国大学生数学建模/2005/B题/2005年国际大学生数学建模竞赛B题获奖论文（10）.pdf,5ba0a7d8b77ec09640f51c87805bb7255ac94de3657f20b00be5a9ee6b8d65e9
美国大学生数学建模,2005,B题,2005年国际大学生数学建模竞赛B题获奖论文（15）.pdf,10,660567,False,6-1优秀论文库/美国大学生数学建模/2005/B题/2005年国际大学生数学建模竞赛B题获奖论文（15）.pdf,24ab6bdd51c7236531313495a87ee4463bd78079604ebba7a09baab9dc30fae7
美国大学生数学建模,2005,C题,s Commentary The Outstanding Exhaustible Resource Papers获奖作品.pdf,7,458533,False,6-1优秀论文库/美国大学生数学建模/2005/C题/s Commentary The Outstanding Exhaustible Resource Papers获奖作品.pdf,e959fcb024189c3f8d2aeedc40fba0abac1c87f037b4216674b0a31574bc84dd
美国大学生数学建模,2005,B题,2005年国际大学生数学建模竞赛B题获奖论文（4）.pdf,19,255655,False,6-1优秀论文库/美国大学生数学建模/2005/B题/2005年国际大学生数学建模竞赛B题获奖论文（4）.pdf,b3ec2903ae5e4d93ecc9058f808a449ae319f305ee02308138357ce315c1fcc1
美国大学生数学建模,2005,C题,s Commentary The Outstanding Exhaustible Resource Papers2获奖作品.pdf,5,268120,False,6-1优秀论文库/美国大学生数学建模/2005/C题/s Commentary The Outstanding Exhaustible Resource Papers2获奖作品.pdf,4e876637dc3fef161b8a59e2ebbd0fbf7680a5ceb2262105fb19f034863d5f1d
美国大学生数学建模,2005,C题,PROBLEM C（Word转PDF）.pdf,2,158363,True,6-1优秀论文库/美国大学生数学建模/2005/C题/PROBLEM C（Word转PDF）.pdf,062046494a48aa198021865279206cff0bba5e4427f10f753f6c97b5889793e3
美国大学生数学建模,2005,B题,2005年国际大学生数学建模竞赛B题获奖论文（5）.pdf,20,280159,False,6-1优秀论文库/美国大学生数学建模/2005/B题/2005年国际大学生数学建模竞赛B题获奖论文（5）.pdf,3af32425b63688349b2e26a4a14823c52b77fc7556f72f75a7d1d847ef659406
美国大学生数学建模,2005,B题,2005年国际大学生数学建模竞赛B题获奖论文（11）.pdf,17,922967,False,6-1优秀论文库/美国大学生数学建模/2005/B题/2005年国际大学生数学建模竞赛B题获奖论文（11）.pdf,3026dad62af58b4f6b6bf8bbdf7a88ba2e00043ef79c82284677c43f2aad3adb
美国大学生数学建模,2005,A题,2005 A O Analysis of Dam Failure in the Saluda River Valley获奖作品.pdf,18,1002730,False,6-1优秀论文库/美国大学生数学建模/2005/A题/2005 A O Analysis of Dam Failure in the Saluda River Valley获奖作品.pdf,5210f047d1d4162a413ba3ce94b9638d5953313476d120cbdee4adfacfaab6b3
美国大学生数学建模,2005,C题,2005 C H The future of “black gold”获奖作品.pdf,30,513514,False,6-1优秀论文库/美国大学生数学建模/2005/C题/2005 C H The future of “black gold”获奖作品.pdf,3d6f3adb3c5f5bb559f00735ca14cdb8d6da2dd7756c91f71013c53fa4cb66d3
美国大学生数学建模,2005,B题,2005年国际大学生数学建模竞赛B题获奖论文（14）.pdf,20,1140022,False,6-1优秀论文库/美国大学生数学建模/2005/B题/2005年国际大学生数学建模竞赛B题获奖论文（14）.pdf,c6daf33dfda7d430becddabb6880bd62538f8a9cdbc30d36afc9b1b35eda8a70
美国大学生数学建模,2005,A题,PROBLEM A（Word转PDF）.pdf,1,72098,True,6-1优秀论文库/美国大学生数学建模/2005/A题/PROBLEM A（Word转PDF）.pdf,623498c4ce91a08466a16a86fa22d0f5ccc52e1fc228f340a1f24b47666bc235
美国大学生数学建模,2005,C题,2005 C O The Petroleum Armageddon获奖作品.pdf,13,727642,False,6-1优秀论文库/美国大学生数学建模/2005/C题/2005 C O The Petroleum Armageddon获奖作品.pdf,b4857428fd1a49299b14be73cd489779e35726921c23a9755c740decbfa42206
美国大学生数学建模,2005,B题,2005年国际大学生数学建模竞赛B题获奖论文（12）.pdf,50,1371490,False,6-1优秀论文库/美国大学生数学建模/2005/B题/2005年国际大学生数学建模竞赛B题获奖论文（12）.pdf,e0b2c83c5ad7551765e292596fdb5eba0cf3d0af157eddccdba3fda8e0709040
美国大学生数学建模,2005,C题,2005 C H When will the oil run out2获奖作品.pdf,21,360762,False,6-1优秀论文库/美国大学生数学建模/2005/C题/2005 C H When will the oil run out2获奖作品.pdf,e709856d5722dad82db843b103077a92b19d4ec4cc4d9ef64c4c388dfa3ea9c7
美国大学生数学建模,2005,C题,本题共评出3份特等奖（Word转PDF）.pdf,2,109639,True,6-1优秀论文库/美国大学生数学建模/2005/C题/本题共评出3份特等奖（Word转PDF）.pdf,e48bd77915238bfa8fbdad907f52569e0c347dba91130a553163500c24b3d562
美国大学生数学建模,2005,C题,2005 C J Editorial Where Else to Publish获奖作品.pdf,23,1088707,False,6-1优秀论文库/美国大学生数学建模/2005/C题/2005 C J Editorial Where Else to Publish获奖作品.pdf,d716c8e6ced6d4bc616f0c183e4647efae14ed83ee13d4bc092d3170e62ad0b8
美国大学生数学建模,2005,A题,s Commentary  The Outstanding Flood Planning Papers.pdf,4,150425,False,6-1优秀论文库/美国大学生数学建模/2005/A题/s Commentary  The Outstanding Flood Planning Papers.pdf,72c5c84682b80dcdfeded7efd803e5484db3f000c1764efb9a37ff687145696e
美国大学生数学建模,2005,B题,2005年国际大学生数学建模竞赛B题获奖论文（8）.pdf,19,1088224,False,6-1优秀论文库/美国大学生数学建模/2005/B题/2005年国际大学生数学建模竞赛B题获奖论文（8）.pdf,cc1ce0d516c5d9411a3201e29761d1a5babb8dbe357182c8a51856411a0fb149
美国大学生数学建模,2005,C题,2005 C O The Coming Oil Crisis获奖作品.pdf,19,860078,False,6-1优秀论文库/美国大学生数学建模/2005/C题/2005 C O The Coming Oil Crisis获奖作品.pdf,67c3ad24c25ed2a143f5d5df9bf704d097319457c0846422df09887a2410f795
美国大学生数学建模,2005,B题,2005年国际大学生数学建模竞赛B题获奖论文（13）.pdf,12,709337,False,6-1优秀论文库/美国大学生数学建模/2005/B题/2005年国际大学生数学建模竞赛B题获奖论文（13）.pdf,46da39d04fae13e275880d8006427a5667e627f9ce46152f60cdd2d635b2bbaf
美国大学生数学建模,2005,B题,2005年国际大学生数学建模竞赛B题获奖论文（3）.pdf,28,217634,False,6-1优秀论文库/美国大学生数学建模/2005/B题/2005年国际大学生数学建模竞赛B题获奖论文（3）.pdf,ccc3c1ea24e5191c289d2d5d8edaf49168120014d2be834ee38906198a842b43
美国大学生数学建模,2005,A题,本题共评出3份特等奖（Word转PDF）.pdf,2,135614,True,6-1优秀论文库/美国大学生数学建模/2005/A题/本题共评出3份特等奖（Word转PDF）.pdf,177f2ebd91993724184daa62755648fae26f9b49c56c26cb695f2bd42d5bc09d
美国大学生数学建模,2005,B题,2005年国际大学生数学建模竞赛B题获奖论文（7）.pdf,16,975260,False,6-1优秀论文库/美国大学生数学建模/2005/B题/2005年国际大学生数学建模竞赛B题获奖论文（7）.pdf,d2f3bf61a497b83720443fee66744ad386af285d28429ad5314f2d06376beb6f
美国大学生数学建模,2005,C题,2005 C H Between a Rockfish and a Hard Plaice获奖作品.pdf,28,1071889,False,6-1优秀论文库/美国大学生数学建模/2005/C题/2005 C H Between a Rockfish and a Hard Plaice获奖作品.pdf,a73c2e643575d98692bbd393c3107d9bacb3c94eda1349865ecc5425f47275ec
美国大学生数学建模,2005,A题,2005 A O Through the Breach  Modeling Flooding from a Dam Failure in South Carolina获奖作品.pdf,19,1112073,False,6-1优秀论文库/美国大学生数学建模/2005/A题/2005 A O Through the Breach  Modeling Flooding from a Dam Failure in South Carolina获奖作品.pdf,f46222151880c96ef2a29418d32d9b838ce5e59be833af710691b171054bf909
美国大学生数学建模,2005,A题,2005 A O From Lake Murray to a Dam Slurry获奖作品.pdf,18,1302245,False,6-1优秀论文库/美国大学生数学建模/2005/A题/2005 A O From Lake Murray to a Dam Slurry获奖作品.pdf,b44c9ce63d0bffc006b62e52d3941cfdaef770fb5a9a316dbdbeb1834bed05c1
美国大学生数学建模,2006,B题,2006年国际大学生数学建模竞赛B题获奖论文（5）.pdf,21,191860,False,6-1优秀论文库/美国大学生数学建模/2006/B题/2006年国际大学生数学建模竞赛B题获奖论文（5）.pdf,83e36a2224195b5c725dcc5dca0bcaa088a6a8133f8b77191040891a97d49f85
美国大学生数学建模,2006,C题,2006年国际大学生数学建模竞赛ICM题获奖论文（5）.pdf,19,801640,False,6-1优秀论文库/美国大学生数学建模/2006/C题/2006年国际大学生数学建模竞赛ICM题获奖论文（5）.pdf,d90ce05da31847b28d4b998213f9c3597c01338415713e0c62d11a22165c1799
美国大学生数学建模,2006,C题,2006年国际大学生数学建模竞赛ICM题获奖论文（10）.pdf,17,632563,False,6-1优秀论文库/美国大学生数学建模/2006/C题/2006年国际大学生数学建模竞赛ICM题获奖论文（10）.pdf,d2a1af52bbde8da2fc3b3e0bd7d603e02c8096d9d03e960183c267febf3179e4
美国大学生数学建模,2006,C题,2006年国际大学生数学建模竞赛ICM题获奖论文（3）.pdf,3,146873,False,6-1优秀论文库/美国大学生数学建模/2006/C题/2006年国际大学生数学建模竞赛ICM题获奖论文（3）.pdf,1d7e14ddc13c57b76323fcc29233722e01b1cd79ef03b6cbf02505a975c0cf49
美国大学生数学建模,2006,A题,2006年国际大学生数学建模竞赛A题获奖论文（7）.pdf,16,2237149,False,6-1优秀论文库/美国大学生数学建模/2006/A题/2006年国际大学生数学建模竞赛A题获奖论文（7）.pdf,0cf7cc3d5cfa744109c454bb4564cda1624b8fabd9e63487bb1ca07f61510a00
美国大学生数学建模,2006,C题,2006年国际大学生数学建模竞赛ICM题获奖论文（8）.pdf,13,608534,False,6-1优秀论文库/美国大学生数学建模/2006/C题/2006年国际大学生数学建模竞赛ICM题获奖论文（8）.pdf,54aea827031de929434ffa994924ea47ee51857acfc2f21f142aa1acf1370d4a
美国大学生数学建模,2006,A题,2006年国际大学生数学建模竞赛A题获奖论文（4）.pdf,27,746048,False,6-1优秀论文库/美国大学生数学建模/2006/A题/2006年国际大学生数学建模竞赛A题获奖论文（4）.pdf,ab8b4d493cc9e160e622572c9abb02a134ff3256d9b57a561ff594179f87f1c0
美国大学生数学建模,2006,B题,2006年国际大学生数学建模竞赛B题获奖论文（8）.pdf,20,925204,False,6-1优秀论文库/美国大学生数学建模/2006/B题/2006年国际大学生数学建模竞赛B题获奖论文（8）.pdf,1dd0e4bc5ee9fb1a14dae0adf963518600a075d03e9e8b6483d0fac620f215bf
美国大学生数学建模,2006,A题,2006年国际大学生数学建模竞赛A题获奖论文（1）.pdf,22,1334135,False,6-1优秀论文库/美国大学生数学建模/2006/A题/2006年国际大学生数学建模竞赛A题获奖论文（1）.pdf,eceda2dba3b071d1635a8807ee5e6d5432934e704582147f365893abe1827c77
美国大学生数学建模,2006,A题,2006年国际大学生数学建模竞赛A题获奖论文（10）.pdf,15,688246,False,6-1优秀论文库/美国大学生数学建模/2006/A题/2006年国际大学生数学建模竞赛A题获奖论文（10）.pdf,955e8ff20cc3301277ef43dfd86ae99e15215ffe97ff9a26c3113d38534d122a
美国大学生数学建模,2006,A题,2006年国际大学生数学建模竞赛A题获奖论文（9）.pdf,17,199952,False,6-1优秀论文库/美国大学生数学建模/2006/A题/2006年国际大学生数学建模竞赛A题获奖论文（9）.pdf,545b33254d400499a52804d9c4b3196366eab39a1541791e364c87c247f40cbc
美国大学生数学建模,2006,C题,2006年国际大学生数学建模竞赛ICM题获奖论文（11）.pdf,4,184588,False,6-1优秀论文库/美国大学生数学建模/2006/C题/2006年国际大学生数学建模竞赛ICM题获奖论文（11）.pdf,0a69cd4e80b57485ea2818d6c96280525d19d378d773b591c545caa0c132d112
美国大学生数学建模,2006,A题,2006年国际大学生数学建模竞赛A题获奖论文（2）.pdf,12,728169,False,6-1优秀论文库/美国大学生数学建模/2006/A题/2006年国际大学生数学建模竞赛A题获奖论文（2）.pdf,77d23f636d7bd0c3d3addcf05f4d8895632c983f695fb7866c934cee30a14c30
美国大学生数学建模,2006,B题,2006年国际大学生数学建模竞赛B题获奖论文（11）.pdf,19,483005,False,6-1优秀论文库/美国大学生数学建模/2006/B题/2006年国际大学生数学建模竞赛B题获奖论文（11）.pdf,4a742ada6f0946f9d139d2f64e8ffe206320e13b9f5b002c2084496e15642170
美国大学生数学建模,2006,C题,2006年国际大学生数学建模竞赛ICM题获奖论文（9）.pdf,32,283260,False,6-1优秀论文库/美国大学生数学建模/2006/C题/2006年国际大学生数学建模竞赛ICM题获奖论文（9）.pdf,dd809734e8f3d5d5cc4ad987d8f26e6367429dbd3eb8d54e05ae3d30334fdd0e
美国大学生数学建模,2006,B题,2006年国际大学生数学建模竞赛B题获奖论文（10）.pdf,14,2140040,False,6-1优秀论文库/美国大学生数学建模/2006/B题/2006年国际大学生数学建模竞赛B题获奖论文（10）.pdf,3fcf9d7a1475b0245f72b5bfa871e0c4635887514f554e916d8dae457283d537
美国大学生数学建模,2006,C题,2006年国际大学生数学建模竞赛ICM题获奖论文（7）.pdf,61,1087196,False,6-1优秀论文库/美国大学生数学建模/2006/C题/2006年国际大学生数学建模竞赛ICM题获奖论文（7）.pdf,dbb3e0b043173dbf5bff34f8a9ae93e766e0e6d0a549bf64f32aa8ecbb4f19bd
美国大学生数学建模,2006,A题,2006年国际大学生数学建模竞赛A题获奖论文（11）.pdf,23,335087,False,6-1优秀论文库/美国大学生数学建模/2006/A题/2006年国际大学生数学建模竞赛A题获奖论文（11）.pdf,12787fd8f903c7947f208b5ef4b9a66de3d00982aa594ed77ada15fd1e296153
美国大学生数学建模,2006,A题,2006年国际大学生数学建模竞赛A题获奖论文（5）.pdf,11,264129,False,6-1优秀论文库/美国大学生数学建模/2006/A题/2006年国际大学生数学建模竞赛A题获奖论文（5）.pdf,259af45e979a7d6e7e8922f1024652d204d4ff1e5287775177bf287d96560a6a
美国大学生数学建模,2006,B题,2006年国际大学生数学建模竞赛B题获奖论文（1）.pdf,27,497944,False,6-1优秀论文库/美国大学生数学建模/2006/B题/2006年国际大学生数学建模竞赛B题获奖论文（1）.pdf,f9410c06684897fe932adf5de421c523c29ae963b2122e90d11125f2eb303f06
美国大学生数学建模,2006,A题,2006年国际大学生数学建模竞赛A题获奖论文（8）.pdf,14,1777257,False,6-1优秀论文库/美国大学生数学建模/2006/A题/2006年国际大学生数学建模竞赛A题获奖论文（8）.pdf,05509d7d3f04aa0ba304be0677ab355c3159dfa268d8c88090e241e1cd60981a
美国大学生数学建模,2006,A题,2006年国际大学生数学建模竞赛A题获奖论文（12）.pdf,10,1567669,False,6-1优秀论文库/美国大学生数学建模/2006/A题/2006年国际大学生数学建模竞赛A题获奖论文（12）.pdf,978bb4b825f07fb5a128de0c7e5186157b3479ac485c906283fd87220045b6b8
美国大学生数学建模,2006,B题,2006年国际大学生数学建模竞赛B题获奖论文（3）.pdf,25,276375,False,6-1优秀论文库/美国大学生数学建模/2006/B题/2006年国际大学生数学建模竞赛B题获奖论文（3）.pdf,916947e7ea8e11bdd960002298da946ba564106bd25f374cfcde1e22ecaac139
美国大学生数学建模,2006,B题,2006年国际大学生数学建模竞赛B题获奖论文（4）.pdf,15,144065,False,6-1优秀论文库/美国大学生数学建模/2006/B题/2006年国际大学生数学建模竞赛B题获奖论文（4）.pdf,390845afeb69210d23fc7bb6752acc0e57260cba165873a66e86a2b98124e05a
美国大学生数学建模,2006,A题,2006年国际大学生数学建模竞赛A题获奖论文（13）.pdf,20,2939611,False,6-1优秀论文库/美国大学生数学建模/2006/A题/2006年国际大学生数学建模竞赛A题获奖论文（13）.pdf,5aae1ff85ce899398011398301008321e99b6f8f28949ab3e01fd76e311bd0f4
美国大学生数学建模,2006,C题,2006年国际大学生数学建模竞赛ICM题获奖论文（2）.pdf,19,212432,False,6-1优秀论文库/美国大学生数学建模/2006/C题/2006年国际大学生数学建模竞赛ICM题获奖论文（2）.pdf,d23d839be3010a50a9f6ed0494686a329c9425ae70cd799f4d1a4da359ee90ca
美国大学生数学建模,2006,A题,2006年国际大学生数学建模竞赛A题获奖论文（6）.pdf,27,222181,False,6-1优秀论文库/美国大学生数学建模/2006/A题/2006年国际大学生数学建模竞赛A题获奖论文（6）.pdf,eaadf1bb717ff56799a0efde2cf53a63c75abf1c8a6210fc1d73667d959da45f
美国大学生数学建模,2006,B题,2006年国际大学生数学建模竞赛B题获奖论文（2）.pdf,30,496868,False,6-1优秀论文库/美国大学生数学建模/2006/B题/2006年国际大学生数学建模竞赛B题获奖论文（2）.pdf,d7f0e06a2c10a19bcccf24b3452875387d9ebf817c1b9cd045394560ce375c96
美国大学生数学建模,2006,A题,2006年国际大学生数学建模竞赛A题获奖论文（14）.pdf,5,613916,False,6-1优秀论文库/美国大学生数学建模/2006/A题/2006年国际大学生数学建模竞赛A题获奖论文（14）.pdf,a6a6aaf58bf19894b9cd433204c14765db3497e59d2da66eea78742faf4f18c6
美国大学生数学建模,2006,A题,2006年国际大学生数学建模竞赛A题获奖论文（3）.pdf,13,311328,False,6-1优秀论文库/美国大学生数学建模/2006/A题/2006年国际大学生数学建模竞赛A题获奖论文（3）.pdf,ddd983d28a3ab3aaf9664549d12191e18cee849b3195f436139115e23320f6ad
美国大学生数学建模,2006,综合,美国大学生数学建模大赛2006年MCM特等奖论文集.pdf,96,1197080,False,6-1优秀论文库/美国大学生数学建模/2006/综合/美国大学生数学建模大赛2006年MCM特等奖论文集.pdf,204f0cd978724ee60ca57faf8b76198e3fd713c798eb03146e86ecb5a7c88049
美国大学生数学建模,2006,B题,2006年国际大学生数学建模竞赛B题获奖论文（9）.pdf,17,2765605,False,6-1优秀论文库/美国大学生数学建模/2006/B题/2006年国际大学生数学建模竞赛B题获奖论文（9）.pdf,759458cf55562f84ec704b4ec8a481dbee49a57fd0fb6435cf2f5a6e1c5452ec
美国大学生数学建模,2006,C题,2006年国际大学生数学建模竞赛ICM题获奖论文（1）.pdf,31,237270,False,6-1优秀论文库/美国大学生数学建模/2006/C题/2006年国际大学生数学建模竞赛ICM题获奖论文（1）.pdf,722888eb1add33ecb83a0298a6cbc4cc0cda05dccc52d7e052b7fa8653db16c9
美国大学生数学建模,2006,C题,2006年国际大学生数学建模竞赛ICM题获奖论文（6）.pdf,17,755694,False,6-1优秀论文库/美国大学生数学建模/2006/C题/2006年国际大学生数学建模竞赛ICM题获奖论文（6）.pdf,0ffc2a16a1a06c1a8ac09003c0d74afdf80fe228890f9c7085c9912f86ee6c8b
美国大学生数学建模,2006,C题,2006年国际大学生数学建模竞赛ICM题获奖论文（4）.pdf,68,624970,False,6-1优秀论文库/美国大学生数学建模/2006/C题/2006年国际大学生数学建模竞赛ICM题获奖论文（4）.pdf,c2624ce8d05e1f30d6a88977f14da0916b074def7ddc4b63a01331de7c3494c9
美国大学生数学建模,2007,B题,2007 B O Novel Approaches to Airplane Boarding获奖作品.pdf,50,1547935,False,6-1优秀论文库/美国大学生数学建模/2007/B题/2007 B O Novel Approaches to Airplane Boarding获奖作品.pdf,230cf8856cb173db8221f3e47f72c4812b0e00cb8a4ea4f33d04d9cd72288a5e
美国大学生数学建模,2007,C题,2007 C H Organ Transplant The Kidney Exchange Problem 2获奖作品.pdf,70,1237832,False,6-1优秀论文库/美国大学生数学建模/2007/C题/2007 C H Organ Transplant The Kidney Exchange Problem 2获奖作品.pdf,e2988f1e7e5edd59139f13e89233aafbe118e3564bbbb3db8b6fa48c4bd4bca2
美国大学生数学建模,2007,B题,2007 B O Z Boarding-Step by Step获奖作品.pdf,3,75608,False,6-1优秀论文库/美国大学生数学建模/2007/B题/2007 B O Z Boarding-Step by Step获奖作品.pdf,e4b7214601ed0a9f6ad6d1845dec8086e845b0a90358d2a7105238e7c0d6b6b9
美国大学生数学建模,2007,C题,2007 C C Organ Transplant The Kidney Exchange Problem获奖作品.pdf,68,1745220,False,6-1优秀论文库/美国大学生数学建模/2007/C题/2007 C C Organ Transplant The Kidney Exchange Problem获奖作品.pdf,064d8dca0f723ad09b460fca8003c48dd71aac53de08b3b9b0bd4aad2c6fc0da
美国大学生数学建模,2007,A题,2007 A H Genetic Algorithm for Non-Partisan Legislative Districting获奖作品.pdf,15,1814900,False,6-1优秀论文库/美国大学生数学建模/2007/A题/2007 A H Genetic Algorithm for Non-Partisan Legislative Districting获奖作品.pdf,c0ad4e6ad59c2bef57fd21f14501566270231e3aeddf8c893fc4e07edaa0412a
美国大学生数学建模,2007,B题,1（Word转PDF）.pdf,6,189201,True,6-1优秀论文库/美国大学生数学建模/2007/B题/1（Word转PDF）.pdf,ba00fd73b951f75b3720f0df529fdb48f2f88ec0e634a273635b9d62052f399f
美国大学生数学建模,2007,B题,2007 B O Boarding at the Speed of Flight获奖作品.pdf,30,2011975,False,6-1优秀论文库/美国大学生数学建模/2007/B题/2007 B O Boarding at the Speed of Flight获奖作品.pdf,426163f22c6ba57c0ab07222fb5b9a294034fa267ed7949f65ae0650b3116e2a
美国大学生数学建模,2007,C题,The TWO Outstanding Winners of the INTERDISCIPLINARY ICM（Word转PDF）.pdf,2,106613,True,6-1优秀论文库/美国大学生数学建模/2007/C题/The TWO Outstanding Winners of the INTERDISCIPLINARY ICM（Word转PDF）.pdf,699459931136dff35567a47f78182fb5fcd627ba30728652dc34b072f6028eaf
美国大学生数学建模,2007,综合,美国大学生数学建模大赛2007年MCM特等奖论文集.pdf,96,1692655,False,6-1优秀论文库/美国大学生数学建模/2007/综合/美国大学生数学建模大赛2007年MCM特等奖论文集.pdf,d585f316b4797eecab355d43993929be825d451051b1a0221f1d5597172b6793
美国大学生数学建模,2007,B题,2007 B M An Analysis of the Kidney Transplant Network获奖作品.pdf,28,1505311,False,6-1优秀论文库/美国大学生数学建模/2007/B题/2007 B M An Analysis of the Kidney Transplant Network获奖作品.pdf,76adde9aa2c7272047c0394b45f83c0ddb68825be2b2cadff0ae50eecc74c4f4
美国大学生数学建模,2007,B题,2007 B O Z Best Boarding uses Buffers获奖作品.pdf,2,53628,False,6-1优秀论文库/美国大学生数学建模/2007/B题/2007 B O Z Best Boarding uses Buffers获奖作品.pdf,300e2a91167631aa0dd902ff10388911287e03544e752f93bcbf53b266087dd5
美国大学生数学建模,2007,A题,2007 A O Applying Voronoi Diagrams to the Redistricting Problem获奖作品.pdf,21,1101657,False,6-1优秀论文库/美国大学生数学建模/2007/A题/2007 A O Applying Voronoi Diagrams to the Redistricting Problem获奖作品.pdf,e44ee158eaf8ac70c846b4584f1c3a6eff38029b4b26c5a5c3673742fd37831a
美国大学生数学建模,2007,C题,s Commentary The Outstanding Kidney Exchange Papers获奖作品.pdf,12,720098,False,6-1优秀论文库/美国大学生数学建模/2007/C题/s Commentary The Outstanding Kidney Exchange Papers获奖作品.pdf,88a52911575d7e5419361de8454282aa461555ff1398e1223d23a48116c1fa98
美国大学生数学建模,2007,C题,2007 C O Optimizing the Effectiveness of Organ Allocation获奖作品.pdf,22,1386092,False,6-1优秀论文库/美国大学生数学建模/2007/C题/2007 C O Optimizing the Effectiveness of Organ Allocation获奖作品.pdf,91f73300cb9880bffd2907eef223d7f1ec0f9166f369d0df6b26fe92a1b00977
美国大学生数学建模,2007,B题,2007 B H A Practical Approach to Boarding Deboarding an A380获奖作品.pdf,21,1458813,False,6-1优秀论文库/美国大学生数学建模/2007/B题/2007 B H A Practical Approach to Boarding Deboarding an A380获奖作品.pdf,d81904f7ac8d99a2876bc748f06ecffd96542b940836c66bb0132c21ccd9dfc1
美国大学生数学建模,2007,A题,2007 A O When Topologists Are Politicians获奖作品.pdf,18,1369126,False,6-1优秀论文库/美国大学生数学建模/2007/A题/2007 A O When Topologists Are Politicians获奖作品.pdf,8452a9df02e6201931ecebdf26211def08312574eccba3404d0f3f5fafa47647
美国大学生数学建模,2007,B题,Commentary The Fusaro Award Airplane Seating Pape获奖作品r.pdf,4,139600,False,6-1优秀论文库/美国大学生数学建模/2007/B题/Commentary The Fusaro Award Airplane Seating Pape获奖作品r.pdf,d3e1ea9166f051c2afbab81b47032fa3e28e8fa484a8dcce2d41df58d238c8ab
美国大学生数学建模,2007,B题,2007 B O American Airlines  Next Top Model获奖作品.pdf,12,608221,False,6-1优秀论文库/美国大学生数学建模/2007/B题/2007 B O American Airlines  Next Top Model获奖作品.pdf,758ff1f06409c95c58152d638c281b8dfb4ddb34c0b1bb6d0fdef8f1b49637ad
美国大学生数学建模,2007,C题,s Commentary The Outstanding Kidney Exchange Papers2获奖作品.pdf,6,391819,False,6-1优秀论文库/美国大学生数学建模/2007/C题/s Commentary The Outstanding Kidney Exchange Papers2获奖作品.pdf,c0e8ad7a604815a87da3faa96a5261fdfe868630fa91ca38db4fe461afd078f0
美国大学生数学建模,2007,B题,PROBLEM B（Word转PDF）.pdf,1,97358,True,6-1优秀论文库/美国大学生数学建模/2007/B题/PROBLEM B（Word转PDF）.pdf,91b558244a3e68f8439978dcfbdf17f54617e15b85e42d6458426d9ca1186af9
美国大学生数学建模,2007,C题,2007 C H 王教团（信息与计算科学）周朝卫（信息与计算科学）周龙飞（信息管理与信息系统）获奖作品.pdf,70,407535,False,6-1优秀论文库/美国大学生数学建模/2007/C题/2007 C H 王教团（信息与计算科学）周朝卫（信息与计算科学）周龙飞（信息管理与信息系统）获奖作品.pdf,f4c940c533736e32c7726f824b2e117031295b9a4c3037ec51cd419452d6b980
美国大学生数学建模,2007,B题,2007 B O Z Deboarding Strategy获奖作品.pdf,2,40719,False,6-1优秀论文库/美国大学生数学建模/2007/B题/2007 B O Z Deboarding Strategy获奖作品.pdf,b9dd81d47de4788efa9a5ce096316279a42a64797f5683c0c5188d505af8ece6
美国大学生数学建模,2007,A题,本题共评出5份特等奖（Word转PDF）.pdf,3,116698,True,6-1优秀论文库/美国大学生数学建模/2007/A题/本题共评出5份特等奖（Word转PDF）.pdf,b0607e61109b6985478c137a8fa7dbc5a3c38589e5fab44f8b94278121fd2e52
美国大学生数学建模,2007,C题,Problem C（Word转PDF）.pdf,5,68588,True,6-1优秀论文库/美国大学生数学建模/2007/C题/Problem C（Word转PDF）.pdf,3f96275b0a4735b3b3c04b6b876507ebdc4dd31326021218e8812f856bfec468
美国大学生数学建模,2007,B题,2007 B O Z Airliner Boarding and Deplaning Strategy2获奖作品.pdf,2,54698,False,6-1优秀论文库/美国大学生数学建模/2007/B题/2007 B O Z Airliner Boarding and Deplaning Strategy2获奖作品.pdf,e19c3d4b1a165c1360f965971dc49753774318e2f086194aa94fae70df627f48
美国大学生数学建模,2007,A题,2007 A O Z Electoral Redistricting with Moment of Inerti获奖作品a.pdf,2,53417,False,6-1优秀论文库/美国大学生数学建模/2007/A题/2007 A O Z Electoral Redistricting with Moment of Inerti获奖作品a.pdf,60f46a45c32a8eece62faebe504b82e712a7ebe26762c7023c26f2a8bb6a1230
美国大学生数学建模,2007,B题,2007 B O Z Modeling Airplane Boarding Procedures获奖作品.pdf,2,31296,False,6-1优秀论文库/美国大学生数学建模/2007/B题/2007 B O Z Modeling Airplane Boarding Procedures获奖作品.pdf,e16539197b2a1bcce4e8fa9e7778ea75473606b1476be79144568e15c2c729a9
美国大学生数学建模,2007,B题,2007 B H 朱姝（自动化）、朱俊华（自动化）、丁金金（信息与计算科学）获奖作品.pdf,38,485718,False,6-1优秀论文库/美国大学生数学建模/2007/B题/2007 B H 朱姝（自动化）、朱俊华（自动化）、丁金金（信息与计算科学）获奖作品.pdf,63d797e71d447dd2371072eb82b8d99e844502f5d09d9c6c04b91bc7d36c8037
美国大学生数学建模,2007,B题,2007 B M A Quadrilateral Approach to Congressional Districting获奖作品.pdf,42,462373,False,6-1优秀论文库/美国大学生数学建模/2007/B题/2007 B M A Quadrilateral Approach to Congressional Districting获奖作品.pdf,264388cab1326cc9887d0989055eeda5bb62f9d3d964b6291630fc4070c69792
美国大学生数学建模,2007,C题,Commentary The Outstanding Kidney Exchange Papers获奖作品.pdf,8,532404,False,6-1优秀论文库/美国大学生数学建模/2007/C题/Commentary The Outstanding Kidney Exchange Papers获奖作品.pdf,c0b58ff4910d9199b6105a8cf86d3fc12a4a5492ceeed5be8e5ff292c4a707ca
美国大学生数学建模,2007,B题,2007 B H 陈侠航（数学与应用数学）何军（测控技术与仪器）杨水生（数学与应用数学）获奖作品.pdf,32,433537,False,6-1优秀论文库/美国大学生数学建模/2007/B题/2007 B H 陈侠航（数学与应用数学）何军（测控技术与仪器）杨水生（数学与应用数学）获奖作品.pdf,6a2751d279085ab7ac84fa14ffca886d7e0dfbc1f68c1ebb5fb676bb583542d9
美国大学生数学建模,2007,C题,2007 C J Write Your Own Contest Entry获奖作品.pdf,6,308567,False,6-1优秀论文库/美国大学生数学建模/2007/C题/2007 C J Write Your Own Contest Entry获奖作品.pdf,be224ef0a47ddb2c8e44f64a9ae9030441c055c2f2b13b58b13c32144fdd445a
美国大学生数学建模,2007,A题,2007 A O A Cluster-Theoretic Approach to Political Districting获奖作品.pdf,19,1238083,False,6-1优秀论文库/美国大学生数学建模/2007/A题/2007 A O A Cluster-Theoretic Approach to Political Districting获奖作品.pdf,5b1a498bfe7fa037e53b892d0bd11feb1d7fa5b69482c400002e3466c0316d14
美国大学生数学建模,2007,A题,2007 A O Z What to Feed a Gerrymander获奖作品.pdf,1,40161,False,6-1优秀论文库/美国大学生数学建模/2007/A题/2007 A O Z What to Feed a Gerrymander获奖作品.pdf,f8dd7078fe7331d059c5b51a1d21f0e157e30533329c3193834eebf0a58de6fb
美国大学生数学建模,2007,B题,2007 B O Z The Unique Best Boarding Plan获奖作品.pdf,1,37498,False,6-1优秀论文库/美国大学生数学建模/2007/B题/2007 B O Z The Unique Best Boarding Plan获奖作品.pdf,e0563382de0c94633eae60343283ad125cc4b10c56a1f05b268d13c19d5204f7
美国大学生数学建模,2007,C题,C 题（Word转PDF）.pdf,4,178089,True,6-1优秀论文库/美国大学生数学建模/2007/C题/C 题（Word转PDF）.pdf,5c5008f4ab22e431c91841b560ad721651cd2d8e167b4abbce49ede8e3d1bee0
美国大学生数学建模,2007,C题,2007 C O Analysis of Kidney Transplant System Using Markov Process Models获奖作品.pdf,20,1047989,False,6-1优秀论文库/美国大学生数学建模/2007/C题/2007 C O Analysis of Kidney Transplant System Using Markov Process Models获奖作品.pdf,22b24f843e096e44474e5e4ccb1c33f47fe08103980c14f9901a542f5b93db99
美国大学生数学建模,2007,C题,2007 C H Organ Transplant The Kidney Exchange Problem获奖作品.pdf,38,1731793,False,6-1优秀论文库/美国大学生数学建模/2007/C题/2007 C H Organ Transplant The Kidney Exchange Problem获奖作品.pdf,21a0c317e8e6405e222bb7823edb40bfd57966c1f48c9a7844ceedd4576d51c5
美国大学生数学建模,2007,A题,PROBLEM A（Word转PDF）.pdf,1,99249,True,6-1优秀论文库/美国大学生数学建模/2007/A题/PROBLEM A（Word转PDF）.pdf,e68c3dc77d4f18dcba6df13405b248577dda5c8e7a7574d0046421633ae1c848
美国大学生数学建模,2007,B题,2007 B O Z Loading and Unloading Passenger Airliners获奖作品.pdf,2,47146,False,6-1优秀论文库/美国大学生数学建模/2007/B题/2007 B O Z Loading and Unloading Passenger Airliners获奖作品.pdf,4f6bdfad4748231ebc6801e0b5838c30a200a7646b31b4423135df4235c9e1b3
美国大学生数学建模,2007,A题,2007 A O P Electoral Redistricting with Moment of Inertia获奖作品.pdf,21,4042008,False,6-1优秀论文库/美国大学生数学建模/2007/A题/2007 A O P Electoral Redistricting with Moment of Inertia获奖作品.pdf,ded7ab88e6c333f2938c7aafe63f3c27a6ed6a5f7c2ce940b2ceaf2ca7760474
美国大学生数学建模,2007,C题,2007 C M More Kidney Donors More Lives Can Be Saved获奖作品.pdf,23,1088886,False,6-1优秀论文库/美国大学生数学建模/2007/C题/2007 C M More Kidney Donors More Lives Can Be Saved获奖作品.pdf,c43ab9347e9e459e4ce771e5fc3ba383b2738a7837f60bdec43b5f2cd93f38da
美国大学生数学建模,2008,综合,致数学建模爱好者的一封信（赛才网）.pdf,2,115986,False,6-1优秀论文库/美国大学生数学建模/2008/综合/致数学建模爱好者的一封信（赛才网）.pdf,245b374d59f6374b8ce6e060a4d2aa3abd3f349b168a9ffb01ad0ba5d807a113
美国大学生数学建模,2008,综合,ease and toil analyzing sudoku.pdf获奖作品.pdf,62,782545,False,6-1优秀论文库/美国大学生数学建模/2008/综合/ease and toil analyzing sudoku.pdf获奖作品.pdf,3da11eeffc419f3042732d3305cc48b25bbc57e956f18cfd77f159b20c4c2f22
美国大学生数学建模,2008,综合,北京邮电大学（Word转PDF）.pdf,5,215075,True,6-1优秀论文库/美国大学生数学建模/2008/综合/北京邮电大学（Word转PDF）.pdf,8cf2fe0ad4d1c054edad1f076510034ac0afaaf52666f2ad175e7be42b91ab86
美国大学生数学建模,2008,综合,美国大学生数学建模大赛2008年ICM特等奖论文集.pdf,95,2974270,False,6-1优秀论文库/美国大学生数学建模/2008/综合/美国大学生数学建模大赛2008年ICM特等奖论文集.pdf,04b631f5366124bfc4acb1171c5c595f448507f98de477e3aff66014f721687b
美国大学生数学建模,2008,综合,2008MCM特等奖论文收集（Word转PDF）.pdf,1,51187,True,6-1优秀论文库/美国大学生数学建模/2008/综合/2008MCM特等奖论文收集（Word转PDF）.pdf,578d47374981116a3e62dca69193db41b7526b52de6605bbf79c08154a9d8ca4
美国大学生数学建模,2008,A题,a convenient truth a model for sea level rise fore获奖作品.pdf,37,899144,False,6-1优秀论文库/美国大学生数学建模/2008/A题/a convenient truth a model for sea level rise fore获奖作品.pdf,16f89d4916a963165935324e81dfae87bda88a589a6befc9d71fba06cf03e74d
美国大学生数学建模,2008,C题,2008 C An Analysis of Healthcare Systems获奖作品.pdf,20,2097036,False,6-1优秀论文库/美国大学生数学建模/2008/C题/2008 C An Analysis of Healthcare Systems获奖作品.pdf,4309f909bd0b01bf8b0178560e0aa953b7ef75979948af15af71f6b560bc7df2
美国大学生数学建模,2008,A题,A Difficulty Metric and Puzzle Generator for Sudoku获奖作品.pdf,26,222905,False,6-1优秀论文库/美国大学生数学建模/2008/A题/A Difficulty Metric and Puzzle Generator for Sudoku获奖作品.pdf,7bdc6242e20312d7cb345508f86290522d7c2673befcb239dcdb981ffedcd046
美国大学生数学建模,2008,C题,2008 C The Most Expensive is Not the Best获奖作品.pdf,14,1328154,False,6-1优秀论文库/美国大学生数学建模/2008/C题/2008 C The Most Expensive is Not the Best获奖作品.pdf,362a4570c6169d6ed5c563bbfb848d1102c4287b4eb6e36d0819a325ffbfe2d6
美国大学生数学建模,2008,综合,Commentary The Outstanding Healthcare Papers获奖作品.pdf,6,702323,False,6-1优秀论文库/美国大学生数学建模/2008/综合/Commentary The Outstanding Healthcare Papers获奖作品.pdf,cbd638384043d27d0c5acd032b9d4c5b7c159cedd57b262eccbfbf513c5de526
美国大学生数学建模,2008,C题,2008 C Evaluation and Improvement of Healthcare Systems获奖作品.pdf,21,1756529,False,6-1优秀论文库/美国大学生数学建模/2008/C题/2008 C Evaluation and Improvement of Healthcare Systems获奖作品.pdf,d7c7620bc40e89b6207bd65e29e962cf271527348ba4e0fbde84bfe8ba792da4
美国大学生数学建模,2009,A题,2009年国际大学生数学建模竞赛A题获奖论文（1）.pdf,15,299671,False,6-1优秀论文库/美国大学生数学建模/2009/A题/2009年国际大学生数学建模竞赛A题获奖论文（1）.pdf,a862e241d42837929d74c0397b9e03ff39e409ce78a2a415396c551f862782f8
美国大学生数学建模,2009,综合,2009美国大学生数学建模竞赛特等奖论文全集.pdf,94,2303873,False,6-1优秀论文库/美国大学生数学建模/2009/综合/2009美国大学生数学建模竞赛特等奖论文全集.pdf,fa38ae8bb686976299cfccb33bcbcb624ccf892b107c12321d1b0f6de9779077
美国大学生数学建模,2009,A题,2009年国际大学生数学建模竞赛A题获奖论文（4）.pdf,29,453197,False,6-1优秀论文库/美国大学生数学建模/2009/A题/2009年国际大学生数学建模竞赛A题获奖论文（4）.pdf,bfc5ca7423c3b4132270b76f18dbe1563eae4b86430a6faaa52893f9faa3e4e5
美国大学生数学建模,2009,A题,2009年国际大学生数学建模竞赛A题获奖论文（2）.pdf,16,617486,False,6-1优秀论文库/美国大学生数学建模/2009/A题/2009年国际大学生数学建模竞赛A题获奖论文（2）.pdf,10ea5827e753566ee5ceafee4999d0bb309358036e52f35779485bed1cf72256
美国大学生数学建模,2009,A题,2009年国际大学生数学建模竞赛A题获奖论文（3）.pdf,10,360813,False,6-1优秀论文库/美国大学生数学建模/2009/A题/2009年国际大学生数学建模竞赛A题获奖论文（3）.pdf,96cccc4b39349238836ac3d70bd9b803f1cfa7bf04e9cf39366035ee77aaab07
美国大学生数学建模,2009,A题,2009年国际大学生数学建模竞赛A题获奖论文（5）.pdf,23,294376,False,6-1优秀论文库/美国大学生数学建模/2009/A题/2009年国际大学生数学建模竞赛A题获奖论文（5）.pdf,a81acdc5a3b4d9702271f3507c9fc640f441feaf6c8c6a2d85e3f989cb87d977
美国大学生数学建模,2010,综合,2010mcm美赛特等奖o奖论文.pdf,92,22334252,False,6-1优秀论文库/美国大学生数学建模/2010/综合/2010mcm美赛特等奖o奖论文.pdf,7d8f0d64432c544132a9ac09268afef99bf31b20957015b539465ab10ea196b3
美国大学生数学建模,2011,C题,11325.pdf,26,969643,False,6-1优秀论文库/美国大学生数学建模/2011/C题/11325.pdf,4609137d465ddf951532e19e5676f6947e92d6d8c8d7bbe7a1d3f8aa37e154db
美国大学生数学建模,2011,B题,12114.pdf,28,8932371,False,6-1优秀论文库/美国大学生数学建模/2011/B题/12114.pdf,03fd7440c34970f7011035b069c71251c6659d2ac4f2512d340b35a0ec2c6795
美国大学生数学建模,2011,C题,10607.pdf,20,1144533,False,6-1优秀论文库/美国大学生数学建模/2011/C题/10607.pdf,6ed4fd932dd3039b6cf33dc11a7b1d06ccd3ec0145e6ceab6f5c5ed5c2253e08
美国大学生数学建模,2011,C题,11422.pdf,20,922680,False,6-1优秀论文库/美国大学生数学建模/2011/C题/11422.pdf,caf513f28b9012fe5e4b990213fb03b59d7c14ebe1730a4d696414b09e548f08
美国大学生数学建模,2011,A题,9582.pdf,34,2739648,False,6-1优秀论文库/美国大学生数学建模/2011/A题/9582.pdf,99696cfc5bec7989c2f6571574c8f58d6cb86236082b0ad9359f75289e795bf9
美国大学生数学建模,2011,B题,11759.pdf,51,1401503,False,6-1优秀论文库/美国大学生数学建模/2011/B题/11759.pdf,ee4be8627fefacc6d8d7ecd4f6030b1e8df9b7ed437a67aa817e265396b0b885
美国大学生数学建模,2011,A题,9159.pdf,23,2919136,False,6-1优秀论文库/美国大学生数学建模/2011/A题/9159.pdf,41b0c737a558b2c336404ec91d14c60cf0d0ef1facfd06ed3188acef181617c4
美国大学生数学建模,2011,A题,12149.pdf,24,595441,False,6-1优秀论文库/美国大学生数学建模/2011/A题/12149.pdf,cb2b7105a6f3c8d738bc6614940c9c161e7ba5b6ac7d11ed8726b63001b12f65
美国大学生数学建模,2011,B题,10496.pdf,34,1031067,False,6-1优秀论文库/美国大学生数学建模/2011/B题/10496.pdf,de9286d69ab73d049cf7342b69097ef090a4625b3199ee92e57ec749ba86986c
美国大学生数学建模,2011,综合,2011美国大学生数学建模特等奖论文全集.pdf,95,3156665,False,6-1优秀论文库/美国大学生数学建模/2011/综合/2011美国大学生数学建模特等奖论文全集.pdf,21134e243fb27f3a2584ea4783004b164fd51f495066cd6194bbdbcde6714676
美国大学生数学建模,2011,C题,9089.pdf,20,720152,False,6-1优秀论文库/美国大学生数学建模/2011/C题/9089.pdf,838e50df13c69c71734ff4cafa3bd0722874e916866c845ba1cbcc2e3ec35bbb
美国大学生数学建模,2011,C题,8882.pdf,27,1131188,False,6-1优秀论文库/美国大学生数学建模/2011/C题/8882.pdf,54492a1f4aeb5b33c405f7639f8101e3e15822ed78c209294cd544b7f4304e54
美国大学生数学建模,2011,C题,11893.pdf,24,705841,False,6-1优秀论文库/美国大学生数学建模/2011/C题/11893.pdf,6a9ea7d94c9a9f68a3aaa9a254a89eb9511ddc3ec75127d64df45644a6b99019
美国大学生数学建模,2011,A题,11199.pdf,21,827611,False,6-1优秀论文库/美国大学生数学建模/2011/A题/11199.pdf,cfe6d809748a929672bce5eb68b6c005c08d896337af33c79c89134b20644dc8
美国大学生数学建模,2011,B题,9440.pdf,41,2613485,False,6-1优秀论文库/美国大学生数学建模/2011/B题/9440.pdf,95f0fa406fe84cd797ea6b689fd7e1870edecb01791003db86c71f9d069c0b93
美国大学生数学建模,2012,综合,2012MCM&ICM.pdf,127,1395627,False,6-1优秀论文库/美国大学生数学建模/2012/综合/2012MCM&ICM.pdf,f2ba112ae73f1ab3ff4dbe94bacb8cf7f03440787848e79464461d5b985d2913
美国大学生数学建模,2012,B题,13955.pdf,18,5974769,False,6-1优秀论文库/美国大学生数学建模/2012/B题/13955.pdf,a0e5e63c77e2f6fdc6aa8dffe45b33850e2fa93c4e40617344cac939a2d7eb70
美国大学生数学建模,2012,A题,14990.pdf,42,2061369,False,6-1优秀论文库/美国大学生数学建模/2012/A题/14990.pdf,e2428f0d3227c6584cf7359b6154bdad105b8062bec661a1b1c62c4de2ee7db8
美国大学生数学建模,2012,综合,Geometrical Tree Leaf mass &amp; leaf-tree relationship — Ben Fusaro Award，Natio.pdf,29,2082770,False,6-1优秀论文库/美国大学生数学建模/2012/综合/Geometrical Tree Leaf mass &amp; leaf-tree relationship — Ben Fusaro Award，Natio.pdf,1cbc0cd9b972e8a673cd5f13bef687c432295048e9fb4d646481ad4021722df8
美国大学生数学建模,2012,综合,2012B MCM Problems.pdf,1,177228,False,6-1优秀论文库/美国大学生数学建模/2012/综合/2012B MCM Problems.pdf,fd743cdded9cb46637db4db5fa107c82c2152c961967ebeaca0aa1d01360a9ac
美国大学生数学建模,2012,A题,"The Leaves of a Tree，　Hong Kong Baptist University, China.pdf",45,1845998,False,"6-1优秀论文库/美国大学生数学建模/2012/A题/The Leaves of a Tree，　Hong Kong Baptist University, China.pdf",5cb8073eb1abc4e56b828baa39a6019bfbaad16d322160179170f9e7c93b93e9
美国大学生数学建模,2012,综合,"Best schedule to utilize the Big Long River,Peking University, China.pdf",22,1196384,False,"6-1优秀论文库/美国大学生数学建模/2012/综合/Best schedule to utilize the Big Long River,Peking University, China.pdf",8fc549d20a5ec5d7cff7a85c2785f8c74f8510f203d55bccbec02a08da5f1fb5
美国大学生数学建模,2012,综合,"The Secrets of Leaves — SIAM Prize Recipient，Zhejiang University, China%.pdf",54,2219892,False,"6-1优秀论文库/美国大学生数学建模/2012/综合/The Secrets of Leaves — SIAM Prize Recipient，Zhejiang University, China%.pdf",ec8f03fd20e5f04718477999b862ed82e7402d56444d26f5028f6b8feb3bb7e5
美国大学生数学建模,2012,A题,A Close Look On Leaves — NFORMS Prize Recipient，Shanghai Foreign Language Scho.pdf,42,2403939,False,6-1优秀论文库/美国大学生数学建模/2012/A题/A Close Look On Leaves — NFORMS Prize Recipient，Shanghai Foreign Language Scho.pdf,7abcb7a63d0fbcf3b1e667627ed8e528679a5a6f73012eb73744d7159b99fc40
美国大学生数学建模,2012,综合,Getting our Priorities Straight For the Purpose of Maximizing Efficiency on the .pdf,26,472439,False,6-1优秀论文库/美国大学生数学建模/2012/综合/Getting our Priorities Straight For the Purpose of Maximizing Efficiency on the.pdf,df1dd905398ab27de1df30b3a819163a831cf1b5f7b07f48832da4a32f45e634
美国大学生数学建模,2012,C题,"Optimal Scheduling for the Big Long River — INFORMS Prize Recipient, University.pdf",21,1139396,False,"6-1优秀论文库/美国大学生数学建模/2012/综合/Optimal Scheduling for the Big Long River — INFORMS Prize Recipient, University.pdf",8b46b9801a80275e13d9d148fa46ac19aa1855cc0428941b701f62c0ceb6c6c9
美国大学生数学建模,2012,C题,14531.pdf,20,243882,False,6-1优秀论文库/美国大学生数学建模/2012/C题/14531.pdf,6018365f4456b37f2608d0c147748b8d16c8133c583091697e0e16041a894c66
美国大学生数学建模,2012,B题,Optimization Of Seasonal Throughput And Campsite Utilization On The Big Long Riv.pdf,36,422999,False,6-1优秀论文库/美国大学生数学建模/2012/综合/Optimization Of Seasonal Throughput And Campsite Utilization On The Big Long Riv.pdf,ce22993638670a187e0e65fcf691562ec5309560d3fa3fce35d1539bd7b0268c
美国大学生数学建模,2012,综合,"C.A.R.S. Cellular Automaton Rafting Simulation Subtitle — SIAM Prize Recipient,.pdf",23,1584819,False,"6-1优秀论文库/美国大学生数学建模/2012/综合/C.A.R.S. Cellular Automaton Rafting Simulation Subtitle — SIAM Prize Recipient,.pdf",825774eaa5d3e849b37885ed80389c0f54df9d03484cff13c136276bb99fa41c
美国大学生数学建模,2012,综合,A2012 MCM Problems.pdf,1,133213,False,6-1优秀论文库/美国大学生数学建模/2012/综合/A2012 MCM Problems.pdf,073c57c453a352bfbad66597fcea978621a9ee51b6df5c8ffd769c4e53d10fa3
美国大学生数学建模,2012,综合,"Computing Along the Big Long River — Frank Giordano Award, Western Washington U.pdf",18,5866327,False,"6-1优秀论文库/美国大学生数学建模/2012/综合/Computing Along the Big Long River — Frank Giordano Award, Western Washington U.pdf",0ce1e99c89caa9da151c3c50038a18cee9355ea8f080da0550a0e1c15d057305
美国大学生数学建模,2012,C题,13855.pdf,19,197411,False,6-1优秀论文库/美国大学生数学建模/2012/C题/13855.pdf,8ff9127d312ab071825ab48262636b72e50c762942eee2b56791869539ede69c
美国大学生数学建模,2012,C题,13215.pdf,19,746742,False,6-1优秀论文库/美国大学生数学建模/2012/C题/13215.pdf,607f0f06c9e01e9ac1adf2b338dc701ec504844b1433d113d5e3789ebd2c3252
美国大学生数学建模,2012,C题,16075.pdf,22,935514,False,6-1优秀论文库/美国大学生数学建模/2012/C题/16075.pdf,4bbf92193d41dc51d213684777bf5f3c681f75625a44c8868e840baa9d13e0c1
美国大学生数学建模,2012,C题,15356.pdf,20,1269860,False,6-1优秀论文库/美国大学生数学建模/2012/C题/15356.pdf,6b8f0a2882d9bc4b448ca4293779d8682841df5b13bf2c1387d5417c7bfa665a
美国大学生数学建模,2012,C题,12218.pdf,19,7780161,False,6-1优秀论文库/美国大学生数学建模/2012/C题/12218.pdf,14ded7154dfa57ea2f256ce4fca4ba4c47dfa6cf1acbfc708106bb85acb5e121
美国大学生数学建模,2012,C题,17160.pdf,23,261264,False,6-1优秀论文库/美国大学生数学建模/2012/C题/17160.pdf,8b6c54d2e1799a806db11748c19aaff6b79d97cb6e5e1e75f47bd858076aa1e4
美国大学生数学建模,2013,A题,"2013年A题20329 Peking University, China.pdf",28,4755073,False,"6-1优秀论文库/美国大学生数学建模/2013/A题/2013年A题20329 Peking University, China.pdf",e54ab1e32d8688631e2ccde7c7389f13fc80b373dbaddcd6286b8916aeae3b0f
美国大学生数学建模,2013,C题,"2013年C题18492 SSE, Beijing University of Posts and Telecommunications, China.pdf",21,1229564,False,"6-1优秀论文库/美国大学生数学建模/2013/C题/2013年C题18492 SSE, Beijing University of Posts and Telecommunications, China.pdf",b2964db3aeb6cb2762e470f6a8f447864e16aac4a878409c3c9c99d7b199ca94
美国大学生数学建模,2013,B题,"2013年B题21185 Beijing Univ. of Posts and Telecomm., China.pdf",43,1658903,False,"6-1优秀论文库/美国大学生数学建模/2013/B题/2013年B题21185 Beijing Univ. of Posts and Telecomm., China.pdf",28a348f638d78c79ae3647bed9fe15db08503cac87d9b67e9772c9683603bec1
美国大学生数学建模,2013,C题,"2013年C题21581 Peking University, School of Mathematical Sciences, China.pdf",21,1145281,False,"6-1优秀论文库/美国大学生数学建模/2013/C题/2013年C题21581 Peking University, School of Mathematical Sciences, China.pdf",d439965498401a9043dd49a305efe475240dbe9e63606fe5f9505b77635f57f4
美国大学生数学建模,2013,A题,"2013年A题22550 University of Colorado Boulder, CO.pdf",25,614679,False,"6-1优秀论文库/美国大学生数学建模/2013/A题/2013年A题22550 University of Colorado Boulder, CO.pdf",17b8147ec074621da7b142d023d409fd78933e4b55265919bfd46ab1f976ea30
美国大学生数学建模,2013,B题,"2013年B题19491 Tsinghua University, China.pdf",35,1476444,False,"6-1优秀论文库/美国大学生数学建模/2013/B题/2013年B题19491 Tsinghua University, China.pdf",f8d300521df191a49e1843ecce95f0ecc7d839bb4a9dae7bab66fdd4169a37f7
美国大学生数学建模,2013,C题,18492.pdf,1,93265,False,6-1优秀论文库/美国大学生数学建模/2013/C题/18492.pdf,f6ff57b26971d5af403f74c2f0e5a78279dd43aaa04d399a8fcb1f41f16b637f
美国大学生数学建模,2013,C题,"2013年C题23721 Zhejiang University, China.pdf",24,1954608,False,"6-1优秀论文库/美国大学生数学建模/2013/C题/2013年C题23721 Zhejiang University, China.pdf",9f5bbdfe28b7a885ddb44e1ce4e0c7b1201cd851a812dc33363ed1254202d3a6
美国大学生数学建模,2013,B题,paper.pdf,43,2034272,False,6-1优秀论文库/美国大学生数学建模/2013/B题/paper.pdf,ee875bc1bc36ae712df038b745cb7764448a85feda978614a01921352843b192
美国大学生数学建模,2013,B题,"2013年B题19936 University of Colorado Boulder, CO.pdf",52,1660617,False,"6-1优秀论文库/美国大学生数学建模/2013/B题/2013年B题19936 University of Colorado Boulder, CO.pdf",a984ce871a65b37105877e4d069f4a9cbea6e9c0e1c855ac79964cd59fc9a883
美国大学生数学建模,2013,B题,"2013年B题17444 Nanjing University, China.pdf",42,7812971,False,"6-1优秀论文库/美国大学生数学建模/2013/B题/2013年B题17444 Nanjing University, China.pdf",a20b31a12c2b88d3299be55cf5752dbb524be8c5ff6d18864312997ed0977f89
美国大学生数学建模,2013,A题,"2013年A题19178 Shanghai Jiaotong University, China.pdf",28,2756387,False,"6-1优秀论文库/美国大学生数学建模/2013/A题/2013年A题19178 Shanghai Jiaotong University, China.pdf",682b8aa3590309b41ec91c4e8336f42528fe761a87f13a08b1f288893ad5fb4c
美国大学生数学建模,2013,B题,"2013年B题23347 Colorado College, CO.pdf",24,365302,False,"6-1优秀论文库/美国大学生数学建模/2013/B题/2013年B题23347 Colorado College, CO.pdf",cf5a79822868ed6796a2df97ce885170657264d8765c2d6ab1dbeb16cfd7b06e
美国大学生数学建模,2013,A题,"2013年A题20559 Bethel University, MN.pdf",24,533722,False,"6-1优秀论文库/美国大学生数学建模/2013/A题/2013年A题20559 Bethel University, MN.pdf",d0b946dd334527dc870db21915817cf9f8e27ca9530ab52ed58333c528206fbf
美国大学生数学建模,2013,A题,23004_paper.pdf,21,1739448,False,6-1优秀论文库/美国大学生数学建模/2013/综合/23004_paper.pdf,8dba2d4c8aee035cfdbb8dc037102972de2ab6096b960155aeb651faf18401c6
美国大学生数学建模,2013,C题,21165.pdf,1,80529,False,6-1优秀论文库/美国大学生数学建模/2013/C题/21165.pdf,053279fe48d80a2cab30237148d4f4846f1aab77fcd131f65ad50e09f55d37b0
美国大学生数学建模,2013,A题,"2013年A题18439-Fudan University, China.pdf",24,878574,False,"6-1优秀论文库/美国大学生数学建模/2013/A题/2013年A题18439-Fudan University, China.pdf",d29be6203acfea94fd8d78e88a196db633b6af4cc36b38f9c9738576de04b311
美国大学生数学建模,2013,C题,"2013年C题24005 Rensselaer Polytechnic Institute, NY.pdf",11,6075557,False,"6-1优秀论文库/美国大学生数学建模/2013/C题/2013年C题24005 Rensselaer Polytechnic Institute, NY.pdf",83007e11bfbc6794b2da472fe6274db3d829123d050d8ac05b2fb2fb7e13c2be
美国大学生数学建模,2013,A题,20559.pdf,1,80108,False,6-1优秀论文库/美国大学生数学建模/2013/A题/20559.pdf,2c8bd520f04a9ae4229cc30ae2a0e31d981c8ccedd8a440b83fc137a2e9a7f4e
美国大学生数学建模,2013,A题,paper(请勿上传其它网络).pdf,16,460479,False,6-1优秀论文库/美国大学生数学建模/2013/A题/paper(请勿上传其它网络).pdf,c8c9609541197800312ac0390324e50d57bfb9a91c359bec3af1c2b974ef8ad0
美国大学生数学建模,2013,B题,21185.pdf,1,80938,False,6-1优秀论文库/美国大学生数学建模/2013/B题/21185.pdf,88b0cd57558d25afebca968ea6808a98cff65cf557d139987b9dd35bff38991b
美国大学生数学建模,2013,C题,"2013年C题17392 Northwestern Polytechnical University, China.pdf",20,1419764,False,"6-1优秀论文库/美国大学生数学建模/2013/C题/2013年C题17392 Northwestern Polytechnical University, China.pdf",a60bb4d010e2c764ed281a177dc1dc2f8976ad829fcea7a28cfef027e854a46b
美国大学生数学建模,2013,综合,O2013B21185.pdf,43,2034273,False,6-1优秀论文库/美国大学生数学建模/2013/综合/O2013B21185.pdf,849d410fd18b77508b67d688b5b0dccdcf9f81a7af7549f2d2fbf3b77d07c1de
美国大学生数学建模,2013,A题,"2013年A题17617 Tongji University, China.pdf",24,3102316,False,"6-1优秀论文库/美国大学生数学建模/2013/A题/2013年A题17617 Tongji University, China.pdf",cac3447332edb8d174fc285144d2be674f23be983c566341c82c00257f2c827f
美国大学生数学建模,2014,综合,30680.pdf,21,3491619,False,6-1优秀论文库/美国大学生数学建模/2014/综合/30680.pdf,9f0c0d05a192ebd4b1432ec1467b0edc68b1bf67b55df8f9c56d0590147c9ed9
美国大学生数学建模,2014,C题,25318.pdf,21,757063,False,6-1优秀论文库/美国大学生数学建模/2014/综合/25318.pdf,eac62e81b85eb72ac30d4f16dc2173e4059b2b69753dd6206caced56a8f6c01a
美国大学生数学建模,2014,B题,26911.pdf,22,930529,False,6-1优秀论文库/美国大学生数学建模/2014/综合/26911.pdf,00c95da03677152abe772a3ac5762d928df4271d7c1644011597080dbe9a9a4f
美国大学生数学建模,2014,C题,28199.pdf,21,1087052,False,6-1优秀论文库/美国大学生数学建模/2014/综合/28199.pdf,d39873d74e6588aee414def4d6ad5e344906c0a12650f9ab28970ad883fd9289
美国大学生数学建模,2014,A题,29911.pdf,40,2028570,False,6-1优秀论文库/美国大学生数学建模/2014/综合/29911.pdf,ac64b43b36d2ca84426db2a0cf6018960d8589419de2bd729336c7b55bacaf26
美国大学生数学建模,2014,B题,28414.pdf,33,1030264,False,6-1优秀论文库/美国大学生数学建模/2014/综合/28414.pdf,5bd5b982dcec9660cc332ea9b9310eb132d1435528308d5d45e9b84093eb66c0
美国大学生数学建模,2014,B题,29696.pdf,44,1801274,False,6-1优秀论文库/美国大学生数学建模/2014/综合/29696.pdf,84be6e3a46047658aa778eebecbb5701706457c2a4f20f2be233ee06fe4efae4
美国大学生数学建模,2014,C题,27688.pdf,19,1149550,False,6-1优秀论文库/美国大学生数学建模/2014/综合/27688.pdf,856eb1b789a9f96a6e54a0369fed8872ed2bcff227ca3fafc84e03d56300de3d
美国大学生数学建模,2014,A题,29282.pdf,30,994301,False,6-1优秀论文库/美国大学生数学建模/2014/综合/29282.pdf,f92c8e1b600f9ad476c5f9e6677bab5c2e390fbc6f72d57cd1167f299543a7d4
美国大学生数学建模,2014,B题,28875.pdf,35,790103,False,6-1优秀论文库/美国大学生数学建模/2014/综合/28875.pdf,728f6f07835cc296fec1768eacd79b721bae1978918ae2275dbbdade8a975b64
美国大学生数学建模,2014,B题,26636.pdf,38,1145398,False,6-1优秀论文库/美国大学生数学建模/2014/综合/26636.pdf,060c74b100ab7f048978d3267eeacb266092a670264993c3212069a1e6f8fd1b
美国大学生数学建模,2014,B题,26160.pdf,36,2747766,False,6-1优秀论文库/美国大学生数学建模/2014/综合/26160.pdf,510e6a16a3e437ffc1dbe851dc805f66154eaf8c66373c7bb65fdd7cd5c8883b
美国大学生数学建模,2014,综合,31333.pdf,17,1431687,False,6-1优秀论文库/美国大学生数学建模/2014/综合/31333.pdf,acc8bc3b89bd90c459ff891b9c57f8b6f87ef32ce11e4bf2a971dd7a6c7fc34c
美国大学生数学建模,2014,综合,2014年C题特等奖.pdf,21,449865,False,6-1优秀论文库/美国大学生数学建模/2014/综合/2014年C题特等奖.pdf,7be161ee136055ca49a59dc37a53a3742500f8b7536a61b07d743171098b0b28
美国大学生数学建模,2014,综合,30532.pdf,29,1749080,False,6-1优秀论文库/美国大学生数学建模/2014/综合/30532.pdf,8f80536d50bd42f13781eb03a929d1334a1b186d54ddd4a1e35f5bd4f7b6b80b
美国大学生数学建模,2014,综合,31262.pdf,20,1409880,False,6-1优秀论文库/美国大学生数学建模/2014/综合/31262.pdf,1f9007fa14d74a4043a0054e1f1eda96a5f7ce1d4566eda0057e0ff1ab214e1f
美国大学生数学建模,2014,综合,30221.pdf,20,384691,False,6-1优秀论文库/美国大学生数学建模/2014/综合/30221.pdf,7af27341772954e60ca22badaa0ba7d55b5dad957393c932ee586134ffd38bb9
美国大学生数学建模,2014,C题,28747.pdf,21,477511,False,6-1优秀论文库/美国大学生数学建模/2014/综合/28747.pdf,f6ef544f7259fd68429dcd668f2f3222dc174891e6e00997648285671a7a97a8
美国大学生数学建模,2014,A题,26333.pdf,54,2552158,False,6-1优秀论文库/美国大学生数学建模/2014/综合/26333.pdf,27e7d8ab3b61b87d9796aeb204393400e957174c906d3a5620889b3d999e47bf
美国大学生数学建模,2014,A题,25142.pdf,34,657856,False,6-1优秀论文库/美国大学生数学建模/2014/综合/25142.pdf,c5c79dc77bb8f2515fcca495603f5ae17f8f855c23a5bd6fc1c9315c553487db
美国大学生数学建模,2015,综合,38996.pdf,21,1646644,False,6-1优秀论文库/美国大学生数学建模/2015/综合/38996.pdf,80005308e601e4d10941fc8ec177845a66f7bfd895cfa3ab0b29924327cc4e28
美国大学生数学建模,2015,综合,38727.pdf,19,1132831,False,6-1优秀论文库/美国大学生数学建模/2015/综合/38727-eeb1090f.pdf,eeb1090fe4b2231af023d6bb25b69dc4db8eb570bb4ac2393f5caf426047aed0
美国大学生数学建模,2015,综合,32722.pdf,39,8215683,False,6-1优秀论文库/美国大学生数学建模/2015/综合/32722.pdf,037c369c63c7e203241ae395f3fe9762c783457f54c88a393a7ed66cb9cb73dc
美国大学生数学建模,2015,综合,2015B 36178.pdf,20,2286427,False,6-1优秀论文库/美国大学生数学建模/2015/综合/2015B 36178.pdf,44e422ee24bf25684f035943a6d34194f14d2cc4a53f560dd7601af56584ce7b
美国大学生数学建模,2015,综合,38996.pdf,21,1372046,False,6-1优秀论文库/美国大学生数学建模/2015/综合/38996-1efe10af.pdf,1efe10af33686734c9dc12c9b8c9ac65446a5e759d61a48ccfffed2365117ac2
美国大学生数学建模,2015,综合,35780.pdf,24,2291021,False,6-1优秀论文库/美国大学生数学建模/2015/综合/35780-97fea85b.pdf,97fea85bdc35e352917d33636c641faa44548d2f44167c05491cd69b1f61c48c
美国大学生数学建模,2015,综合,34985.pdf,20,2697803,False,6-1优秀论文库/美国大学生数学建模/2015/综合/34985.pdf,c7be0d8bf9c8002b4bc1121e5089ef3185c523217c241901fdcc02344ca9e509
美国大学生数学建模,2015,综合,39173.pdf,32,1160812,False,6-1优秀论文库/美国大学生数学建模/2015/综合/39173.pdf,a09eae65e8a4fa6473beff6ec75f65fa75f226816765744a12c982e88781a7f0
美国大学生数学建模,2015,综合,35780.pdf,24,3361949,False,6-1优秀论文库/美国大学生数学建模/2015/综合/35780.pdf,ab3b7c068f824c5ae0c7f6cf7475cce5aeeababc0d1c59191dc036dd3b875d39
美国大学生数学建模,2015,综合,33900.pdf,20,3958140,False,6-1优秀论文库/美国大学生数学建模/2015/综合/33900.pdf,7f8065e88c2696835a2ff689b106a262151e8a05a0bb9c2b67bbd85f6481974a
美国大学生数学建模,2015,综合,40764.pdf,25,746876,False,6-1优秀论文库/美国大学生数学建模/2015/综合/40764-20552f34.pdf,20552f3436da8b1ccbf8620d4efe94ff24a0c166e232ad7823ac3960552137da
美国大学生数学建模,2015,综合,34317.pdf,47,4518555,False,6-1优秀论文库/美国大学生数学建模/2015/综合/34317.pdf,376012b9287752564ff478590374eaf2af08ef3387d0b14f019fc7810f200e97
美国大学生数学建模,2015,综合,2015B 40764.pdf,25,829333,False,6-1优秀论文库/美国大学生数学建模/2015/综合/2015B 40764.pdf,642b2017cfc1ec6657e7a58de8fa7e5a25c14e2e87892f3a5f742fe26fa17566
美国大学生数学建模,2015,综合,2015C 33900.pdf,20,4070425,False,6-1优秀论文库/美国大学生数学建模/2015/综合/2015C 33900.pdf,555680a4b6ba47bee1bfd24c5ca01daddd17a4e5c1ae08063f4c412e25eda996
美国大学生数学建模,2015,综合,2015D 34985.pdf,20,2801976,False,6-1优秀论文库/美国大学生数学建模/2015/综合/2015D 34985.pdf,111af65cfd89c56194d3ee1bd61f07c75eb5fdd07b3eda88d2847bc39ab33807
美国大学生数学建模,2015,综合,40764.pdf,25,1097987,False,6-1优秀论文库/美国大学生数学建模/2015/综合/40764.pdf,384b39c2ed0592a6ef802b9a2d37ac8ab56309ee25e819c7cbeb408514a64abc
美国大学生数学建模,2015,综合,32150.pdf,36,1243752,False,6-1优秀论文库/美国大学生数学建模/2015/综合/32150-b7715ba1.pdf,b7715ba1fb8aec84a5e7cd4ce81aa75f2fdef6aaca98167d0f4e0279ed71d4be
美国大学生数学建模,2015,综合,39173.pdf,32,788131,False,6-1优秀论文库/美国大学生数学建模/2015/综合/39173-b8260835.pdf,b82608352dbbe043cd7092dabcaea179ff110677e0a4598d1f78ad33f956b813
美国大学生数学建模,2015,综合,36178.pdf,20,2235768,False,6-1优秀论文库/美国大学生数学建模/2015/综合/36178-d0225ad0.pdf,d0225ad0b9c2d2dcdb91f20526f5bed617d1c221aff50ab700ad9cf85b1df9ff
美国大学生数学建模,2015,综合,2015D 38727.pdf,19,1218763,False,6-1优秀论文库/美国大学生数学建模/2015/综合/2015D 38727.pdf,05a1edcdb86198200ccfb83785e9cc94b2ac781d530dcfbae8865eea1c8cb786
美国大学生数学建模,2015,综合,2015D 38996.pdf,21,1478852,False,6-1优秀论文库/美国大学生数学建模/2015/综合/2015D 38996.pdf,ec2e5c19a70f81797e70ff58477b6a8edc11eff3b868e9d1c04d52b3788d91c1
美国大学生数学建模,2015,综合,37284.pdf,21,2317516,False,6-1优秀论文库/美国大学生数学建模/2015/综合/37284.pdf,8404e720f40a47bfdf0472666d56daed61d09a3b7632d4101b4b65364f0bce54
美国大学生数学建模,2015,综合,36178.pdf,20,4767985,False,6-1优秀论文库/美国大学生数学建模/2015/综合/36178.pdf,1a2a9dd29ceb1d5f1cf427b90a0ffadc4504e0475fcef2b174bef8431e78530a
美国大学生数学建模,2015,综合,35532.pdf,34,1801996,False,6-1优秀论文库/美国大学生数学建模/2015/综合/35532-1a9fa997.pdf,1a9fa9979106d367a1a62a9b683150a23e571377783e6850f4fb0248aba48697
美国大学生数学建模,2015,综合,2015C 37284.pdf,21,1479402,False,6-1优秀论文库/美国大学生数学建模/2015/综合/2015C 37284.pdf,0deab60ecd9bcad67766c0bf2a2cec63ff875ebb4641c359286c1a13b26860fe
美国大学生数学建模,2015,综合,32879.pdf,35,2700632,False,6-1优秀论文库/美国大学生数学建模/2015/综合/32879.pdf,83b5bde26a8cb2178dd6df2dea28858484d575076511c5bfad8bc285fa478ffb
美国大学生数学建模,2015,综合,39160.pdf,17,313854,False,6-1优秀论文库/美国大学生数学建模/2015/综合/39160-2b8963a3.pdf,2b8963a3deb67895d270c2a4ed1cf62f7c6bea281dddaef3027c5cc6dbef25c9
美国大学生数学建模,2015,综合,38720.pdf,61,4739406,False,6-1优秀论文库/美国大学生数学建模/2015/综合/38720-26d38781.pdf,26d38781a179b71806799b0d20f118a5f0b09aa1cf6b8bc7a5e32562a7886a42
美国大学生数学建模,2015,综合,38720.pdf,61,4736930,False,6-1优秀论文库/美国大学生数学建模/2015/综合/38720.pdf,46704a9cfc6ec24ae523c40f41cea249febf010394524bbf9d11c9a7d851b667
美国大学生数学建模,2015,综合,40612.pdf,34,15598444,False,6-1优秀论文库/美国大学生数学建模/2015/综合/40612.pdf,8bcdc1a780f3e08a678c1f450512da6656300cbb3c537ac5e97b29824f07322f
美国大学生数学建模,2015,综合,32879.pdf,35,2322995,False,6-1优秀论文库/美国大学生数学建模/2015/综合/32879-2c587e51.pdf,2c587e51ecc9209b9e7553cb1ade060b1a6b5581a54773a57fdbb5eb56dd6c54
美国大学生数学建模,2015,综合,34317.pdf,47,1997737,False,6-1优秀论文库/美国大学生数学建模/2015/综合/34317-1232cf72.pdf,1232cf723c65fdb344b89b22ed6cac406f693f4e8065ac6f90cbe1b2390abe17
美国大学生数学建模,2015,综合,2015C 33572.pdf,21,2152943,False,6-1优秀论文库/美国大学生数学建模/2015/综合/2015C 33572.pdf,52ed071032141f89b2433fcf554d93021285adf7b5870c38716f08337e4b1726
美国大学生数学建模,2015,综合,37075.pdf,21,1217872,False,6-1优秀论文库/美国大学生数学建模/2015/综合/37075.pdf,77095e5cd54f5ebdab1eb9f02b86daf074f9119ad90a3ba79ef7a8c80330745d
美国大学生数学建模,2015,综合,32150.pdf,36,1427548,False,6-1优秀论文库/美国大学生数学建模/2015/综合/32150.pdf,0b4e5600b83b624bff86ff5f5c62f6f95b3ff825806f76b0a6a222abf217740d
美国大学生数学建模,2015,综合,33572.pdf,21,2050411,False,6-1优秀论文库/美国大学生数学建模/2015/综合/33572.pdf,b32fb4b143f7ba50a281f0f6e82eb94cde99a76976588288eb8e484d75cacaf3
美国大学生数学建模,2015,综合,2015C 39160.pdf,17,382767,False,6-1优秀论文库/美国大学生数学建模/2015/综合/2015C 39160.pdf,088288cb0b36049b423594d5f80b7bc6661c59dfae651d7abc9381fd1c38b0a0
美国大学生数学建模,2015,综合,2015C 35778.pdf,22,7060845,False,6-1优秀论文库/美国大学生数学建模/2015/综合/2015C 35778.pdf,145e5b0bd405057b719ab6945b25dc2948283d6d8d02d44b86947ca2dda886f3
美国大学生数学建模,2015,综合,2015A 34317.pdf,47,2200284,False,6-1优秀论文库/美国大学生数学建模/2015/综合/2015A 34317.pdf,aa61922add0b3a1679de20bc077d3d766b1029e41856cfbdfdf557ba8e02c416
美国大学生数学建模,2015,综合,35532.pdf,34,2020618,False,6-1优秀论文库/美国大学生数学建模/2015/综合/35532.pdf,39dffdd1a3557a2fe1ede8c9c5f385a1a0803ec639edffbf33232464733aa6a6
美国大学生数学建模,2015,综合,37075.pdf,21,851180,False,6-1优秀论文库/美国大学生数学建模/2015/综合/37075-1d95d60d.pdf,1d95d60dc7317ae45e99a3e936f25cc0a5a40578ad3757f2f807f0ad2d7d92ca
美国大学生数学建模,2015,综合,38727.pdf,19,2205796,False,6-1优秀论文库/美国大学生数学建模/2015/综合/38727.pdf,71a06a39f25564e94eb544549f338e919e98f1e5ed0c55409fafb96f2e11cc73
美国大学生数学建模,2015,综合,2015C 37075.pdf,21,956061,False,6-1优秀论文库/美国大学生数学建模/2015/综合/2015C 37075.pdf,0a428e266100890493e4c35f6d40f11afe1e12e0031a43ebe5c3244355686a9e
美国大学生数学建模,2015,综合,2015美赛题目.pdf,6,1757701,False,6-1优秀论文库/美国大学生数学建模/2015/综合/2015美赛题目.pdf,cb2e392ea96919c70e92b07dc299faba242933122e5690496de36b0969ddda46
美国大学生数学建模,2015,综合,39160.pdf,17,1374543,False,6-1优秀论文库/美国大学生数学建模/2015/综合/39160.pdf,568730bc55ffb9acc17d0802b78eaca0ed51bdb433bcbd23014c8bfe09d63c6b
美国大学生数学建模,2015,综合,37284.pdf,21,1387880,False,6-1优秀论文库/美国大学生数学建模/2015/综合/37284-dee063ba.pdf,dee063ba8b6abbf6cf446883ecea8ae5580de86a3b728f9b995d69a8304ea842
美国大学生数学建模,2015,综合,2015D 35780.pdf,24,2426571,False,6-1优秀论文库/美国大学生数学建模/2015/综合/2015D 35780.pdf,96d767e7c656e7125143d41fa3b769a383d31b48759ab29d6900457e075fa460
美国大学生数学建模,2015,综合,2015B 32879.pdf,35,2509053,False,6-1优秀论文库/美国大学生数学建模/2015/综合/2015B 32879.pdf,b1c3d1ff11751117fe63b740259786b4ef48f8c04c2c1792bf58791b47329e74
美国大学生数学建模,2015,综合,35778.pdf,22,6991104,False,6-1优秀论文库/美国大学生数学建模/2015/综合/35778.pdf,39d71af2fb5b2501328ac7149ad3847594000e495dd21b116f490efe4eef6487
美国大学生数学建模,2016,F题,F46634.pdf,23,1205080,False,6-1优秀论文库/美国大学生数学建模/2016/F题/F46634.pdf,922bd852afdfd20c587332f9f923d7dec20f9e62c384b669074f71403191fbee
美国大学生数学建模,2016,综合,2016年(美赛)MCMABC题及核心意思提点.pdf,3,877406,False,6-1优秀论文库/美国大学生数学建模/2016/综合/2016年(美赛)MCMABC题及核心意思提点.pdf,6219fe372b43e960087bdb6f7d22f5462d57d4b88940476e959f81b9cffd9ff3
美国大学生数学建模,2016,D题,D44173.pdf,22,4014940,False,6-1优秀论文库/美国大学生数学建模/2016/D题/D44173.pdf,d567811612b1ae74edb7d5647bbfb035ce4e63e6cb82be1b9bde8ad2c4e87f8b
美国大学生数学建模,2016,F题,F43181.pdf,20,1658186,False,6-1优秀论文库/美国大学生数学建模/2016/F题/F43181.pdf,2c76731107aa2c8f057f70c0ad94465c40f76b6bfcae60fca6bde898872cf282
美国大学生数学建模,2016,A题,A54164.pdf,44,2049195,False,6-1优秀论文库/美国大学生数学建模/2016/A题/A54164.pdf,06265b560abfd13156be868cf5a621399f125d47ca17088ef9869dda58d8d912
美国大学生数学建模,2016,E题,E43443.pdf,23,480111,False,6-1优秀论文库/美国大学生数学建模/2016/E题/E43443.pdf,3b0782e9d0cf11f46085f338962981eba060148b5622286956b375d079c721c2
美国大学生数学建模,2016,C题,C42939.pdf,25,1132343,False,6-1优秀论文库/美国大学生数学建模/2016/C题/C42939.pdf,a820dc60ac7b432efb4953d4443d97abc79bc8a26a2c4ca4aabcccb44204cfe6
美国大学生数学建模,2016,A题,A44845.pdf,44,2422225,False,6-1优秀论文库/美国大学生数学建模/2016/A题/A44845.pdf,6df31c48d5eeb6b5addad69ff82eb249b9699bf6b3ce61bbc0464d7d8b9c0a75
美国大学生数学建模,2016,B题,B52221.pdf,23,1350188,False,6-1优秀论文库/美国大学生数学建模/2016/B题/B52221.pdf,f8094e5745d4f86729d61bbe3344da238cc0cf49b626344cfc2d70ebb634ba01
美国大学生数学建模,2016,D题,D54740.pdf,22,2298534,False,6-1优秀论文库/美国大学生数学建模/2016/D题/D54740.pdf,2a223302453efc4eaadf5a90e3758c1af1f5e7450a02ac8bdd4ebb3b235520ff
美国大学生数学建模,2016,E题,E52849.pdf,32,2500106,False,6-1优秀论文库/美国大学生数学建模/2016/E题/E52849.pdf,d43f6d9817f04a3317d2aab3f4acbdf073eec74bbc37ab0f1a5dfc9ad56115a2
美国大学生数学建模,2016,A题,A48649.pdf,44,1764025,False,6-1优秀论文库/美国大学生数学建模/2016/A题/A48649.pdf,bb3f97ad01c343997f4e2092132b2d25129d1b5ecdd15f83bd0cd81734da77a9
美国大学生数学建模,2016,E题,E52831.pdf,18,900053,False,6-1优秀论文库/美国大学生数学建模/2016/E题/E52831.pdf,0ee510b9dfda0dccf48d161dd98ef31c274646009d50015526a2ce77071859b1
美国大学生数学建模,2016,A题,A44398.pdf,51,2662616,False,6-1优秀论文库/美国大学生数学建模/2016/A题/A44398.pdf,2d25fcdd8854b6242f6f26a9f8ecb36b9abb180c326eca24b9b962ebf4ebfa2b
美国大学生数学建模,2016,C题,C47823.pdf,27,2049690,False,6-1优秀论文库/美国大学生数学建模/2016/C题/C47823.pdf,48864c6d196cb0aaf536bd376cf50c3a31d909085d9ba1103cb8050897be74e7
美国大学生数学建模,2016,E题,E53494.pdf,29,617676,False,6-1优秀论文库/美国大学生数学建模/2016/E题/E53494.pdf,426f313ea49065eeb7fd0989fc68f3b793e958abbf817f33f64c3308b9252639
美国大学生数学建模,2016,B题,B42745.pdf,26,1006327,False,6-1优秀论文库/美国大学生数学建模/2016/B题/B42745.pdf,657dcbe7e4680eafdb7e0bab06cdd9feb1f7ab039f560d8bf7e70faf3df80063
美国大学生数学建模,2016,D题,D42220.pdf,21,1557568,False,6-1优秀论文库/美国大学生数学建模/2016/D题/D42220.pdf,7d8a886e667d31359d24b5d791882826f4ba14878e6fe899bcc84f708cee57be
美国大学生数学建模,2016,C题,C50193.pdf,24,1167459,False,6-1优秀论文库/美国大学生数学建模/2016/C题/C50193.pdf,3a63129ac37d7407a0d5912bee9763d77c693f49210a95fd183ae31f58fac43f
美国大学生数学建模,2016,E题,E49630.pdf,23,600300,False,6-1优秀论文库/美国大学生数学建模/2016/E题/E49630.pdf,60c844235bfbcd25d70895441b91a539be318f248db926da1dca5db7530ecda1
美国大学生数学建模,2016,F题,F44348.pdf,20,9214911,False,6-1优秀论文库/美国大学生数学建模/2016/F题/F44348.pdf,adbba4d6fc74ca050a32e17af4e8c01e325701390ea54775b7ad56ef0fa56c87
美国大学生数学建模,2016,C题,C52815.pdf,18,473562,False,6-1优秀论文库/美国大学生数学建模/2016/C题/C52815.pdf,b1928018a84fcfd54a330deafe10d093cbe48ff712e85b7f6b9326fa5ef88042
美国大学生数学建模,2016,B题,B48573.pdf,30,1134814,False,6-1优秀论文库/美国大学生数学建模/2016/B题/B48573.pdf,bfcd509c9901202280a1a2ed47493f8973f47a59ab4bbda38aff888004a88241
美国大学生数学建模,2016,D题,D49436.pdf,22,1189617,False,6-1优秀论文库/美国大学生数学建模/2016/D题/D49436.pdf,9dfceb9d4ab47a13058cd9c04a12f7272218d6af02d93a29c71b868f8a9c33fe
美国大学生数学建模,2016,A题,A46830.pdf,51,1386432,False,6-1优秀论文库/美国大学生数学建模/2016/A题/A46830.pdf,90abcb377ce6959e9e156c7908a2899949b522aa5ff11d48bd8f6e6641d3069d
美国大学生数学建模,2016,D题,D47876.pdf,23,1631413,False,6-1优秀论文库/美国大学生数学建模/2016/D题/D47876.pdf,f2b25493071428ac272375a107fa559e4e15c4304b7de4500776b57d8c77c662
美国大学生数学建模,2016,A题,A42221.pdf,23,1544160,False,6-1优秀论文库/美国大学生数学建模/2016/A题/A42221.pdf,2e784d4c59cb795ca3664d190988ebbb90920bfca6148cb19c43c595340afd3e
美国大学生数学建模,2017,综合,2017F--64486.pdf,34,2952779,False,6-1优秀论文库/美国大学生数学建模/2017/综合/2017F--64486.pdf,2d3add8d575c438aa454c77c7c0f73e4c231d9a55eadd2df42ae7ac4d9c3cd66
美国大学生数学建模,2017,综合,2017B--68303.pdf,21,2052611,False,6-1优秀论文库/美国大学生数学建模/2017/综合/2017B--68303.pdf,5c05f58a135629084b0905ee707d3e04c07f8a03740f1a5276ed7eb594a64c98
美国大学生数学建模,2017,综合,2017F--72197.pdf,35,2078349,False,6-1优秀论文库/美国大学生数学建模/2017/综合/2017F--72197.pdf,1dc5606a31c99181d5642d6df1aa5035c9e97a54983d859937223d6e296d793b
美国大学生数学建模,2017,D题,55285-校苑数模.pdf,33,4083879,False,6-1优秀论文库/美国大学生数学建模/2017/D题/55285-校苑数模.pdf,ab3037302f6e0e77a0c0998867bad8e97a8e3eb082946a06ed0e2d3ad22e8d75
美国大学生数学建模,2017,综合,2017B--69427.pdf,28,1719642,False,6-1优秀论文库/美国大学生数学建模/2017/综合/2017B--69427.pdf,6e6b2a51af92e71e6be7c625ce5ce4a3e94c04bf44dc941c234ebc3b4fa1f93c
美国大学生数学建模,2017,综合,2017D----55295.pdf,25,3124464,False,6-1优秀论文库/美国大学生数学建模/2017/综合/2017D----55295.pdf,44ace430d18cbb20d45028b64c24436f838cb4208d6ffd00edea51e1b9ca1159
美国大学生数学建模,2017,B题,70174-校苑数模.pdf,18,878881,False,6-1优秀论文库/美国大学生数学建模/2017/B题/70174-校苑数模.pdf,ea2c730c29ba497007f8cd2d1fbec3f6eb8143b52976f4317aca10e6b308bb1b
美国大学生数学建模,2017,F题,72283.pdf,25,1519907,False,6-1优秀论文库/美国大学生数学建模/2017/F题/72283.pdf,776dd1c3ee73499f5e1973f74034930a3bf8ec42f6d151e4b6161b8b3a259b06
美国大学生数学建模,2017,E题,61502-校苑数模.pdf,21,638130,False,6-1优秀论文库/美国大学生数学建模/2017/E题/61502-校苑数模.pdf,c34114115563143d33687778fe9c606821bef33f6b3fb0fc3144efe0919b00d0
美国大学生数学建模,2017,综合,2017C--55583.pdf,29,2122648,False,6-1优秀论文库/美国大学生数学建模/2017/综合/2017C--55583.pdf,b7d6cd639b636fb3f5fb7386fd7858c88b665e366f04ec6cd3e50ff00be336ee
美国大学生数学建模,2017,C题,55278.pdf,25,1260591,False,6-1优秀论文库/美国大学生数学建模/2017/C题/55278.pdf,a011d0e27f40b59ab532e393ff2acd9f536defd604bf7e4b1593279329fd4788
美国大学生数学建模,2017,B题,69427-校苑数模.pdf,28,1504416,False,6-1优秀论文库/美国大学生数学建模/2017/B题/69427-校苑数模.pdf,dbbf82c6300529f250ec20814c4b07be9bedfe690d74b666eaa9bef220bc7f78
美国大学生数学建模,2017,A题,66500-校苑数模.pdf,35,3198314,False,6-1优秀论文库/美国大学生数学建模/2017/A题/66500-校苑数模.pdf,258bd1d006a242872d070bfeea6857446d5780bad1cdecd50f3842cfa8df5271
美国大学生数学建模,2017,综合,2017B--70174.pdf,18,1240845,False,6-1优秀论文库/美国大学生数学建模/2017/综合/2017B--70174.pdf,b05dbe7a8dd642df11562b95b876c8769df27b575b88b136197fbb1e68f1cab9
美国大学生数学建模,2017,D题,56632.pdf,22,1485577,False,6-1优秀论文库/美国大学生数学建模/2017/D题/56632.pdf,67f41f43c01401f0624952e3997deb0f50dfe9e73bc8e42a29c40590ac943e7e
美国大学生数学建模,2017,A题,66500.pdf,35,2825907,False,6-1优秀论文库/美国大学生数学建模/2017/A题/66500.pdf,89a227cbcce1829edda2cc89151c1022b8e778eb38d76662d60f987c2783f03b
美国大学生数学建模,2017,综合,2017E---67171.pdf,22,1406048,False,6-1优秀论文库/美国大学生数学建模/2017/综合/2017E---67171.pdf,0b0ff773782a1422f5b55ff1c64714bab5f6f8738a215dd6279089039d963b09
美国大学生数学建模,2017,综合,2017B--70545.pdf,26,1781210,False,6-1优秀论文库/美国大学生数学建模/2017/综合/2017B--70545.pdf,f0f8b054a092ae7b8febf881f2315463333bcf7a5a1a80a2d65ed6af39f50e05
美国大学生数学建模,2017,A题,55069-校苑数模.pdf,30,1986657,False,6-1优秀论文库/美国大学生数学建模/2017/A题/55069-校苑数模.pdf,65eb141a47855eed30faf0019d4b31484ac9f539b995babc31839487ab5e9bb3
美国大学生数学建模,2017,C题,55585-校苑数模.pdf,36,7629226,False,6-1优秀论文库/美国大学生数学建模/2017/C题/55585-校苑数模.pdf,eff816c251d98ce965b589f30d9d1f2750951f2c8e55cef310a1a6111baa405c
美国大学生数学建模,2017,综合,2017E--68242.pdf,22,1535200,False,6-1优秀论文库/美国大学生数学建模/2017/综合/2017E--68242.pdf,d59149e84b3452504620f8b391846d01997fac85eec9e2a2fa6efbe9ba4fc860
美国大学生数学建模,2017,D题,67316.pdf,30,678398,False,6-1优秀论文库/美国大学生数学建模/2017/D题/67316.pdf,f37f83c8b1ee84121ee7f9bc40e7014ec6f980bb6b4b9ac370557b42227904a8
美国大学生数学建模,2017,C题,55583-校苑数模.pdf,29,1463624,False,6-1优秀论文库/美国大学生数学建模/2017/C题/55583-校苑数模.pdf,55640b9aff3a401ee735fdde70c123ed182af85c7a12155f216ad8e5a85e4dac
美国大学生数学建模,2017,D题,55285.pdf,33,2869845,False,6-1优秀论文库/美国大学生数学建模/2017/D题/55285.pdf,1835cc0b33380fd573868a1811058e70b0b12cdee5389fc78d3f0977c72e8520
美国大学生数学建模,2017,E题,67171-校苑数模.pdf,22,1019935,False,6-1优秀论文库/美国大学生数学建模/2017/E题/67171-校苑数模.pdf,e024562ddc86bffde0d66d3911e3ddc4b76c4232c8b6f9f748bd5eeac63ce7c8
美国大学生数学建模,2017,B题,56731-校苑数模.pdf,23,2064465,False,6-1优秀论文库/美国大学生数学建模/2017/B题/56731-校苑数模.pdf,ac8212d4148eabf98db8f3b05b802d819218894b21ca06a1c1ccbb6500e2a260
美国大学生数学建模,2017,综合,2017E---65123.pdf,23,2333690,False,6-1优秀论文库/美国大学生数学建模/2017/综合/2017E---65123.pdf,06372e9427db6278f01f5d768df8e7648673e4547826503ea9da5974f8861a36
美国大学生数学建模,2017,B题,70174.pdf,18,713120,False,6-1优秀论文库/美国大学生数学建模/2017/B题/70174.pdf,8bf62421abcbd0212c8cef7cf6b6cc35f390a4005a09be17ff325e6b10c15e17
美国大学生数学建模,2017,E题,65123-校苑数模.pdf,23,2024891,False,6-1优秀论文库/美国大学生数学建模/2017/E题/65123-校苑数模.pdf,b9cbc4f9d5f219f20e4982469b1667b0c6e646918df760a4af960f26ad93e5e9
美国大学生数学建模,2017,C题,55278-校苑数模.pdf,25,1464792,False,6-1优秀论文库/美国大学生数学建模/2017/C题/55278-校苑数模.pdf,d317acdc1a709c57e58f69d0b310fc2aebf26e0ab1906e5a269ae0472260dd62
美国大学生数学建模,2017,综合,2017C--55585.pdf,36,6933996,False,6-1优秀论文库/美国大学生数学建模/2017/综合/2017C--55585.pdf,ea7afc060c796534d4e4eeb6659b5e9a6d4f5c8183467de6cffb27dde67e4177
美国大学生数学建模,2017,C题,55583.pdf,29,1245233,False,6-1优秀论文库/美国大学生数学建模/2017/C题/55583.pdf,34388031bacd6d1ecb242009b8fe85f4776f42872d28553f90c2f3904420000c
美国大学生数学建模,2017,D题,56632-校苑数模.pdf,22,1691730,False,6-1优秀论文库/美国大学生数学建模/2017/D题/56632-校苑数模.pdf,e9ac19397609137cecc64a3fc9248132427ef2fd450a9635c52431c7215ba373
美国大学生数学建模,2017,A题,55069.pdf,30,1559632,False,6-1优秀论文库/美国大学生数学建模/2017/A题/55069.pdf,b98f9975a75b71579284df451b7bd116443e7580c15e51cfa2c9d0a3d08b03d8
美国大学生数学建模,2017,F题,72197.pdf,35,1049736,False,6-1优秀论文库/美国大学生数学建模/2017/F题/72197.pdf,93a3c66bb75f324add2da297fa98ca36b9ff1df65c3f8540512652b18b31db6f
美国大学生数学建模,2017,综合,2017A--66500.pdf,35,3720293,False,6-1优秀论文库/美国大学生数学建模/2017/综合/2017A--66500.pdf,05fa38d7501d8d29113b6122451c00f378eda0a00fc42ea3062850406407e1ce
美国大学生数学建模,2017,E题,71672.pdf,23,148708,False,6-1优秀论文库/美国大学生数学建模/2017/E题/71672.pdf,f2a1a712626f83633e79710bcb48c52ba72481e1886392471d58a2184f17f0e0
美国大学生数学建模,2017,E题,65123.pdf,23,1679281,False,6-1优秀论文库/美国大学生数学建模/2017/E题/65123.pdf,e36461ec86f7956dfe1661007e25931673cde0bfc1a438c87aea6a6f73ec8b0a
美国大学生数学建模,2017,D题,67316-校苑数模.pdf,30,1158706,False,6-1优秀论文库/美国大学生数学建模/2017/D题/67316-校苑数模.pdf,d26610aae0787e3141dbd4065ce0b52299cf5ab000db2025a4d2b1da8c51054e
美国大学生数学建模,2017,综合,2017A--55280.pdf,26,1470058,False,6-1优秀论文库/美国大学生数学建模/2017/综合/2017A--55280.pdf,730a676a2a3ccf3487c3658d0dcb06b4cf0713c422cfee5edf824427055605a7
美国大学生数学建模,2017,A题,65448-校苑数模.pdf,28,1904342,False,6-1优秀论文库/美国大学生数学建模/2017/A题/65448-校苑数模.pdf,0bd42333c68929907ea1305a5d9563b5beb3a0669c2c9e02ed361c784bca3b26
美国大学生数学建模,2017,E题,68242.pdf,22,886152,False,6-1优秀论文库/美国大学生数学建模/2017/E题/68242.pdf,753e00377ae25e175f648ddd06e5b2e00d260878319e9d111d39265419ab2f67
美国大学生数学建模,2017,D题,55295.pdf,25,3732861,False,6-1优秀论文库/美国大学生数学建模/2017/D题/55295.pdf,9001b6d98e1a4837c5d4c9acbc6a42dc35b906708fdb55f7a267155a9fcffaf9
美国大学生数学建模,2017,综合,2017D---56632.pdf,22,2114659,False,6-1优秀论文库/美国大学生数学建模/2017/综合/2017D---56632.pdf,8db21d0f061232c2c06002a1742380d0db7ccc83b51d9e544543b8bb1b0ee4fe
美国大学生数学建模,2017,C题,55585.pdf,36,6354940,False,6-1优秀论文库/美国大学生数学建模/2017/C题/55585.pdf,278f2f6812f35e7cb88c8d5006ab37eaf45f59a61ce62ee4c7079db4adeffe53
美国大学生数学建模,2017,F题,68940.pdf,52,761500,False,6-1优秀论文库/美国大学生数学建模/2017/F题/68940.pdf,3e5f9c475e0a4ed09efa180c42a00dcdc7f5abd796b9c90474b4d02c97066c1b
美国大学生数学建模,2017,A题,55280-校苑数模.pdf,26,868357,False,6-1优秀论文库/美国大学生数学建模/2017/A题/55280-校苑数模.pdf,47ac99579c6af038efa022ef9358448e19bacadd14d8f800d4244e69cb7d4c7d
美国大学生数学建模,2017,综合,2017F--72283.pdf,25,2172884,False,6-1优秀论文库/美国大学生数学建模/2017/综合/2017F--72283.pdf,d3a5b32db95bc0718f726eba4360d71913810826a35bb49e9c18df90f4b38d18
美国大学生数学建模,2017,综合,2017A--55069.pdf,30,2374623,False,6-1优秀论文库/美国大学生数学建模/2017/综合/2017A--55069.pdf,6821932c946ab56c64f88ccae8119e449e442e23f5dc2586831ca458e8c46fc7
美国大学生数学建模,2017,C题,55261-校苑数模.pdf,29,1792085,False,6-1优秀论文库/美国大学生数学建模/2017/C题/55261-校苑数模.pdf,065f78fb3fced06552e96db8e3f637082caac8b6a6738e66bccb15574e3236e8
美国大学生数学建模,2017,综合,2017D---68942.pdf,37,2469829,False,6-1优秀论文库/美国大学生数学建模/2017/综合/2017D---68942.pdf,8c2d53d262e0443fc4e1243c92a09c510bcf069fdcd7426b372661347bea0022
美国大学生数学建模,2017,A题,55280.pdf,26,654026,False,6-1优秀论文库/美国大学生数学建模/2017/A题/55280.pdf,55cec2b6d7aa4922f68d15fc21fa26a3cb284b6740afda67facc0b7a656af7a5
美国大学生数学建模,2017,B题,68303.pdf,21,1412390,False,6-1优秀论文库/美国大学生数学建模/2017/B题/68303.pdf,6c8a9ede3ae2713843f869d98e6e59f3f6df6c0de87da5ded380d038fd73806d
美国大学生数学建模,2017,综合,2017F--68940.pdf,52,2267939,False,6-1优秀论文库/美国大学生数学建模/2017/综合/2017F--68940.pdf,7414f64a29a7f64f1f777588be3ccbb376ccff098b13edfa62b594e8758d80d4
美国大学生数学建模,2017,综合,2017C--55261.pdf,29,2416808,False,6-1优秀论文库/美国大学生数学建模/2017/综合/2017C--55261.pdf,fb3280d3625ca300b199f44f41a16f46ab5cf0e6e56f33ff708ce438b55c2812
美国大学生数学建模,2017,A题,65448.pdf,28,1860524,False,6-1优秀论文库/美国大学生数学建模/2017/A题/65448.pdf,6ed1d510e84f4df632f639e1a28265751d5559461c460e266d004b4fa3c6e3a0
美国大学生数学建模,2017,B题,56731.pdf,23,1785767,False,6-1优秀论文库/美国大学生数学建模/2017/B题/56731.pdf,a60a94599d5de0b306019be0888900343109ab3f6c49dbd6788b8e9066a019c7
美国大学生数学建模,2017,E题,71672-校苑数模.pdf,23,334698,False,6-1优秀论文库/美国大学生数学建模/2017/E题/71672-校苑数模.pdf,f603f2249c59f32a2743cc5a66c66b12e73e01ffbebb0c939db04da6ba5869c1
美国大学生数学建模,2017,E题,61502.pdf,21,415137,False,6-1优秀论文库/美国大学生数学建模/2017/E题/61502.pdf,f0a50d47a2e6f10487d9cac421f00b6cb7abba906c695f19baec95a9cb36b9d0
美国大学生数学建模,2017,B题,69427.pdf,28,1049320,False,6-1优秀论文库/美国大学生数学建模/2017/B题/69427.pdf,b04ae242245c02e34ecf77df70df8c8080490238b74fefa0c2e74576df52786b
美国大学生数学建模,2017,F题,68940-校苑数模.pdf,52,1232340,False,6-1优秀论文库/美国大学生数学建模/2017/F题/68940-校苑数模.pdf,3c0cbbc297839b03a7bb619dd3b6f7d56931e83ad9078f0683e7a89c8233991e
美国大学生数学建模,2017,F题,64486.pdf,34,1901317,False,6-1优秀论文库/美国大学生数学建模/2017/F题/64486.pdf,62f12f048927e39394fd8f69181385dcf82fd80d68e59f75d51474ead31b6d96
美国大学生数学建模,2017,综合,2017A--65448.pdf,28,2710944,False,6-1优秀论文库/美国大学生数学建模/2017/综合/2017A--65448.pdf,69dad09b2d1275237a58c1ffe38a0571091fbedddb35f809d3f43333f1c25786
美国大学生数学建模,2017,D题,68942.pdf,37,1377723,False,6-1优秀论文库/美国大学生数学建模/2017/D题/68942.pdf,f0b0893e6743969351d56d00d4ca776f690802b012d6cab24e18e7bae48b2c2a
美国大学生数学建模,2017,D题,68942-校苑数模.pdf,37,1689928,False,6-1优秀论文库/美国大学生数学建模/2017/D题/68942-校苑数模.pdf,54dbe99deac7291d5c0368f73f84b1a67aedc82d627b5887a0a3ebbad4fdb662
美国大学生数学建模,2017,C题,55261.pdf,29,1532615,False,6-1优秀论文库/美国大学生数学建模/2017/C题/55261.pdf,f877d0a02e332e8c2a991e49398896de946c8618f5c1d4c6764eeb73772c9d13
美国大学生数学建模,2017,B题,70545-校苑数模.pdf,26,1460296,False,6-1优秀论文库/美国大学生数学建模/2017/B题/70545-校苑数模.pdf,e047d453c8a174f3d87501c67bfe6e08be9a42810ac4952c0b22e39302e10e16
美国大学生数学建模,2017,D题,55295-校苑数模.pdf,25,5272107,False,6-1优秀论文库/美国大学生数学建模/2017/D题/55295-校苑数模.pdf,4c2645ec24487cfc8d244c88446f83dcd23d9c078c9eaebbf89dd8784ebf6614
美国大学生数学建模,2017,B题,68303-校苑数模.pdf,21,1589418,False,6-1优秀论文库/美国大学生数学建模/2017/B题/68303-校苑数模.pdf,f743f7960a00f9a89e9e63a5187bcacab4c4fe5ced5dfe159bccf363909da8ab
美国大学生数学建模,2017,B题,70545.pdf,26,1200937,False,6-1优秀论文库/美国大学生数学建模/2017/B题/70545.pdf,8e86fcfa286c46c3d8bddc3ef1ab64b376abe7e07c86827adc811b6c086d9954
美国大学生数学建模,2017,F题,72197-校苑数模.pdf,35,1357454,False,6-1优秀论文库/美国大学生数学建模/2017/F题/72197-校苑数模.pdf,03ed8d39e4099ee16f8be454c30a63586dab2fbb5151d6f079054645410248e2
美国大学生数学建模,2017,F题,72283-校苑数模.pdf,25,1829194,False,6-1优秀论文库/美国大学生数学建模/2017/F题/72283-校苑数模.pdf,7d85946c369ac771507639f8b0fcac0bc37660b9d564e30e614bcaee8a8a8660
美国大学生数学建模,2017,F题,64486-校苑数模.pdf,34,2195965,False,6-1优秀论文库/美国大学生数学建模/2017/F题/64486-校苑数模.pdf,d6021048ab4546816ab57ec61f24f78f4a82358579717f2f80e664c28e95f603
美国大学生数学建模,2017,E题,68242-校苑数模.pdf,22,1160364,False,6-1优秀论文库/美国大学生数学建模/2017/E题/68242-校苑数模.pdf,849f58be5d758454c82659088d3284568794a2d37d99fbaf6fe399abe1a939c4
美国大学生数学建模,2017,综合,2017B--56731.pdf,23,2433631,False,6-1优秀论文库/美国大学生数学建模/2017/综合/2017B--56731.pdf,c4dfc48fd6f78c1167bc1ecec1a71171b98b94c741a48289ed9fc6356457020c
美国大学生数学建模,2017,综合,2017E---71672.pdf,23,847441,False,6-1优秀论文库/美国大学生数学建模/2017/综合/2017E---71672.pdf,cf8933654f830d3867f121fcdc6ca54d1dba41fb0446ec0075d54c6aa7ece696
美国大学生数学建模,2017,综合,2017E--61502.pdf,21,1034085,False,6-1优秀论文库/美国大学生数学建模/2017/综合/2017E--61502.pdf,24c8ce89f711ccc0069995b15a71f523cd2ff914da85ebeeaa7d424315506c7b
美国大学生数学建模,2017,E题,67171.pdf,22,786881,False,6-1优秀论文库/美国大学生数学建模/2017/E题/67171.pdf,0a99e096526c7d53d0356a88d256041154cc728758dfdc5340cc22ba3145386a
美国大学生数学建模,2017,综合,2017C--55278.pdf,25,2044052,False,6-1优秀论文库/美国大学生数学建模/2017/综合/2017C--55278.pdf,77e405b6d367ba32a97acc0450a0be5c07535b9b97bd73185a2ca09ed2317c29
美国大学生数学建模,2018,D题,"D81402-Forecast, Blueprint, Strategy, for EV's Future.pdf",29,1180380,False,"6-1优秀论文库/美国大学生数学建模/2018/D题/D81402-Forecast, Blueprint, Strategy, for EV's Future.pdf",e1ca19211adf4ea616b24129392d401b0989f7e028c2fdcbdd8b60f231138a45
美国大学生数学建模,2018,C题,C82150.pdf,37,1157388,False,6-1优秀论文库/美国大学生数学建模/2018/C题/C82150.pdf,43b699816133e27f4772ec768ef6004c968b025aff52b5ca8895952e17bb02fa
美国大学生数学建模,2018,E题,E72968-SPEC A Climate-based Fragility Model.pdf,37,2159817,False,6-1优秀论文库/美国大学生数学建模/2018/E题/E72968-SPEC A Climate-based Fragility Model.pdf,5f2ee2235ee32dabd3548f4e9c412b3234f6548f4ce28c936c331783f4586a70
美国大学生数学建模,2018,E题,E89499-An Evaluation Model of State Fragility related to Climate Change Based on the PSR Model and Entropy Weight Method.pdf,22,731006,False,6-1优秀论文库/美国大学生数学建模/2018/E题/E89499-An Evaluation Model of State Fragility related to Climate Change Based on the PSR Model and E-3f2be063.pdf,90bc677f45b0a29660c45c8124811ea395949e140b9de9d636c9b3e3b6c94c2b
美国大学生数学建模,2018,F题,F88508-A Smart Privacy Commodity a Quantitative Model of Dynamic Pricing Strategy.pdf,29,1314542,False,6-1优秀论文库/美国大学生数学建模/2018/F题/F88508-A Smart Privacy Commodity a Quantitative Model of Dynamic Pricing Strategy.pdf,de94761194cd745774904561771102afb8b174f865078de663d5355f958bb081
美国大学生数学建模,2018,A题,A88255.pdf,21,1437492,False,6-1优秀论文库/美国大学生数学建模/2018/A题/A88255.pdf,2023cf14a0156a03277532fb79c6de945f94f219753fa70687b004084d2f271b
美国大学生数学建模,2018,E题,E93840.pdf,24,622796,False,6-1优秀论文库/美国大学生数学建模/2018/E题/E93840.pdf,dffa69973d00c4189de8120a639638c47675715a343cca9db5f49e193a037ac9
美国大学生数学建模,2018,B题,B77238.pdf,23,1662815,False,6-1优秀论文库/美国大学生数学建模/2018/B题/B77238.pdf,4380ec81b5ee9b4609444db0e383190b0bd18fb4dd1b2f0cf729c7324b22974f
美国大学生数学建模,2018,A题,A86103-Simulation Analysis of Multi-hop HF Radio.pdf,28,1251855,False,6-1优秀论文库/美国大学生数学建模/2018/A题/A86103-Simulation Analysis of Multi-hop HF Radio.pdf,6d21eb9d0f1f13d61ef2df427746944e466a909d1ca692aac1a62a7e186d89fe
美国大学生数学建模,2018,F题,F93036-PIPE Estimate the Value of Private Information.pdf,33,1208919,False,6-1优秀论文库/美国大学生数学建模/2018/F题/F93036-PIPE Estimate the Value of Private Information.pdf,caae279b78eb7e3bb86cd8bc16ca7d2fd9338b27c489992ab5951e256c863b63
美国大学生数学建模,2018,综合,2018美赛O奖励中英文对照4.pdf,27,681804,False,6-1优秀论文库/美国大学生数学建模/2019/综合/2018美赛O奖励中英文对照4.pdf,f6b8c8107cfc0b90b4d8a87edc26e74b76f5efc5361ed325efe1f0bd3b61cece
美国大学生数学建模,2018,B题,B91566-Forecasting the Language Distribution.pdf,26,1199510,False,6-1优秀论文库/美国大学生数学建模/2018/B题/B91566-Forecasting the Language Distribution.pdf,2607f7ecbfa42a78907626dfd454e19e9a2ef3e31dcdd005d05ec778b7cbc1ee
美国大学生数学建模,2018,C题,C78577-Sustainable Energy Assessment.pdf,23,1159450,False,6-1优秀论文库/美国大学生数学建模/2018/C题/C78577-Sustainable Energy Assessment.pdf,919f0d0fa02bd602bdd83e35091a90a0018624b204a581f7775f52a56e0b81c7
美国大学生数学建模,2018,A题,A76271-Wave Goodbye to Poor Reception.pdf,31,1508679,False,6-1优秀论文库/美国大学生数学建模/2018/A题/A76271-Wave Goodbye to Poor Reception.pdf,27d535ab5fff296e05d1de0044ab0ccd8fec00a4c83b46ba8199f893a33fb987
美国大学生数学建模,2018,D题,D82504.pdf,43,1351490,False,6-1优秀论文库/美国大学生数学建模/2018/D题/D82504.pdf,6cc631690fd3446cb81e6fb2841dc0074be6b3c9b54ee50e9f65740ae672fde8
美国大学生数学建模,2018,C题,C73767-A Setting System of Interstate Energy Cooperation Goals Based on Data Insight.pdf,29,1695202,False,6-1优秀论文库/美国大学生数学建模/2018/C题/C73767-A Setting System of Interstate Energy Cooperation Goals Based on Data Insight.pdf,a72d3a8a160f37686a7769d9aae21e5a1a6709b1be70cc459b82bf147def2805
美国大学生数学建模,2018,F题,F87280-How much is your privacy information.pdf,31,1796190,False,6-1优秀论文库/美国大学生数学建模/2018/F题/F87280-How much is your privacy information.pdf,fa7e05e4666888e6d4e2045f6e9f57073c711507cc65f90c9a4756b71aadf336
美国大学生数学建模,2018,E题,E78511-How Will Climate Change A ect Fragility.pdf,28,1117090,False,6-1优秀论文库/美国大学生数学建模/2018/E题/E78511-How Will Climate Change A ect Fragility.pdf,395a90c349068dce46813ac99b8fc011aecf67977f181d363e35d03f596fe3d8
美国大学生数学建模,2018,B题,B74316.pdf,39,4034985,False,6-1优秀论文库/美国大学生数学建模/2018/B题/B74316.pdf,1198d12dab779fcd23ee1a51289263bccc77784bf89efd8f6e47a0d5bae01ac7
美国大学生数学建模,2018,综合,2018美赛O奖励中英文对照1.pdf,33,1207810,False,6-1优秀论文库/美国大学生数学建模/2019/综合/2018美赛O奖励中英文对照1.pdf,33150a48052dfd683c29ee8b6c9de0098b37370a6ed538b479f8068f9565a3c1
美国大学生数学建模,2018,D题,D78826-A Design of Elecomb.pdf,23,2717547,False,6-1优秀论文库/美国大学生数学建模/2018/D题/D78826-A Design of Elecomb.pdf,ed3ee7b716f1278850924ae8252cacdd40789bb0b458e5ee38488daffa3d612b
美国大学生数学建模,2018,E题,E74971-Climate counts! Less Fragility & better Countries.pdf,23,826060,False,6-1优秀论文库/美国大学生数学建模/2018/E题/E74971-Climate counts! Less Fragility & better Countries.pdf,2b1f503a053fac0981afcd431d7e5635151d5e3fba910b5d3c5364171f170cf1
美国大学生数学建模,2018,B题,B73410-Language Population Projection and Location.pdf,28,1003169,False,6-1优秀论文库/美国大学生数学建模/2018/B题/B73410-Language Population Projection and Location.pdf,069a37649489a1cad790a23de3924db0d5867eb5518f4edc68af66a9b73a71de
美国大学生数学建模,2018,A题,A76082-HF Radio Propagation under Different Terrains.pdf,25,758514,False,6-1优秀论文库/美国大学生数学建模/2018/A题/A76082-HF Radio Propagation under Different Terrains.pdf,bbcfb4270eef5cc6d1d6706651a7e8bd82400539ddda554de3a5e60a07745509
美国大学生数学建模,2018,E题,E88902-A Probabilistic Model of the Relationships between Countries and Climate Change.pdf,28,1614632,False,6-1优秀论文库/美国大学生数学建模/2018/E题/E88902-A Probabilistic Model of the Relationships between Countries and Climate Change.pdf,cefa4db954263b279392aea229f392ad217bb6b678f1aaaf1fd79a0c1697e27e
美国大学生数学建模,2018,E题,E73119.pdf,27,671842,False,6-1优秀论文库/美国大学生数学建模/2018/E题/E73119.pdf,79c4dde3ac655054620dd977f55e4781c551a5d37fbb2111095e4a31d133df24
美国大学生数学建模,2018,综合,2018美赛O奖励中英文对照3.pdf,26,1100381,False,6-1优秀论文库/美国大学生数学建模/2019/综合/2018美赛O奖励中英文对照3.pdf,c55843b02456db958a64e663201cb42a584e7c9760b249fc37ef6520f5d7f776
美国大学生数学建模,2018,B题,B79002-How many languages.pdf,29,1710703,False,6-1优秀论文库/美国大学生数学建模/2018/B题/B79002-How many languages.pdf,238b850f5d9167018df1686a92dda3f343444e835b63719a23c8273575c9faff
美国大学生数学建模,2018,D题,D82794-How to achieve the full adoption of all-electric vehicles.pdf,27,973779,False,6-1优秀论文库/美国大学生数学建模/2018/D题/D82794-How to achieve the full adoption of all-electric vehicles.pdf,47f05792d6b38bde533b2f00a5268860e720491bfeb869f16e8ef85fa469b968
美国大学生数学建模,2018,F题,F83744-Private Information Pricing System Based on Game Theory and Graph Theory.pdf,29,988912,False,6-1优秀论文库/美国大学生数学建模/2018/F题/F83744-Private Information Pricing System Based on Game Theory and Graph Theory.pdf,386b67db94ac7dc34a134627549b03b23c6436a20399c6e63c84919a4164b373
美国大学生数学建模,2018,C题,"C72969-CAFE Characterization, Analysis, Forecasting, and Evaluation of Energy Profile.pdf",30,1621958,False,"6-1优秀论文库/美国大学生数学建模/2018/C题/C72969-CAFE Characterization, Analysis, Forecasting, and Evaluation of Energy Profile.pdf",f2349d15afe26f49d7183ab8cc7759d1eb9a275b69a6c6bdc51796cfae0b860a
美国大学生数学建模,2018,D题,D80386.pdf,25,1193144,False,6-1优秀论文库/美国大学生数学建模/2018/D题/D80386.pdf,b757100d595769e7f32414d175105c21997bdf3dc66d6fdd09655b1772d072c3
美国大学生数学建模,2018,D题,D73156-Construct all-electric network.pdf,29,598352,False,6-1优秀论文库/美国大学生数学建模/2018/D题/D73156-Construct all-electric network.pdf,1a30e830d8b456ce5833e5a4c35ec038ef077b60446c37a37243e7cb7f85e857
美国大学生数学建模,2018,综合,2018美赛O奖励中英文对照2.pdf,28,1012628,False,6-1优秀论文库/美国大学生数学建模/2019/综合/2018美赛O奖励中英文对照2.pdf,d5e3a07790b19bc15df43c32bc5293d0069a6482e0a444d5afdfd4252e525c58
美国大学生数学建模,2018,C题,C80560-A New Keynesian Approach to Optimizing Energy Compact.pdf,27,1554407,False,6-1优秀论文库/美国大学生数学建模/2018/C题/C80560-A New Keynesian Approach to Optimizing Energy Compact.pdf,ad2eea75d2bf72a47de6e25e44e61cfd7a533406edb02fbeed8be133aae42e7e
美国大学生数学建模,2018,A题,A77845-MHPM and MSRSM Simulation and Modeling of Multi-hop HF Radio Propagation.pdf,32,924141,False,6-1优秀论文库/美国大学生数学建模/2018/A题/A77845-MHPM and MSRSM Simulation and Modeling of Multi-hop HF Radio Propagation.pdf,746864a60a1cf3bbccc8f24d92458c2e30605ba9b9f6aef019547b164b3471fd
美国大学生数学建模,2019,综合,2019年美赛d题特等奖论文（中文版）.pdf,18,1459824,False,6-1优秀论文库/美国大学生数学建模/2019/综合/2019年美赛d题特等奖论文（中文版）.pdf,86a59a879728a764b65e19a3a6c42ffc52fdbf0ae0e7fa9e04992aeea51d3001
美国大学生数学建模,2019,综合,2019年美赛C题特等奖论文.pdf,28,2687847,False,6-1优秀论文库/美国大学生数学建模/2019/综合/2019年美赛C题特等奖论文.pdf,be06df3a1871aa80764c09dd3d56a09d090bf2ef3a738ed1ade6ad1d6bee4637
美国大学生数学建模,2019,综合,2018美赛O奖励中英文对照4.pdf,27,681804,False,6-1优秀论文库/美国大学生数学建模/2019/综合/2018美赛O奖励中英文对照4.pdf,f6b8c8107cfc0b90b4d8a87edc26e74b76f5efc5361ed325efe1f0bd3b61cece
美国大学生数学建模,2019,综合,2019年美赛A题特等奖论文（中文版）.pdf,24,1795117,False,6-1优秀论文库/美国大学生数学建模/2019/综合/2019年美赛A题特等奖论文（中文版）.pdf,7b1cd031b3042a488186c5c8a744589441678e9ba6eae505c431d01dfdaf4eb8
美国大学生数学建模,2019,综合,2019年美赛F题特等奖论文.pdf,26,1835866,False,6-1优秀论文库/美国大学生数学建模/2019/综合/2019年美赛F题特等奖论文.pdf,cf8e62882ed3704cb089161c83f6ae3eb96377596c8d761a7978ee1ae8e772a8
美国大学生数学建模,2019,综合,2019年美赛B题特等奖论文（中文版）.pdf,13,1446077,False,6-1优秀论文库/美国大学生数学建模/2019/综合/2019年美赛B题特等奖论文（中文版）.pdf,24c7158f83223ff741f37a719e17c5b6d3e5b9f7d547a170ac7582a4b0f1e2ae
美国大学生数学建模,2019,综合,2018美赛O奖励中英文对照1.pdf,33,1207810,False,6-1优秀论文库/美国大学生数学建模/2019/综合/2018美赛O奖励中英文对照1.pdf,33150a48052dfd683c29ee8b6c9de0098b37370a6ed538b479f8068f9565a3c1
美国大学生数学建模,2019,综合,2019年美赛E题特等奖论文（中文版）.pdf,12,960070,False,6-1优秀论文库/美国大学生数学建模/2019/综合/2019年美赛E题特等奖论文（中文版）.pdf,88bdfdc395cb6c6de3a10f47ffc1e179a75539f5977912582561a6a0de6d01b9
美国大学生数学建模,2019,综合,2019年美赛C题特等奖论文（中文版））.pdf,16,1721406,False,6-1优秀论文库/美国大学生数学建模/2019/综合/2019年美赛C题特等奖论文（中文版））.pdf,65808d10ec4267db03c79afb5a4b066833c67202a868c7581f8b0aea8863f775
美国大学生数学建模,2019,综合,2018美赛O奖励中英文对照3.pdf,26,1100381,False,6-1优秀论文库/美国大学生数学建模/2019/综合/2018美赛O奖励中英文对照3.pdf,c55843b02456db958a64e663201cb42a584e7c9760b249fc37ef6520f5d7f776
美国大学生数学建模,2019,综合,2019年美赛D题特等奖论文.pdf,26,4532202,False,6-1优秀论文库/美国大学生数学建模/2019/综合/2019年美赛D题特等奖论文.pdf,cc394248eda2582c2008838cb6f62b57719951ea6d7b88eab401f7614b8a7cf6
美国大学生数学建模,2019,综合,2019年美赛B题特等奖论文.pdf,18,1355387,False,6-1优秀论文库/美国大学生数学建模/2019/综合/2019年美赛B题特等奖论文.pdf,98f7aa115369e1a712da797f1a7aaf4baf6ba9725a3c1770058f61530fbd6798
美国大学生数学建模,2019,综合,2019年美赛A题特等奖论文.pdf,30,2641183,False,6-1优秀论文库/美国大学生数学建模/2019/综合/2019年美赛A题特等奖论文.pdf,2a3c56eccaa9ea3dcc31299fa54e66194a1de82ce619787788c60d26eeb5d5ef
美国大学生数学建模,2019,综合,2019年美赛F题特等奖论文（中文版）.pdf,20,1056411,False,6-1优秀论文库/美国大学生数学建模/2019/综合/2019年美赛F题特等奖论文（中文版）.pdf,8e0072422ad8b617c15aae570fdb7733c95d2113c994c796d5db09effbc32a8d
美国大学生数学建模,2019,综合,2018美赛O奖励中英文对照2.pdf,28,1012628,False,6-1优秀论文库/美国大学生数学建模/2019/综合/2018美赛O奖励中英文对照2.pdf,d5e3a07790b19bc15df43c32bc5293d0069a6482e0a444d5afdfd4252e525c58
美国大学生数学建模,2019,综合,2019年美赛E题特等奖论文.pdf,15,2115390,False,6-1优秀论文库/美国大学生数学建模/2019/综合/2019年美赛E题特等奖论文.pdf,d09f4a62c267f6f1ad4411ba9eef75464d74f9af35e65f302fe887004055c5e5
美国大学生数学建模,年份待核实,综合,30680.pdf,21,3491619,False,6-1优秀论文库/美国大学生数学建模/2014/综合/30680.pdf,9f0c0d05a192ebd4b1432ec1467b0edc68b1bf67b55df8f9c56d0590147c9ed9
美国大学生数学建模,年份待核实,综合,"D81402-Forecast, Blueprint, Strategy, for EV's Future.pdf",29,1180380,False,"6-1优秀论文库/美国大学生数学建模/2018/D题/D81402-Forecast, Blueprint, Strategy, for EV's Future.pdf",e1ca19211adf4ea616b24129392d401b0989f7e028c2fdcbdd8b60f231138a45
美国大学生数学建模,年份待核实,综合,C82150.pdf,37,1157388,False,6-1优秀论文库/美国大学生数学建模/2018/C题/C82150.pdf,43b699816133e27f4772ec768ef6004c968b025aff52b5ca8895952e17bb02fa
美国大学生数学建模,年份待核实,综合,E72968-SPEC A Climate-based Fragility Model.pdf,37,2159817,False,6-1优秀论文库/美国大学生数学建模/2018/E题/E72968-SPEC A Climate-based Fragility Model.pdf,5f2ee2235ee32dabd3548f4e9c412b3234f6548f4ce28c936c331783f4586a70
美国大学生数学建模,年份待核实,综合,"2013年C题18492 SSE, Beijing University of Posts and Telecommunications, China.pdf",21,1229564,False,"6-1优秀论文库/美国大学生数学建模/2013/C题/2013年C题18492 SSE, Beijing University of Posts and Telecommunications, China.pdf",b2964db3aeb6cb2762e470f6a8f447864e16aac4a878409c3c9c99d7b199ca94
美国大学生数学建模,年份待核实,综合,"2013年B题21185 Beijing Univ. of Posts and Telecomm., China.pdf",43,1658903,False,"6-1优秀论文库/美国大学生数学建模/2013/B题/2013年B题21185 Beijing Univ. of Posts and Telecomm., China.pdf",28a348f638d78c79ae3647bed9fe15db08503cac87d9b67e9772c9683603bec1
美国大学生数学建模,年份待核实,综合,2017F--64486.pdf,34,2952779,False,6-1优秀论文库/美国大学生数学建模/2017/综合/2017F--64486.pdf,2d3add8d575c438aa454c77c7c0f73e4c231d9a55eadd2df42ae7ac4d9c3cd66
美国大学生数学建模,年份待核实,综合,E89499-An Evaluation Model of State Fragility related to Climate Change Based on the PSR Model and Entropy Weight Method.pdf,22,731006,False,6-1优秀论文库/美国大学生数学建模/2018/E题/E89499-An Evaluation Model of State Fragility related to Climate Change Based on the PSR Model and E-3f2be063.pdf,90bc677f45b0a29660c45c8124811ea395949e140b9de9d636c9b3e3b6c94c2b
美国大学生数学建模,年份待核实,综合,"2013年B题19491 Tsinghua University, China.pdf",35,1476444,False,"6-1优秀论文库/美国大学生数学建模/2013/B题/2013年B题19491 Tsinghua University, China.pdf",f8d300521df191a49e1843ecce95f0ecc7d839bb4a9dae7bab66fdd4169a37f7
美国大学生数学建模,年份待核实,综合,F88508-A Smart Privacy Commodity a Quantitative Model of Dynamic Pricing Strategy.pdf,29,1314542,False,6-1优秀论文库/美国大学生数学建模/2018/F题/F88508-A Smart Privacy Commodity a Quantitative Model of Dynamic Pricing Strategy.pdf,de94761194cd745774904561771102afb8b174f865078de663d5355f958bb081
美国大学生数学建模,年份待核实,综合,2017B--68303.pdf,21,2052611,False,6-1优秀论文库/美国大学生数学建模/2017/综合/2017B--68303.pdf,5c05f58a135629084b0905ee707d3e04c07f8a03740f1a5276ed7eb594a64c98
美国大学生数学建模,年份待核实,综合,2017D----55295.pdf,25,3124464,False,6-1优秀论文库/美国大学生数学建模/2017/综合/2017D----55295.pdf,44ace430d18cbb20d45028b64c24436f838cb4208d6ffd00edea51e1b9ca1159
美国大学生数学建模,年份待核实,综合,2017C--55583.pdf,29,2122648,False,6-1优秀论文库/美国大学生数学建模/2017/综合/2017C--55583.pdf,b7d6cd639b636fb3f5fb7386fd7858c88b665e366f04ec6cd3e50ff00be336ee
美国大学生数学建模,年份待核实,综合,38996.pdf,21,1372046,False,6-1优秀论文库/美国大学生数学建模/2015/综合/38996-1efe10af.pdf,1efe10af33686734c9dc12c9b8c9ac65446a5e759d61a48ccfffed2365117ac2
美国大学生数学建模,年份待核实,综合,B77238.pdf,23,1662815,False,6-1优秀论文库/美国大学生数学建模/2018/B题/B77238.pdf,4380ec81b5ee9b4609444db0e383190b0bd18fb4dd1b2f0cf729c7324b22974f
美国大学生数学建模,年份待核实,综合,35780.pdf,24,2291021,False,6-1优秀论文库/美国大学生数学建模/2015/综合/35780-97fea85b.pdf,97fea85bdc35e352917d33636c641faa44548d2f44167c05491cd69b1f61c48c
美国大学生数学建模,年份待核实,综合,34985.pdf,20,2697803,False,6-1优秀论文库/美国大学生数学建模/2015/综合/34985.pdf,c7be0d8bf9c8002b4bc1121e5089ef3185c523217c241901fdcc02344ca9e509
美国大学生数学建模,年份待核实,综合,D44173.pdf,22,4014940,False,6-1优秀论文库/美国大学生数学建模/2016/D题/D44173.pdf,d567811612b1ae74edb7d5647bbfb035ce4e63e6cb82be1b9bde8ad2c4e87f8b
美国大学生数学建模,年份待核实,综合,华科B28414.pdf,33,1030223,False,6-1优秀论文库/美国大学生数学建模/年份待核实/综合/华科B28414.pdf,0aee7458c14ae03a6c34b287efc4bfccfafcb01e928a05d102d29828528b77f6
美国大学生数学建模,年份待核实,综合,33900.pdf,20,3958140,False,6-1优秀论文库/美国大学生数学建模/2015/综合/33900.pdf,7f8065e88c2696835a2ff689b106a262151e8a05a0bb9c2b67bbd85f6481974a
美国大学生数学建模,年份待核实,综合,清华大学A26333.pdf,53,2494164,False,6-1优秀论文库/美国大学生数学建模/年份待核实/综合/清华大学A26333.pdf,5d261ab5849fbfe910c60bbca6ebc6ae7d1b3d675d61f4bc4c3796d4f2807697
美国大学生数学建模,年份待核实,综合,F43181.pdf,20,1658186,False,6-1优秀论文库/美国大学生数学建模/2016/F题/F43181.pdf,2c76731107aa2c8f057f70c0ad94465c40f76b6bfcae60fca6bde898872cf282
美国大学生数学建模,年份待核实,综合,A54164.pdf,44,2049195,False,6-1优秀论文库/美国大学生数学建模/2016/A题/A54164.pdf,06265b560abfd13156be868cf5a621399f125d47ca17088ef9869dda58d8d912
美国大学生数学建模,年份待核实,综合,2017E--68242.pdf,22,1535200,False,6-1优秀论文库/美国大学生数学建模/2017/综合/2017E--68242.pdf,d59149e84b3452504620f8b391846d01997fac85eec9e2a2fa6efbe9ba4fc860
美国大学生数学建模,年份待核实,综合,2019年美赛C题特等奖论文.pdf,28,2687847,False,6-1优秀论文库/美国大学生数学建模/2019/综合/2019年美赛C题特等奖论文.pdf,be06df3a1871aa80764c09dd3d56a09d090bf2ef3a738ed1ade6ad1d6bee4637
美国大学生数学建模,年份待核实,综合,32150.pdf,36,1243752,False,6-1优秀论文库/美国大学生数学建模/2015/综合/32150-b7715ba1.pdf,b7715ba1fb8aec84a5e7cd4ce81aa75f2fdef6aaca98167d0f4e0279ed71d4be
美国大学生数学建模,年份待核实,综合,C42939.pdf,25,1132343,False,6-1优秀论文库/美国大学生数学建模/2016/C题/C42939.pdf,a820dc60ac7b432efb4953d4443d97abc79bc8a26a2c4ca4aabcccb44204cfe6
美国大学生数学建模,年份待核实,综合,C78577-Sustainable Energy Assessment.pdf,23,1159450,False,6-1优秀论文库/美国大学生数学建模/2018/C题/C78577-Sustainable Energy Assessment.pdf,919f0d0fa02bd602bdd83e35091a90a0018624b204a581f7775f52a56e0b81c7
美国大学生数学建模,年份待核实,综合,A44845.pdf,44,2422225,False,6-1优秀论文库/美国大学生数学建模/2016/A题/A44845.pdf,6df31c48d5eeb6b5addad69ff82eb249b9699bf6b3ce61bbc0464d7d8b9c0a75
美国大学生数学建模,年份待核实,综合,B52221.pdf,23,1350188,False,6-1优秀论文库/美国大学生数学建模/2016/B题/B52221.pdf,f8094e5745d4f86729d61bbe3344da238cc0cf49b626344cfc2d70ebb634ba01
美国大学生数学建模,年份待核实,综合,2017E---65123.pdf,23,2333690,False,6-1优秀论文库/美国大学生数学建模/2017/综合/2017E---65123.pdf,06372e9427db6278f01f5d768df8e7648673e4547826503ea9da5974f8861a36
美国大学生数学建模,年份待核实,综合,D82504.pdf,43,1351490,False,6-1优秀论文库/美国大学生数学建模/2018/D题/D82504.pdf,6cc631690fd3446cb81e6fb2841dc0074be6b3c9b54ee50e9f65740ae672fde8
美国大学生数学建模,年份待核实,综合,D54740.pdf,22,2298534,False,6-1优秀论文库/美国大学生数学建模/2016/D题/D54740.pdf,2a223302453efc4eaadf5a90e3758c1af1f5e7450a02ac8bdd4ebb3b235520ff
美国大学生数学建模,年份待核实,综合,E52849.pdf,32,2500106,False,6-1优秀论文库/美国大学生数学建模/2016/E题/E52849.pdf,d43f6d9817f04a3317d2aab3f4acbdf073eec74bbc37ab0f1a5dfc9ad56115a2
美国大学生数学建模,年份待核实,综合,A48649.pdf,44,1764025,False,6-1优秀论文库/美国大学生数学建模/2016/A题/A48649.pdf,bb3f97ad01c343997f4e2092132b2d25129d1b5ecdd15f83bd0cd81734da77a9
美国大学生数学建模,年份待核实,综合,"2013年C题23721 Zhejiang University, China.pdf",24,1954608,False,"6-1优秀论文库/美国大学生数学建模/2013/C题/2013年C题23721 Zhejiang University, China.pdf",9f5bbdfe28b7a885ddb44e1ce4e0c7b1201cd851a812dc33363ed1254202d3a6
美国大学生数学建模,年份待核实,综合,paper.pdf,43,2034272,False,6-1优秀论文库/美国大学生数学建模/2013/B题/paper.pdf,ee875bc1bc36ae712df038b745cb7764448a85feda978614a01921352843b192
美国大学生数学建模,年份待核实,综合,E52831.pdf,18,900053,False,6-1优秀论文库/美国大学生数学建模/2016/E题/E52831.pdf,0ee510b9dfda0dccf48d161dd98ef31c274646009d50015526a2ce77071859b1
美国大学生数学建模,年份待核实,综合,2017C--55585.pdf,36,6933996,False,6-1优秀论文库/美国大学生数学建模/2017/综合/2017C--55585.pdf,ea7afc060c796534d4e4eeb6659b5e9a6d4f5c8183467de6cffb27dde67e4177
美国大学生数学建模,年份待核实,综合,C73767-A Setting System of Interstate Energy Cooperation Goals Based on Data Insight.pdf,29,1695202,False,6-1优秀论文库/美国大学生数学建模/2018/C题/C73767-A Setting System of Interstate Energy Cooperation Goals Based on Data Insight.pdf,a72d3a8a160f37686a7769d9aae21e5a1a6709b1be70cc459b82bf147def2805
美国大学生数学建模,年份待核实,综合,"2013年B题19936 University of Colorado Boulder, CO.pdf",52,1660617,False,"6-1优秀论文库/美国大学生数学建模/2013/B题/2013年B题19936 University of Colorado Boulder, CO.pdf",a984ce871a65b37105877e4d069f4a9cbea6e9c0e1c855ac79964cd59fc9a883
美国大学生数学建模,年份待核实,综合,F87280-How much is your privacy information.pdf,31,1796190,False,6-1优秀论文库/美国大学生数学建模/2018/F题/F87280-How much is your privacy information.pdf,fa7e05e4666888e6d4e2045f6e9f57073c711507cc65f90c9a4756b71aadf336
美国大学生数学建模,年份待核实,综合,A44398.pdf,51,2662616,False,6-1优秀论文库/美国大学生数学建模/2016/A题/A44398.pdf,2d25fcdd8854b6242f6f26a9f8ecb36b9abb180c326eca24b9b962ebf4ebfa2b
美国大学生数学建模,年份待核实,综合,"2013年B题17444 Nanjing University, China.pdf",42,7812971,False,"6-1优秀论文库/美国大学生数学建模/2013/B题/2013年B题17444 Nanjing University, China.pdf",a20b31a12c2b88d3299be55cf5752dbb524be8c5ff6d18864312997ed0977f89
美国大学生数学建模,年份待核实,综合,35532.pdf,34,1801996,False,6-1优秀论文库/美国大学生数学建模/2015/综合/35532-1a9fa997.pdf,1a9fa9979106d367a1a62a9b683150a23e571377783e6850f4fb0248aba48697
美国大学生数学建模,年份待核实,综合,2017A--66500.pdf,35,3720293,False,6-1优秀论文库/美国大学生数学建模/2017/综合/2017A--66500.pdf,05fa38d7501d8d29113b6122451c00f378eda0a00fc42ea3062850406407e1ce
美国大学生数学建模,年份待核实,综合,B74316.pdf,39,4034985,False,6-1优秀论文库/美国大学生数学建模/2018/B题/B74316.pdf,1198d12dab779fcd23ee1a51289263bccc77784bf89efd8f6e47a0d5bae01ac7
美国大学生数学建模,年份待核实,C题,C47823.pdf,27,2049690,False,6-1优秀论文库/美国大学生数学建模/2016/C题/C47823.pdf,48864c6d196cb0aaf536bd376cf50c3a31d909085d9ba1103cb8050897be74e7
美国大学生数学建模,年份待核实,综合,2017A--55280.pdf,26,1470058,False,6-1优秀论文库/美国大学生数学建模/2017/综合/2017A--55280.pdf,730a676a2a3ccf3487c3658d0dcb06b4cf0713c422cfee5edf824427055605a7
美国大学生数学建模,年份待核实,综合,D78826-A Design of Elecomb.pdf,23,2717547,False,6-1优秀论文库/美国大学生数学建模/2018/D题/D78826-A Design of Elecomb.pdf,ed3ee7b716f1278850924ae8252cacdd40789bb0b458e5ee38488daffa3d612b
美国大学生数学建模,年份待核实,综合,E74971-Climate counts! Less Fragility & better Countries.pdf,23,826060,False,6-1优秀论文库/美国大学生数学建模/2018/E题/E74971-Climate counts! Less Fragility & better Countries.pdf,2b1f503a053fac0981afcd431d7e5635151d5e3fba910b5d3c5364171f170cf1
美国大学生数学建模,年份待核实,综合,2017D---56632.pdf,22,2114659,False,6-1优秀论文库/美国大学生数学建模/2017/综合/2017D---56632.pdf,8db21d0f061232c2c06002a1742380d0db7ccc83b51d9e544543b8bb1b0ee4fe
美国大学生数学建模,年份待核实,综合,39160.pdf,17,313854,False,6-1优秀论文库/美国大学生数学建模/2015/综合/39160-2b8963a3.pdf,2b8963a3deb67895d270c2a4ed1cf62f7c6bea281dddaef3027c5cc6dbef25c9
美国大学生数学建模,年份待核实,综合,A76082-HF Radio Propagation under Different Terrains.pdf,25,758514,False,6-1优秀论文库/美国大学生数学建模/2018/A题/A76082-HF Radio Propagation under Different Terrains.pdf,bbcfb4270eef5cc6d1d6706651a7e8bd82400539ddda554de3a5e60a07745509
美国大学生数学建模,年份待核实,综合,2017F--72283.pdf,25,2172884,False,6-1优秀论文库/美国大学生数学建模/2017/综合/2017F--72283.pdf,d3a5b32db95bc0718f726eba4360d71913810826a35bb49e9c18df90f4b38d18
美国大学生数学建模,年份待核实,综合,E73119.pdf,27,671842,False,6-1优秀论文库/美国大学生数学建模/2018/E题/E73119.pdf,79c4dde3ac655054620dd977f55e4781c551a5d37fbb2111095e4a31d133df24
美国大学生数学建模,年份待核实,综合,B42745.pdf,26,1006327,False,6-1优秀论文库/美国大学生数学建模/2016/B题/B42745.pdf,657dcbe7e4680eafdb7e0bab06cdd9feb1f7ab039f560d8bf7e70faf3df80063
美国大学生数学建模,年份待核实,综合,D42220.pdf,21,1557568,False,6-1优秀论文库/美国大学生数学建模/2016/D题/D42220.pdf,7d8a886e667d31359d24b5d791882826f4ba14878e6fe899bcc84f708cee57be
美国大学生数学建模,年份待核实,综合,2017A--55069.pdf,30,2374623,False,6-1优秀论文库/美国大学生数学建模/2017/综合/2017A--55069.pdf,6821932c946ab56c64f88ccae8119e449e442e23f5dc2586831ca458e8c46fc7
美国大学生数学建模,年份待核实,综合,C50193.pdf,24,1167459,False,6-1优秀论文库/美国大学生数学建模/2016/C题/C50193.pdf,3a63129ac37d7407a0d5912bee9763d77c693f49210a95fd183ae31f58fac43f
美国大学生数学建模,年份待核实,综合,"2013年A题18439-Fudan University, China.pdf",24,878574,False,"6-1优秀论文库/美国大学生数学建模/2013/A题/2013年A题18439-Fudan University, China.pdf",d29be6203acfea94fd8d78e88a196db633b6af4cc36b38f9c9738576de04b311
美国大学生数学建模,年份待核实,综合,E49630.pdf,23,600300,False,6-1优秀论文库/美国大学生数学建模/2016/E题/E49630.pdf,60c844235bfbcd25d70895441b91a539be318f248db926da1dca5db7530ecda1
美国大学生数学建模,年份待核实,综合,30532.pdf,29,1749080,False,6-1优秀论文库/美国大学生数学建模/2014/综合/30532.pdf,8f80536d50bd42f13781eb03a929d1334a1b186d54ddd4a1e35f5bd4f7b6b80b
美国大学生数学建模,年份待核实,综合,排队论模型优秀论文４.pdf,30,1564417,False,6-1优秀论文库/美国大学生数学建模/年份待核实/综合/排队论模型优秀论文４.pdf,9c78393e8120477714b26f23e313ecad6cf7026ff5bb464cfd7caea5fcf76c15
美国大学生数学建模,年份待核实,综合,2019年美赛D题特等奖论文.pdf,26,4532202,False,6-1优秀论文库/美国大学生数学建模/2019/综合/2019年美赛D题特等奖论文.pdf,cc394248eda2582c2008838cb6f62b57719951ea6d7b88eab401f7614b8a7cf6
美国大学生数学建模,年份待核实,综合,34317.pdf,47,1997737,False,6-1优秀论文库/美国大学生数学建模/2015/综合/34317-1232cf72.pdf,1232cf723c65fdb344b89b22ed6cac406f693f4e8065ac6f90cbe1b2390abe17
美国大学生数学建模,年份待核实,综合,F44348.pdf,20,9214911,False,6-1优秀论文库/美国大学生数学建模/2016/F题/F44348.pdf,adbba4d6fc74ca050a32e17af4e8c01e325701390ea54775b7ad56ef0fa56c87
美国大学生数学建模,年份待核实,综合,2019年美赛B题特等奖论文.pdf,18,1355387,False,6-1优秀论文库/美国大学生数学建模/2019/综合/2019年美赛B题特等奖论文.pdf,98f7aa115369e1a712da797f1a7aaf4baf6ba9725a3c1770058f61530fbd6798
美国大学生数学建模,年份待核实,综合,2019年美赛A题特等奖论文.pdf,30,2641183,False,6-1优秀论文库/美国大学生数学建模/2019/综合/2019年美赛A题特等奖论文.pdf,2a3c56eccaa9ea3dcc31299fa54e66194a1de82ce619787788c60d26eeb5d5ef
美国大学生数学建模,年份待核实,综合,33572.pdf,21,2050411,False,6-1优秀论文库/美国大学生数学建模/2015/综合/33572.pdf,b32fb4b143f7ba50a281f0f6e82eb94cde99a76976588288eb8e484d75cacaf3
美国大学生数学建模,年份待核实,综合,B79002-How many languages.pdf,29,1710703,False,6-1优秀论文库/美国大学生数学建模/2018/B题/B79002-How many languages.pdf,238b850f5d9167018df1686a92dda3f343444e835b63719a23c8273575c9faff
美国大学生数学建模,年份待核实,综合,B48573.pdf,30,1134814,False,6-1优秀论文库/美国大学生数学建模/2016/B题/B48573.pdf,bfcd509c9901202280a1a2ed47493f8973f47a59ab4bbda38aff888004a88241
美国大学生数学建模,年份待核实,综合,A46830.pdf,51,1386432,False,6-1优秀论文库/美国大学生数学建模/2016/A题/A46830.pdf,90abcb377ce6959e9e156c7908a2899949b522aa5ff11d48bd8f6e6641d3069d
美国大学生数学建模,年份待核实,综合,D47876.pdf,23,1631413,False,6-1优秀论文库/美国大学生数学建模/2016/D题/D47876.pdf,f2b25493071428ac272375a107fa559e4e15c4304b7de4500776b57d8c77c662
美国大学生数学建模,年份待核实,综合,31262.pdf,20,1409880,False,6-1优秀论文库/美国大学生数学建模/2014/综合/31262.pdf,1f9007fa14d74a4043a0054e1f1eda96a5f7ce1d4566eda0057e0ff1ab214e1f
美国大学生数学建模,年份待核实,综合,2017A--65448.pdf,28,2710944,False,6-1优秀论文库/美国大学生数学建模/2017/综合/2017A--65448.pdf,69dad09b2d1275237a58c1ffe38a0571091fbedddb35f809d3f43333f1c25786
美国大学生数学建模,年份待核实,综合,37075.pdf,21,851180,False,6-1优秀论文库/美国大学生数学建模/2015/综合/37075-1d95d60d.pdf,1d95d60dc7317ae45e99a3e936f25cc0a5a40578ad3757f2f807f0ad2d7d92ca
美国大学生数学建模,年份待核实,综合,30221.pdf,20,384691,False,6-1优秀论文库/美国大学生数学建模/2014/综合/30221.pdf,7af27341772954e60ca22badaa0ba7d55b5dad957393c932ee586134ffd38bb9
美国大学生数学建模,年份待核实,综合,F83744-Private Information Pricing System Based on Game Theory and Graph Theory.pdf,29,988912,False,6-1优秀论文库/美国大学生数学建模/2018/F题/F83744-Private Information Pricing System Based on Game Theory and Graph Theory.pdf,386b67db94ac7dc34a134627549b03b23c6436a20399c6e63c84919a4164b373
美国大学生数学建模,年份待核实,综合,"C72969-CAFE Characterization, Analysis, Forecasting, and Evaluation of Energy Profile.pdf",30,1621958,False,"6-1优秀论文库/美国大学生数学建模/2018/C题/C72969-CAFE Characterization, Analysis, Forecasting, and Evaluation of Energy Profile.pdf",f2349d15afe26f49d7183ab8cc7759d1eb9a275b69a6c6bdc51796cfae0b860a
美国大学生数学建模,年份待核实,综合,D80386.pdf,25,1193144,False,6-1优秀论文库/美国大学生数学建模/2018/D题/D80386.pdf,b757100d595769e7f32414d175105c21997bdf3dc66d6fdd09655b1772d072c3
美国大学生数学建模,年份待核实,综合,D73156-Construct all-electric network.pdf,29,598352,False,6-1优秀论文库/美国大学生数学建模/2018/D题/D73156-Construct all-electric network.pdf,1a30e830d8b456ce5833e5a4c35ec038ef077b60446c37a37243e7cb7f85e857
美国大学生数学建模,年份待核实,综合,A42221.pdf,23,1544160,False,6-1优秀论文库/美国大学生数学建模/2016/A题/A42221.pdf,2e784d4c59cb795ca3664d190988ebbb90920bfca6148cb19c43c595340afd3e
美国大学生数学建模,年份待核实,综合,37284.pdf,21,1387880,False,6-1优秀论文库/美国大学生数学建模/2015/综合/37284-dee063ba.pdf,dee063ba8b6abbf6cf446883ecea8ae5580de86a3b728f9b995d69a8304ea842
美国大学生数学建模,年份待核实,综合,35778.pdf,22,6991104,False,6-1优秀论文库/美国大学生数学建模/2015/综合/35778.pdf,39d71af2fb5b2501328ac7149ad3847594000e495dd21b116f490efe4eef6487
美国大学生数学建模,年份待核实,综合,C80560-A New Keynesian Approach to Optimizing Energy Compact.pdf,27,1554407,False,6-1优秀论文库/美国大学生数学建模/2018/C题/C80560-A New Keynesian Approach to Optimizing Energy Compact.pdf,ad2eea75d2bf72a47de6e25e44e61cfd7a533406edb02fbeed8be133aae42e7e
美国大学生数学建模,年份待核实,综合,"2013年A题17617 Tongji University, China.pdf",24,3102316,False,"6-1优秀论文库/美国大学生数学建模/2013/A题/2013年A题17617 Tongji University, China.pdf",cac3447332edb8d174fc285144d2be674f23be983c566341c82c00257f2c827f
美国大学生数学建模,年份待核实,综合,2017B--56731.pdf,23,2433631,False,6-1优秀论文库/美国大学生数学建模/2017/综合/2017B--56731.pdf,c4dfc48fd6f78c1167bc1ecec1a71171b98b94c741a48289ed9fc6356457020c
美国大学生数学建模,年份待核实,综合,2017C--55278.pdf,25,2044052,False,6-1优秀论文库/美国大学生数学建模/2017/综合/2017C--55278.pdf,77e405b6d367ba32a97acc0450a0be5c07535b9b97bd73185a2ca09ed2317c29
美国大学生数学建模,年份待核实,综合,2019年美赛E题特等奖论文.pdf,15,2115390,False,6-1优秀论文库/美国大学生数学建模/2019/综合/2019年美赛E题特等奖论文.pdf,d09f4a62c267f6f1ad4411ba9eef75464d74f9af35e65f302fe887004055c5e5
认证杯小美赛,2012,综合,1103队A题.pdf,19,852669,False,6-1优秀论文库/认证杯小美赛/2012/综合/1103队A题.pdf,2915ee5d857f259018cf1d5eef4b8fe6b1af6d9535598098a9d79724b260e445
认证杯小美赛,2012,综合,1100队A题.pdf,19,1203481,False,6-1优秀论文库/认证杯小美赛/2012/综合/1100队A题.pdf,f24cdeab48794b9508a2c7616b7c9d43b6310a7bf48054cf01ced26aff96d549
认证杯小美赛,2012,综合,1025队A题.pdf,29,2165217,False,6-1优秀论文库/认证杯小美赛/2012/综合/1025队A题.pdf,05012210cc533793a5ad1c98dc21ac73f20d6691a58977185acc9ce342df6d0d
认证杯小美赛,2013,综合,1264队B题.pdf,37,1183046,False,6-1优秀论文库/认证杯小美赛/2013/综合/1264队B题.pdf,8ce927f4a04ac901d72c75b7557aac8653cce869bc8366237032553ff952a423
认证杯小美赛,2013,综合,1137队B题.pdf,32,1001694,False,6-1优秀论文库/认证杯小美赛/2013/综合/1137队B题.pdf,ac5e3830a12e73018012261bd8016a2f054aaa8a21f31073603ef40cb5b70f5d
认证杯小美赛,2013,B题,1339队  B题（Word转PDF）.pdf,33,1165757,True,6-1优秀论文库/认证杯小美赛/2013/B题/1339队  B题（Word转PDF）.pdf,dc78d9760762ef23983697622e8099dc037340e8c915344dbb9ee8eeabddb42d
认证杯小美赛,2013,综合,广告.pdf,2,500028,False,6-1优秀论文库/认证杯小美赛/2013/综合/广告.pdf,ca2aaf3e2057887c3a13000bfa148deb746132542386c405e076efba0288d53c
认证杯小美赛,2013,综合,1224队B题（Word转PDF）.pdf,29,1081612,True,6-1优秀论文库/认证杯小美赛/2013/综合/1224队B题（Word转PDF）.pdf,704ac727a28bff914d4f9faadc2b008e38b0a483f034f06106b9d3cae37c69d1
认证杯小美赛,2013,B题,1215 B题（Word转PDF）.pdf,27,561450,True,6-1优秀论文库/认证杯小美赛/2013/B题/1215 B题（Word转PDF）.pdf,aab5e5616484174e6578115e12eb8cda672ec4f68727b525236a2570d76d2642
认证杯小美赛,2013,综合,1428队B题（最终稿）（Word转PDF）.pdf,30,717699,True,6-1优秀论文库/认证杯小美赛/2013/综合/1428队B题（最终稿）（Word转PDF）.pdf,94a05676b782c6e32438550bfd2a43a1de8d299f0c194118dbe2684ca296e0da
认证杯小美赛,2013,综合,1261队B题.pdf,37,1280181,False,6-1优秀论文库/认证杯小美赛/2013/综合/1261队B题.pdf,e13774bd6cfed32e3d46356ba02d2e1f6f07827d7412a85ccf47ae4701962956
认证杯小美赛,2013,综合,1162队B题.pdf,21,2910821,False,6-1优秀论文库/认证杯小美赛/2013/综合/1162队B题.pdf,caff7bf7cf64236a1b40a8fc05f436248da4b1f6a2b2aac5a8f4490ddad9ecd6
认证杯小美赛,2013,综合,Advertising Sheet12.pdf,1,4008314,False,6-1优秀论文库/认证杯小美赛/2013/综合/Advertising Sheet12.pdf,a75e383fa9b2aa143a4f791edc02703cb298662a85a14952d4136b1208c5f1bb
认证杯小美赛,2013,B题,论文(英文)（Word转PDF）.pdf,29,996401,True,6-1优秀论文库/认证杯小美赛/2013/B题/论文(英文)（Word转PDF）.pdf,08ab29c7b762c6a823228639d0b5c64072ba93980de8ad7762dc46a46fe5d641
认证杯小美赛,2013,综合,Advertising Sheet1.pdf,1,349823,False,6-1优秀论文库/认证杯小美赛/2013/综合/Advertising Sheet1.pdf,71570bdf5d0eaca90d911e09fc89f2ba2a4b08a1b58deb3638d1abf04e4c77e4
认证杯小美赛,2013,综合,1290 B（Word转PDF）.pdf,27,1083665,True,6-1优秀论文库/认证杯小美赛/2013/综合/1290 B（Word转PDF）.pdf,3fa58c3ff3de72e61dc86b85194e75a825b5ca932e00a135b10a9be449d51bb0
认证杯小美赛,2014,综合,1032队C题.pdf,27,768522,False,6-1优秀论文库/认证杯小美赛/2014/综合/1032队C题.pdf,8f1ea6aa55427c03817e98dad948e73cbc9b16d4d8a942d8a15e5b90e8ec20e3
认证杯小美赛,2014,C题,1263 C题 (1).pdf,23,799959,False,6-1优秀论文库/认证杯小美赛/2014/C题/1263 C题 (1).pdf,6db6a325aa912100beba9d12495e9bb451292d508529eb99e8c2144d2bf02a6c
认证杯小美赛,2014,C题,1517队C题（Word转PDF）.pdf,24,718098,True,6-1优秀论文库/认证杯小美赛/2014/C题/1517队C题（Word转PDF）.pdf,0668e0afa05f9702880821302ea2cb2225f253c2ebf109f7bdb5496847066301
认证杯小美赛,2015,C题,1235 C 题.pdf,21,348951,False,6-1优秀论文库/认证杯小美赛/2015/C题/1235 C 题.pdf,36fb235997fe9e89c41df3efe8f1ec5aadd0e0e9d938cb10b6357ee3d7688a17
认证杯小美赛,2015,A题,mcmA.pdf,30,793620,False,6-1优秀论文库/认证杯小美赛/2015/A题/mcmA.pdf,5909e8e1d6eecf1941ad01537589968a1e48489a6cf03635c1fc186240fab323
认证杯小美赛,2015,A题,1008 A题.pdf,21,998254,False,6-1优秀论文库/认证杯小美赛/2015/A题/1008 A题.pdf,40ed40fe285bb42f8de66f4dcd927d94f7d4eb54d80d463a3e9a1f9d43140d9b
认证杯小美赛,2015,B题,2047 B题.pdf,34,2344588,False,6-1优秀论文库/认证杯小美赛/2015/B题/2047 B题.pdf,de19f9d6a1c8db18a9bb43267b7139994f225ac46c69420348c033705e5df624
认证杯小美赛,2015,A题,page2.pdf,1,30636,False,6-1优秀论文库/认证杯小美赛/2015/A题/page2.pdf,2ad143745f2f956d26b30d8205840032ce42aaaa948a15a66fbfe406c4e72ff3
认证杯小美赛,2015,C题,1032 C题.pdf,40,797821,False,6-1优秀论文库/认证杯小美赛/2015/C题/1032 C题.pdf,e1635a9fce6f98b01f96f6c8122afb143b3f62cea078ed626ef0c30932782466
认证杯小美赛,2015,A题,page1.pdf,1,68670,False,6-1优秀论文库/认证杯小美赛/2015/A题/page1.pdf,19d55bc16a415a9e490904d9c77aa963af6b7ed42edcc48868620053213c7a17
认证杯小美赛,2015,A题,1584 A题.pdf,21,1720547,False,6-1优秀论文库/认证杯小美赛/2015/A题/1584 A题.pdf,4e1e3807e79a2305994e06b751530c029c6d0824b8c04450d2b2cc2796c36a99
认证杯小美赛,2015,C题,1196 C题.pdf,23,628438,False,6-1优秀论文库/认证杯小美赛/2015/C题/1196 C题.pdf,6de57e576630bea969209929255f1794ac38559006af3b6d0351adae8a670153
认证杯小美赛,2015,C题,Team2125 C题.pdf,29,1096192,False,6-1优秀论文库/认证杯小美赛/2015/C题/Team2125 C题.pdf,136e2c6be58abca7581161f4b7f46a0a535639980a5e8ba319f0a6a0ffc187c9
认证杯小美赛,2015,B题,1768队 B题.pdf,21,523055,False,6-1优秀论文库/认证杯小美赛/2015/B题/1768队 B题.pdf,2364aa70003f467876c29b8969e90c20f3363234a191599bcb02779ca546f6fa
认证杯小美赛,2015,A题,1297 A.pdf,25,1278401,False,6-1优秀论文库/认证杯小美赛/2015/A题/1297 A.pdf,4f135cb941922c890d5415b91387a0a9e1688db5f3d17fc4ee5726b0ec9dd4fc
认证杯小美赛,2016,综合,2016年第五届小美赛优秀论文集.pdf,445,16527353,False,6-1优秀论文库/认证杯小美赛/2016/综合/2016年第五届小美赛优秀论文集.pdf,d4b9907be637a4ffdd3a4c52753af383fb5a401fefe8e7977cdf4794be0b66bb
