(39.275,36.279) (39.383,36.271) (39.491,36.263) (39.599,36.255) (39.706,36.247) (39.812,36.239) (39.919,36.231) (40.024,36.223) (40.130,36.215) (40.235,36.208) (40.340,36.200) (40.445,36.192) (40.549,36.184) (40.653,36.177) (40.756,36.169) (40.860,36.162) (40.963,36.154) (41.065,36.146) (41.167,36.139) (41.269,36.131) (41.371,36.124) (41.473,36.117) (41.574,36.109) (41.674,36.102) (41.775,36.095) (41.875,36.087) (41.975,36.080) (42.074,36.073) (42.174,36.066) (42.273,36.059) (42.371,36.052) (42.470,36.045) (42.568,36.038) (42.666,36.031) (42.764,36.024) (42.861,36.017) (42.958,36.010) (43.055,36.003) (43.152,35.996) (43.248,35.989) (43.344,35.983) (43.440,35.976) (43.535,35.969) (43.631,35.962) (43.726,35.956) (43.821,35.949) (43.915,35.943) (44.009,35.936) (44.104,35.929) (44.197,35.923) (44.291,35.916) (44.384,35.910) (44.478,35.903) (44.571,35.897) (44.663,35.891) (44.756,35.884) (44.848,35.878) (44.940,35.872) (45.032,35.865) (45.123,35.859) (45.215,35.853) (45.306,35.847) (45.397,35.841) (45.488,35.834) (45.578,35.828) (45.668,35.822) (45.759,35.816) (45.848,35.810) (45.938,35.804) (46.028,35.798) (46.117,35.792) (46.206,35.786) (46.295,35.780) (46.384,35.774) (46.472,35.768) (46.560,35.763) (46.649,35.757) (46.736,35.751) (46.824,35.745) (46.912,35.739) (46.999,35.734) (47.086,35.728) (47.173,35.722) (47.260,35.716) (47.347,35.711) (47.433,35.705) (47.520,35.700) (47.606,35.694) (47.692,35.688) (47.777,35.683) (47.863,35.677) (47.948,35.672) (48.034,35.666) (48.119,35.661) (48.204,35.655) (48.288,35.650) (48.373,35.645) (48.457,35.639) (48.542,35.634) (48.626,35.628) 
(39.342,36.210) (39.450,36.202) (39.558,36.194) (39.665,36.186) (39.771,36.178) (39.878,36.170) (39.984,36.162) (40.089,36.154) (40.194,36.147) (40.299,36.139) (40.404,36.131) (40.508,36.123) (40.612,36.116) (40.716,36.108) (40.819,36.100) (40.922,36.093) (41.025,36.085) (41.127,36.078) (41.229,36.070) (41.331,36.063) (41.432,36.056) (41.533,36.048) (41.634,36.041) (41.734,36.034) (41.834,36.026) (41.934,36.019) (42.034,36.012) (42.133,36.005) (42.232,35.998) (42.331,35.991) (42.429,35.984) (42.528,35.977) (42.626,35.970) (42.723,35.963) (42.821,35.956) (42.918,35.949) (43.015,35.942) (43.111,35.935) (43.208,35.928) (43.304,35.922) (43.399,35.915) (43.495,35.908) (43.590,35.902) (43.685,35.895) (43.780,35.888) (43.875,35.882) (43.969,35.875) (44.063,35.869) (44.157,35.862) (44.251,35.856) (44.344,35.849) (44.437,35.843) (44.530,35.836) (44.623,35.830) (44.715,35.824) (44.808,35.817) (44.900,35.811) (44.991,35.805) (45.083,35.798) (45.174,35.792) (45.266,35.786) (45.357,35.780) (45.447,35.774) (45.538,35.768) (45.628,35.761) (45.718,35.755) (45.808,35.749) (45.898,35.743) (45.987,35.737) (46.077,35.731) (46.166,35.725) (46.255,35.719) (46.343,35.714) (46.432,35.708) (46.520,35.702) (46.608,35.696) (46.696,35.690) (46.784,35.684) (46.872,35.679) (46.959,35.673) (47.046,35.667) (47.133,35.661) (47.220,35.656) (47.307,35.650) (47.393,35.644) (47.479,35.639) (47.565,35.633) (47.651,35.628) (47.737,35.622) (47.823,35.617) (47.908,35.611) (47.993,35.606) (48.078,35.600) (48.163,35.595) (48.248,35.589) (48.333,35.584) (48.417,35.579) (48.501,35.573) (48.585,35.568) (48.669,35.563) 
(39.409,36.141) (39.517,36.133) (39.624,36.125) (39.730,36.117) (39.837,36.109) (39.943,36.101) (40.048,36.093) (40.154,36.086) (40.258,36.078) (40.363,36.070) (40.467,36.062) (40.571,36.055) (40.675,36.047) (40.778,36.039) (40.881,36.032) (40.984,36.024) (41.086,36.017) (41.188,36.009) (41.290,36.002) (41.391,35.995) (41.492,35.987) (41.593,35.980) (41.694,35.973) (41.794,35.966) (41.894,35.958) (41.993,35.951) (42.093,35.944) (42.192,35.937) (42.290,35.930) (42.389,35.923) (42.487,35.916) (42.585,35.909) (42.683,35.902) (42.780,35.895) (42.877,35.888) (42.974,35.881) (43.071,35.874) (43.167,35.868) (43.263,35.861) (43.359,35.854) (43.455,35.847) (43.550,35.841) (43.645,35.834) (43.740,35.827) (43.834,35.821) (43.929,35.814) (44.023,35.808) (44.117,35.801) (44.210,35.795) (44.304,35.788) (44.397,35.782) (44.490,35.776) (44.583,35.769) (44.675,35.763) (44.767,35.756) (44.859,35.750) (44.951,35.744) (45.043,35.738) (45.134,35.731) (45.225,35.725) (45.316,35.719) (45.407,35.713) (45.497,35.707) (45.588,35.701) (45.678,35.695) (45.768,35.689) (45.858,35.683) (45.947,35.677) (46.036,35.671) (46.125,35.665) (46.214,35.659) (46.303,35.653) (46.392,35.647) (46.480,35.641) (46.568,35.635) (46.656,35.630) (46.744,35.624) (46.831,35.618) (46.919,35.612) (47.006,35.607) (47.093,35.601) (47.180,35.595) (47.266,35.590) (47.353,35.584) (47.439,35.578) (47.525,35.573) (47.611,35.567) (47.697,35.562) (47.782,35.556) (47.868,35.551) (47.953,35.545) (48.038,35.540) (48.123,35.534) (48.208,35.529) (48.292,35.523) (48.377,35.518) (48.461,35.513) (48.545,35.507) (48.629,35.502) (48.713,35.497) 
(39.475,36.072) (39.582,36.064) (39.689,36.056) (39.795,36.048) (39.901,36.040) (40.007,36.032) (40.112,36.025) (40.217,36.017) (40.322,36.009) (40.426,36.001) (40.530,35.994) (40.634,35.986) (40.737,35.979) (40.840,35.971) (40.943,35.964) (41.045,35.956) (41.147,35.949) (41.249,35.941) (41.350,35.934) (41.451,35.927) (41.552,35.919) (41.653,35.912) (41.753,35.905) (41.853,35.898) (41.953,35.890) (42.052,35.883) (42.151,35.876) (42.250,35.869) (42.348,35.862) (42.446,35.855) (42.544,35.848) (42.642,35.841) (42.739,35.834) (42.837,35.827) (42.933,35.820) (43.030,35.814) (43.126,35.807) (43.223,35.800) (43.318,35.793) (43.414,35.787) (43.509,35.780) (43.604,35.773) (43.699,35.767) (43.794,35.760) (43.888,35.754) (43.982,35.747) (44.076,35.741) (44.170,35.734) (44.263,35.728) (44.356,35.721) (44.449,35.715) (44.542,35.708) (44.635,35.702) (44.727,35.696) (44.819,35.690) (44.911,35.683) (45.002,35.677) (45.094,35.671) (45.185,35.665) (45.276,35.658) (45.367,35.652) (45.457,35.646) (45.547,35.640) (45.637,35.634) (45.727,35.628) (45.817,35.622) (45.907,35.616) (45.996,35.610) (46.085,35.604) (46.174,35.598) (46.263,35.592) (46.351,35.586) (46.439,35.581) (46.528,35.575) (46.616,35.569) (46.703,35.563) (46.791,35.557) (46.878,35.552) (46.965,35.546) (47.052,35.540) (47.139,35.535) (47.226,35.529) (47.312,35.523) (47.399,35.518) (47.485,35.512) (47.571,35.507) (47.656,35.501) (47.742,35.496) (47.827,35.490) (47.913,35.485) (47.998,35.479) (48.083,35.474) (48.167,35.468) (48.252,35.463) (48.336,35.458) (48.420,35.452) (48.505,35.447) (48.588,35.442) (48.672,35.436) (48.756,35.431) 
(39.541,36.003) (39.648,35.995) (39.754,35.987) (39.860,35.979) (39.966,35.972) (40.071,35.964) (40.176,35.956) (40.281,35.948) (40.385,35.941) (40.489,35.933) (40.593,35.925) (40.696,35.918) (40.799,35.910) (40.902,35.903) (41.004,35.895) (41.106,35.888) (41.208,35.880) (41.309,35.873) (41.411,35.866) (41.511,35.858) (41.612,35.851) (41.712,35.844) (41.812,35.837) (41.912,35.830) (42.011,35.822) (42.110,35.815) (42.209,35.808) (42.307,35.801) (42.406,35.794) (42.504,35.787) (42.601,35.780) (42.699,35.773) (42.796,35.767) (42.893,35.760) (42.989,35.753) (43.086,35.746) (43.182,35.739) (43.278,35.733) (43.373,35.726) (43.469,35.719) (43.564,35.713) (43.659,35.706) (43.753,35.699) (43.848,35.693) (43.942,35.686) (44.036,35.680) (44.129,35.673) (44.223,35.667) (44.316,35.661) (44.409,35.654) (44.502,35.648) (44.594,35.642) (44.686,35.635) (44.778,35.629) (44.870,35.623) (44.962,35.616) (45.053,35.610) (45.144,35.604) (45.235,35.598) (45.326,35.592) (45.417,35.586) (45.507,35.580) (45.597,35.574) (45.687,35.567) (45.777,35.561) (45.866,35.555) (45.955,35.550) (46.045,35.544) (46.133,35.538) (46.222,35.532) (46.311,35.526) (46.399,35.520) (46.487,35.514) (46.575,35.508) (46.663,35.503) (46.750,35.497) (46.838,35.491) (46.925,35.486) (47.012,35.480) (47.099,35.474) (47.185,35.469) (47.272,35.463) (47.358,35.457) (47.444,35.452) (47.530,35.446) (47.616,35.441) (47.701,35.435) (47.787,35.430) (47.872,35.424) (47.957,35.419) (48.042,35.413) (48.127,35.408) (48.211,35.403) (48.296,35.397) (48.380,35.392) (48.464,35.386) (48.548,35.381) (48.632,35.376) (48.715,35.371) (48.799,35.365) 
(39.606,35.934) (39.713,35.926) (39.819,35.919) (39.925,35.911) (40.030,35.903) (40.135,35.895) (40.240,35.887) (40.344,35.880) (40.448,35.872) (40.552,35.865) (40.655,35.857) (40.758,35.849) (40.861,35.842) (40.963,35.834) (41.065,35.827) (41.167,35.820) (41.268,35.812) (41.369,35.805) (41.470,35.798) (41.571,35.790) (41.671,35.783) (41.771,35.776) (41.871,35.769) (41.970,35.762) (42.069,35.755) (42.168,35.748) (42.267,35.741) (42.365,35.734) (42.463,35.727) (42.560,35.720) (42.658,35.713) (42.755,35.706) (42.852,35.699) (42.949,35.692) (43.045,35.686) (43.141,35.679) (43.237,35.672) (43.333,35.665) (43.428,35.659) (43.523,35.652) (43.618,35.645) (43.712,35.639) (43.807,35.632) (43.901,35.626) (43.995,35.619) (44.089,35.613) (44.182,35.606) (44.275,35.600) (44.368,35.594) (44.461,35.587) (44.553,35.581) (44.646,35.575) (44.738,35.568) (44.830,35.562) (44.921,35.556) (45.013,35.550) (45.104,35.544) (45.195,35.537) (45.285,35.531) (45.376,35.525) (45.466,35.519) (45.556,35.513) (45.646,35.507) (45.736,35.501) (45.826,35.495) (45.915,35.489) (46.004,35.483) (46.093,35.477) (46.182,35.471) (46.270,35.466) (46.358,35.460) (46.447,35.454) (46.534,35.448) (46.622,35.442) (46.710,35.437) (46.797,35.431) (46.884,35.425) (46.971,35.419) (47.058,35.414) (47.145,35.408) (47.231,35.403) (47.318,35.397) (47.404,35.391) (47.490,35.386) (47.575,35.380) (47.661,35.375) (47.746,35.369) (47.832,35.364) (47.917,35.358) (48.001,35.353) (48.086,35.348) (48.171,35.342) (48.255,35.337) (48.339,35.332) (48.423,35.326) (48.507,35.321) (48.591,35.316) (48.675,35.310) (48.758,35.305) (48.841,35.300) 
(39.671,35.866) (39.777,35.858) (39.883,35.850) (39.988,35.842) (40.093,35.834) (40.198,35.827) (40.303,35.819) (40.407,35.811) (40.510,35.804) (40.614,35.796) (40.717,35.789) (40.819,35.781) (40.922,35.774) (41.024,35.766) (41.126,35.759) (41.227,35.752) (41.328,35.744) (41.429,35.737) (41.530,35.730) (41.630,35.723) (41.730,35.715) (41.830,35.708) (41.929,35.701) (42.028,35.694) (42.127,35.687) (42.226,35.680) (42.324,35.673) (42.422,35.666) (42.519,35.659) (42.617,35.652) (42.714,35.645) (42.811,35.639) (42.908,35.632) (43.004,35.625) (43.100,35.618) (43.196,35.612) (43.292,35.605) (43.387,35.598) (43.482,35.592) (43.577,35.585) (43.672,35.578) (43.766,35.572) (43.860,35.565) (43.954,35.559) (44.048,35.552) (44.141,35.546) (44.234,35.540) (44.327,35.533) (44.420,35.527) (44.513,35.521) (44.605,35.514) (44.697,35.508) (44.789,35.502) (44.880,35.495) (44.972,35.489) (45.063,35.483) (45.154,35.477) (45.245,35.471) (45.335,35.465) (45.426,35.459) (45.516,35.453) (45.606,35.447) (45.695,35.441) (45.785,35.435) (45.874,35.429) (45.963,35.423) (46.052,35.417) (46.141,35.411) (46.229,35.405) (46.318,35.399) (46.406,35.393) (46.494,35.388) (46.582,35.382) (46.669,35.376) (46.757,35.370) (46.844,35.365) (46.931,35.359) (47.018,35.353) (47.104,35.348) (47.191,35.342) (47.277,35.337) (47.363,35.331) (47.449,35.326) (47.535,35.320) (47.620,35.315) (47.706,35.309) (47.791,35.304) (47.876,35.298) (47.961,35.293) (48.046,35.287) (48.130,35.282) (48.215,35.277) (48.299,35.271) (48.383,35.266) (48.467,35.261) (48.550,35.255) (48.634,35.250) (48.717,35.245) (48.801,35.240) (48.884,35.234) 
(39.736,35.797) (39.841,35.789) (39.947,35.782) (40.052,35.774) (40.157,35.766) (40.261,35.758) (40.365,35.751) (40.469,35.743) (40.572,35.736) (40.675,35.728) (40.778,35.721) (40.880,35.713) (40.983,35.706) (41.084,35.698) (41.186,35.691) (41.287,35.684) (41.388,35.677) (41.488,35.669) (41.589,35.662) (41.689,35.655) (41.788,35.648) (41.888,35.641) (41.987,35.634) (42.086,35.627) (42.184,35.619) (42.283,35.613) (42.381,35.606) (42.478,35.599) (42.576,35.592) (42.673,35.585) (42.770,35.578) (42.867,35.571) (42.963,35.565) (43.059,35.558) (43.155,35.551) (43.251,35.544) (43.346,35.538) (43.441,35.531) (43.536,35.525) (43.631,35.518) (43.725,35.511) (43.819,35.505) (43.913,35.498) (44.007,35.492) (44.100,35.486) (44.194,35.479) (44.287,35.473) (44.379,35.466) (44.472,35.460) (44.564,35.454) (44.656,35.448) (44.748,35.441) (44.840,35.435) (44.931,35.429) (45.022,35.423) (45.113,35.417) (45.204,35.410) (45.294,35.404) (45.385,35.398) (45.475,35.392) (45.565,35.386) (45.655,35.380) (45.744,35.374) (45.833,35.368) (45.923,35.362) (46.011,35.357) (46.100,35.351) (46.189,35.345) (46.277,35.339) (46.365,35.333) (46.453,35.327) (46.541,35.322) (46.628,35.316) (46.716,35.310) (46.803,35.305) (46.890,35.299) (46.977,35.293) (47.063,35.288) (47.150,35.282) (47.236,35.276) (47.322,35.271) (47.408,35.265) (47.494,35.260) (47.580,35.254) (47.665,35.249) (47.750,35.243) (47.835,35.238) (47.920,35.233) (48.005,35.227) (48.089,35.222) (48.174,35.216) (48.258,35.211) (48.342,35.206) (48.426,35.200) (48.510,35.195) (48.593,35.190) (48.677,35.185) (48.760,35.179) (48.843,35.174) (48.926,35.169) 
(39.800,35.729) (39.905,35.721) (40.010,35.713) (40.115,35.706) (40.219,35.698) (40.323,35.690) (40.427,35.683) (40.531,35.675) (40.634,35.668) (40.737,35.660) (40.839,35.653) (40.941,35.645) (41.043,35.638) (41.144,35.631) (41.246,35.623) (41.347,35.616) (41.447,35.609) (41.547,35.602) (41.647,35.594) (41.747,35.587) (41.847,35.580) (41.946,35.573) (42.045,35.566) (42.143,35.559) (42.241,35.552) (42.339,35.545) (42.437,35.538) (42.535,35.531) (42.632,35.524) (42.729,35.518) (42.826,35.511) (42.922,35.504) (43.018,35.497) (43.114,35.491) (43.210,35.484) (43.305,35.477) (43.400,35.471) (43.495,35.464) (43.590,35.458) (43.684,35.451) (43.778,35.445) (43.872,35.438) (43.966,35.432) (44.059,35.425) (44.153,35.419) (44.246,35.412) (44.338,35.406) (44.431,35.400) (44.523,35.394) (44.615,35.387) (44.707,35.381) (44.799,35.375) (44.890,35.369) (44.981,35.362) (45.072,35.356) (45.163,35.350) (45.254,35.344) (45.344,35.338) (45.434,35.332) (45.524,35.326) (45.614,35.320) (45.703,35.314) (45.793,35.308) (45.882,35.302) (45.971,35.296) (46.059,35.290) (46.148,35.285) (46.236,35.279) (46.324,35.273) (46.412,35.267) (46.500,35.261) (46.588,35.256) (46.675,35.250) (46.762,35.244) (46.849,35.239) (46.936,35.233) (47.023,35.227) (47.109,35.222) (47.195,35.216) (47.282,35.211) (47.367,35.205) (47.453,35.200) (47.539,35.194) (47.624,35.189) (47.709,35.183) (47.794,35.178) (47.879,35.172) (47.964,35.167) (48.049,35.162) (48.133,35.156) (48.217,35.151) (48.301,35.146) (48.385,35.140) (48.469,35.135) (48.553,35.130) (48.636,35.125) (48.719,35.119) (48.802,35.114) (48.885,35.109) (48.968,35.104) 
(39.863,35.660) (39.968,35.653) (40.073,35.645) (40.178,35.637) (40.282,35.630) (40.386,35.622) (40.489,35.615) (40.592,35.607) (40.695,35.600) (40.797,35.592) (40.900,35.585) (41.001,35.577) (41.103,35.570) (41.204,35.563) (41.305,35.556) (41.406,35.548) (41.506,35.541) (41.606,35.534) (41.706,35.527) (41.805,35.520) (41.904,35.513) (42.003,35.506) (42.102,35.499) (42.200,35.492) (42.298,35.485) (42.396,35.478) (42.493,35.471) (42.591,35.464) (42.688,35.457) (42.784,35.451) (42.881,35.444) (42.977,35.437) (43.073,35.430) (43.168,35.424) (43.264,35.417) (43.359,35.410) (43.454,35.404) (43.549,35.397) (43.643,35.391) (43.737,35.384) (43.831,35.378) (43.925,35.371) (44.018,35.365) (44.112,35.359) (44.205,35.352) (44.297,35.346) (44.390,35.340) (44.482,35.333) (44.574,35.327) (44.666,35.321) (44.758,35.315) (44.849,35.308) (44.940,35.302) (45.031,35.296) (45.122,35.290) (45.213,35.284) (45.303,35.278) (45.393,35.272) (45.483,35.266) (45.573,35.260) (45.662,35.254) (45.752,35.248) (45.841,35.242) (45.930,35.236) (46.018,35.230) (46.107,35.224) (46.195,35.219) (46.283,35.213) (46.371,35.207) (46.459,35.201) (46.547,35.196) (46.634,35.190) (46.721,35.184) (46.808,35.179) (46.895,35.173) (46.982,35.167) (47.068,35.162) (47.155,35.156) (47.241,35.151) (47.327,35.145) (47.412,35.140) (47.498,35.134) (47.583,35.129) (47.669,35.123) (47.754,35.118) (47.839,35.112) (47.923,35.107) (48.008,35.102) (48.092,35.096) (48.176,35.091) (48.260,35.086) (48.344,35.080) (48.428,35.075) (48.512,35.070) (48.595,35.065) (48.678,35.059) (48.761,35.054) (48.844,35.049) (48.927,35.044) (49.010,35.039) 
(39.927,35.592) (40.031,35.585) (40.136,35.577) (40.240,35.569) (40.344,35.562) (40.447,35.554) (40.550,35.547) (40.653,35.539) (40.756,35.532) (40.858,35.524) (40.960,35.517) (41.061,35.510) (41.162,35.502) (41.263,35.495) (41.364,35.488) (41.464,35.481) (41.564,35.474) (41.664,35.467) (41.764,35.459) (41.863,35.452) (41.962,35.445) (42.060,35.438) (42.159,35.431) (42.257,35.424) (42.355,35.418) (42.452,35.411) (42.549,35.404) (42.646,35.397) (42.743,35.390) (42.839,35.383) (42.936,35.377) (43.032,35.370) (43.127,35.363) (43.223,35.357) (43.318,35.350) (43.413,35.344) (43.507,35.337) (43.602,35.331) (43.696,35.324) (43.790,35.318) (43.884,35.311) (43.977,35.305) (44.070,35.298) (44.163,35.292) (44.256,35.286) (44.349,35.279) (44.441,35.273) (44.533,35.267) (44.625,35.261) (44.717,35.254) (44.808,35.248) (44.899,35.242) (44.990,35.236) (45.081,35.230) (45.172,35.224) (45.262,35.218) (45.352,35.212) (45.442,35.206) (45.532,35.200) (45.621,35.194) (45.711,35.188) (45.800,35.182) (45.889,35.176) (45.977,35.170) (46.066,35.164) (46.154,35.159) (46.243,35.153) (46.330,35.147) (46.418,35.141) (46.506,35.136) (46.593,35.130) (46.680,35.124) (46.767,35.118) (46.854,35.113) (46.941,35.107) (47.027,35.102) (47.114,35.096) (47.200,35.091) (47.286,35.085) (47.371,35.080) (47.457,35.074) (47.542,35.069) (47.628,35.063) (47.713,35.058) (47.798,35.052) (47.882,35.047) (47.967,35.042) (48.051,35.036) (48.136,35.031) (48.220,35.026) (48.303,35.020) (48.387,35.015) (48.471,35.010) (48.554,35.005) (48.637,34.999) (48.721,34.994) (48.804,34.989) (48.886,34.984) (48.969,34.979) (49.051,34.974) 
(39.989,35.524) (40.094,35.517) (40.198,35.509) (40.302,35.501) (40.405,35.494) (40.508,35.486) (40.611,35.479) (40.714,35.472) (40.816,35.464) (40.918,35.457) (41.019,35.449) (41.121,35.442) (41.222,35.435) (41.322,35.428) (41.423,35.421) (41.523,35.413) (41.623,35.406) (41.722,35.399) (41.821,35.392) (41.920,35.385) (42.019,35.378) (42.117,35.371) (42.215,35.364) (42.313,35.357) (42.411,35.350) (42.508,35.344) (42.605,35.337) (42.702,35.330) (42.798,35.323) (42.894,35.317) (42.990,35.310) (43.086,35.303) (43.181,35.297) (43.276,35.290) (43.371,35.283) (43.466,35.277) (43.561,35.270) (43.655,35.264) (43.749,35.257) (43.842,35.251) (43.936,35.245) (44.029,35.238) (44.122,35.232) (44.215,35.226) (44.308,35.219) (44.400,35.213) (44.492,35.207) (44.584,35.200) (44.675,35.194) (44.767,35.188) (44.858,35.182) (44.949,35.176) (45.040,35.170) (45.131,35.164) (45.221,35.158) (45.311,35.152) (45.401,35.146) (45.491,35.140) (45.580,35.134) (45.670,35.128) (45.759,35.122) (45.848,35.116) (45.936,35.110) (46.025,35.104) (46.113,35.099) (46.201,35.093) (46.289,35.087) (46.377,35.081) (46.465,35.076) (46.552,35.070) (46.639,35.064) (46.726,35.058) (46.813,35.053) (46.900,35.047) (46.986,35.042) (47.073,35.036) (47.159,35.031) (47.245,35.025) (47.330,35.020) (47.416,35.014) (47.501,35.009) (47.587,35.003) (47.672,34.998) (47.757,34.992) (47.841,34.987) (47.926,34.982) (48.010,34.976) (48.095,34.971) (48.179,34.966) (48.262,34.960) (48.346,34.955) (48.430,34.950) (48.513,34.945) (48.596,34.940) (48.680,34.934) (48.763,34.929) (48.845,34.924) (48.928,34.919) (49.010,34.914) (49.093,34.909) 
(40.052,35.456) (40.156,35.449) (40.260,35.441) (40.363,35.434) (40.466,35.426) (40.569,35.419) (40.672,35.411) (40.774,35.404) (40.876,35.397) (40.978,35.389) (41.079,35.382) (41.180,35.375) (41.281,35.367) (41.381,35.360) (41.481,35.353) (41.581,35.346) (41.680,35.339) (41.780,35.332) (41.879,35.325) (41.977,35.318) (42.076,35.311) (42.174,35.304) (42.271,35.297) (42.369,35.290) (42.466,35.283) (42.563,35.277) (42.660,35.270) (42.757,35.263) (42.853,35.256) (42.949,35.250) (43.044,35.243) (43.140,35.236) (43.235,35.230) (43.330,35.223) (43.425,35.217) (43.519,35.210) (43.613,35.204) (43.707,35.197) (43.801,35.191) (43.895,35.185) (43.988,35.178) (44.081,35.172) (44.174,35.165) (44.266,35.159) (44.359,35.153) (44.451,35.147) (44.543,35.140) (44.634,35.134) (44.726,35.128) (44.817,35.122) (44.908,35.116) (44.999,35.110) (45.089,35.104) (45.180,35.098) (45.270,35.092) (45.360,35.086) (45.450,35.080) (45.539,35.074) (45.628,35.068) (45.718,35.062) (45.807,35.056) (45.895,35.050) (45.984,35.044) (46.072,35.039) (46.160,35.033) (46.248,35.027) (46.336,35.021) (46.424,35.016) (46.511,35.010) (46.598,35.004) (46.685,34.999) (46.772,34.993) (46.859,34.987) (46.945,34.982) (47.032,34.976) (47.118,34.971) (47.204,34.965) (47.289,34.960) (47.375,34.954) (47.460,34.949) (47.546,34.943) (47.631,34.938) (47.716,34.932) (47.800,34.927) (47.885,34.922) (47.969,34.916) (48.053,34.911) (48.138,34.906) (48.221,34.901) (48.305,34.895) (48.389,34.890) (48.472,34.885) (48.555,34.880) (48.639,34.875) (48.721,34.869) (48.804,34.864) (48.887,34.859) (48.969,34.854) (49.052,34.849) (49.134,34.844) 
(40.114,35.389) (40.218,35.381) (40.321,35.373) (40.424,35.366) (40.527,35.359) (40.630,35.351) (40.732,35.344) (40.834,35.336) (40.936,35.329) (41.037,35.322) (41.138,35.315) (41.239,35.307) (41.339,35.300) (41.439,35.293) (41.539,35.286) (41.639,35.279) (41.738,35.272) (41.837,35.265) (41.935,35.258) (42.034,35.251) (42.132,35.244) (42.230,35.237) (42.327,35.230) (42.425,35.223) (42.522,35.217) (42.618,35.210) (42.715,35.203) (42.811,35.196) (42.907,35.190) (43.003,35.183) (43.098,35.176) (43.193,35.170) (43.288,35.163) (43.383,35.157) (43.478,35.150) (43.572,35.144) (43.666,35.137) (43.760,35.131) (43.853,35.125) (43.946,35.118) (44.039,35.112) (44.132,35.105) (44.225,35.099) (44.317,35.093) (44.409,35.087) (44.501,35.080) (44.593,35.074) (44.684,35.068) (44.776,35.062) (44.867,35.056) (44.957,35.050) (45.048,35.044) (45.138,35.038) (45.229,35.032) (45.319,35.026) (45.408,35.020) (45.498,35.014) (45.587,35.008) (45.676,35.002) (45.765,34.996) (45.854,34.990) (45.943,34.984) (46.031,34.979) (46.119,34.973) (46.207,34.967) (46.295,34.961) (46.382,34.956) (46.470,34.950) (46.557,34.944) (46.644,34.939) (46.731,34.933) (46.818,34.928) (46.904,34.922) (46.990,34.916) (47.077,34.911) (47.162,34.905) (47.248,34.900) (47.334,34.894) (47.419,34.889) (47.504,34.883) (47.590,34.878) (47.674,34.873) (47.759,34.867) (47.844,34.862) (47.928,34.857) (48.012,34.851) (48.096,34.846) (48.180,34.841) (48.264,34.836) (48.348,34.830) (48.431,34.825) (48.514,34.820) (48.597,34.815) (48.680,34.810) (48.763,34.804) (48.846,34.799) (48.928,34.794) (49.011,34.789) (49.093,34.784) (49.175,34.779) 
(40.175,35.321) (40.279,35.313) (40.382,35.306) (40.485,35.298) (40.588,35.291) (40.690,35.284) (40.792,35.276) (40.893,35.269) (40.995,35.262) (41.096,35.254) (41.197,35.247) (41.297,35.240) (41.397,35.233) (41.497,35.226) (41.597,35.219) (41.696,35.212) (41.795,35.205) (41.894,35.198) (41.992,35.191) (42.090,35.184) (42.188,35.177) (42.286,35.170) (42.383,35.163) (42.480,35.157) (42.577,35.150) (42.673,35.143) (42.769,35.136) (42.865,35.130) (42.961,35.123) (43.057,35.116) (43.152,35.110) (43.247,35.103) (43.342,35.097) (43.436,35.090) (43.530,35.084) (43.624,35.077) (43.718,35.071) (43.812,35.065) (43.905,35.058) (43.998,35.052) (44.091,35.046) (44.183,35.039) (44.276,35.033) (44.368,35.027) (44.460,35.021) (44.551,35.014) (44.643,35.008) (44.734,35.002) (44.825,34.996) (44.916,34.990) (45.007,34.984) (45.097,34.978) (45.187,34.972) (45.277,34.966) (45.367,34.960) (45.457,34.954) (45.546,34.948) (45.635,34.942) (45.724,34.936) (45.813,34.930) (45.901,34.925) (45.990,34.919) (46.078,34.913) (46.166,34.907) (46.254,34.902) (46.341,34.896) (46.429,34.890) (46.516,34.885) (46.603,34.879) (46.690,34.873) (46.776,34.868) (46.863,34.862) (46.949,34.857) (47.035,34.851) (47.121,34.846) (47.207,34.840) (47.293,34.835) (47.378,34.829) (47.463,34.824) (47.548,34.818) (47.633,34.813) (47.718,34.808) (47.803,34.802) (47.887,34.797) (47.971,34.792) (48.055,34.786) (48.139,34.781) (48.223,34.776) (48.306,34.771) (48.390,34.765) (48.473,34.760) (48.556,34.755) (48.639,34.750) (48.722,34.745) (48.805,34.740) (48.887,34.735) (48.969,34.730) (49.052,34.724) (49.134,34.719) (49.215,34.714) 
(40.236,35.253) (40.340,35.246) (40.443,35.238) (40.545,35.231) (40.648,35.224) (40.750,35.216) (40.851,35.209) (40.953,35.202) (41.054,35.194) (41.154,35.187) (41.255,35.180) (41.355,35.173) (41.455,35.166) (41.555,35.159) (41.654,35.152) (41.753,35.145) (41.852,35.138) (41.950,35.131) (42.048,35.124) (42.146,35.117) (42.244,35.110) (42.341,35.103) (42.438,35.097) (42.535,35.090) (42.631,35.083) (42.728,35.076) (42.824,35.070) (42.919,35.063) (43.015,35.057) (43.110,35.050) (43.205,35.043) (43.300,35.037) (43.394,35.030) (43.489,35.024) (43.583,35.017) (43.676,35.011) (43.770,35.005) (43.863,34.998) (43.956,34.992) (44.049,34.986) (44.142,34.979) (44.234,34.973) (44.326,34.967) (44.418,34.961) (44.510,34.955) (44.601,34.948) (44.693,34.942) (44.784,34.936) (44.875,34.930) (44.965,34.924) (45.056,34.918) (45.146,34.912) (45.236,34.906) (45.326,34.900) (45.415,34.894) (45.504,34.888) (45.594,34.882) (45.683,34.877) (45.771,34.871) (45.860,34.865) (45.948,34.859) (46.036,34.853) (46.124,34.848) (46.212,34.842) (46.300,34.836) (46.387,34.830) (46.475,34.825) (46.562,34.819) (46.648,34.814) (46.735,34.808) (46.822,34.802) (46.908,34.797) (46.994,34.791) (47.080,34.786) (47.166,34.780) (47.251,34.775) (47.337,34.769) (47.422,34.764) (47.507,34.759) (47.592,34.753) (47.677,34.748) (47.761,34.743) (47.846,34.737) (47.930,34.732) (48.014,34.727) (48.098,34.721) (48.182,34.716) (48.265,34.711) (48.349,34.706) (48.432,34.701) (48.515,34.695) (48.598,34.690) (48.681,34.685) (48.763,34.680) (48.846,34.675) (48.928,34.670) (49.010,34.665) (49.092,34.660) (49.174,34.655) (49.256,34.650) 
(40.297,35.186) (40.400,35.178) (40.503,35.171) (40.605,35.164) (40.707,35.156) (40.809,35.149) (40.910,35.142) (41.011,35.135) (41.112,35.127) (41.213,35.120) (41.313,35.113) (41.413,35.106) (41.512,35.099) (41.612,35.092) (41.711,35.085) (41.809,35.078) (41.908,35.071) (42.006,35.064) (42.104,35.057) (42.202,35.050) (42.299,35.044) (42.396,35.037) (42.493,35.030) (42.589,35.023) (42.686,35.017) (42.782,35.010) (42.878,35.003) (42.973,34.997) (43.068,34.990) (43.163,34.984) (43.258,34.977) (43.353,34.971) (43.447,34.964) (43.541,34.958) (43.635,34.951) (43.728,34.945) (43.822,34.939) (43.915,34.932) (44.007,34.926) (44.100,34.920) (44.192,34.913) (44.285,34.907) (44.377,34.901) (44.468,34.895) (44.560,34.889) (44.651,34.883) (44.742,34.876) (44.833,34.870) (44.924,34.864) (45.014,34.858) (45.104,34.852) (45.194,34.846) (45.284,34.840) (45.374,34.834) (45.463,34.829) (45.552,34.823) (45.641,34.817) (45.730,34.811) (45.818,34.805) (45.907,34.799) (45.995,34.794) (46.083,34.788) (46.171,34.782) (46.258,34.776) (46.346,34.771) (46.433,34.765) (46.520,34.760) (46.607,34.754) (46.694,34.748) (46.780,34.743) (46.866,34.737) (46.953,34.732) (47.039,34.726) (47.124,34.721) (47.210,34.715) (47.295,34.710) (47.381,34.704) (47.466,34.699) (47.551,34.694) (47.635,34.688) (47.720,34.683) (47.804,34.678) (47.889,34.672) (47.973,34.667) (48.057,34.662) (48.140,34.657) (48.224,34.651) (48.307,34.646) (48.391,34.641) (48.474,34.636) (48.557,34.631) (48.639,34.626) (48.722,34.621) (48.805,34.615) (48.887,34.610) (48.969,34.605) (49.051,34.600) (49.133,34.595) (49.215,34.590) (49.296,34.585) 
(40.358,35.118) (40.460,35.111) (40.563,35.104) (40.665,35.096) (40.766,35.089) (40.868,35.082) (40.969,35.075) (41.070,35.067) (41.170,35.060) (41.271,35.053) (41.370,35.046) (41.470,35.039) (41.569,35.032) (41.668,35.025) (41.767,35.018) (41.866,35.011) (41.964,35.004) (42.062,34.997) (42.159,34.991) (42.257,34.984) (42.354,34.977) (42.451,34.970) (42.547,34.963) (42.644,34.957) (42.740,34.950) (42.836,34.944) (42.931,34.937) (43.026,34.930) (43.121,34.924) (43.216,34.917) (43.311,34.911) (43.405,34.904) (43.499,34.898) (43.593,34.892) (43.686,34.885) (43.780,34.879) (43.873,34.872) (43.966,34.866) (44.058,34.860) (44.151,34.854) (44.243,34.847) (44.335,34.841) (44.427,34.835) (44.518,34.829) (44.609,34.823) (44.700,34.817) (44.791,34.811) (44.882,34.805) (44.972,34.799) (45.063,34.793) (45.153,34.787) (45.242,34.781) (45.332,34.775) (45.421,34.769) (45.511,34.763) (45.600,34.757) (45.688,34.751) (45.777,34.746) (45.865,34.740) (45.954,34.734) (46.042,34.728) (46.129,34.723) (46.217,34.717) (46.304,34.711) (46.392,34.706) (46.479,34.700) (46.566,34.694) (46.652,34.689) (46.739,34.683) (46.825,34.678) (46.911,34.672) (46.997,34.667) (47.083,34.661) (47.169,34.656) (47.254,34.650) (47.339,34.645) (47.424,34.639) (47.509,34.634) (47.594,34.629) (47.679,34.623) (47.763,34.618) (47.847,34.613) (47.931,34.608) (48.015,34.602) (48.099,34.597) (48.182,34.592) (48.266,34.587) (48.349,34.582) (48.432,34.576) (48.515,34.571) (48.598,34.566) (48.681,34.561) (48.763,34.556) (48.845,34.551) (48.928,34.546) (49.010,34.541) (49.092,34.536) (49.173,34.531) (49.255,34.526) (49.336,34.521) 
(40.418,35.051) (40.520,35.044) (40.622,35.037) (40.724,35.029) (40.825,35.022) (40.926,35.015) (41.027,35.008) (41.128,35.000) (41.228,34.993) (41.328,34.986) (41.428,34.979) (41.527,34.972) (41.626,34.965) (41.725,34.958) (41.823,34.951) (41.922,34.944) (42.020,34.938) (42.117,34.931) (42.215,34.924) (42.312,34.917) (42.409,34.910) (42.505,34.904) (42.602,34.897) (42.698,34.890) (42.793,34.884) (42.889,34.877) (42.984,34.871) (43.079,34.864) (43.174,34.858) (43.269,34.851) (43.363,34.845) (43.457,34.838) (43.551,34.832) (43.645,34.825) (43.738,34.819) (43.831,34.813) (43.924,34.807) (44.016,34.800) (44.109,34.794) (44.201,34.788) (44.293,34.782) (44.385,34.775) (44.476,34.769) (44.568,34.763) (44.659,34.757) (44.750,34.751) (44.840,34.745) (44.931,34.739) (45.021,34.733) (45.111,34.727) (45.201,34.721) (45.290,34.715) (45.380,34.709) (45.469,34.703) (45.558,34.698) (45.647,34.692) (45.735,34.686) (45.824,34.680) (45.912,34.674) (46.000,34.669) (46.088,34.663) (46.175,34.657) (46.263,34.652) (46.350,34.646) (46.437,34.640) (46.524,34.635) (46.611,34.629) (46.697,34.624) (46.783,34.618) (46.870,34.613) (46.956,34.607) (47.041,34.602) (47.127,34.596) (47.212,34.591) (47.298,34.585) (47.383,34.580) (47.468,34.575) (47.552,34.569) (47.637,34.564) (47.721,34.559) (47.806,34.553) (47.890,34.548) (47.974,34.543) (48.057,34.538) (48.141,34.532) (48.224,34.527) (48.308,34.522) (48.391,34.517) (48.474,34.512) (48.557,34.507) (48.639,34.502) (48.722,34.497) (48.804,34.491) (48.886,34.486) (48.968,34.481) (49.050,34.476) (49.132,34.471) (49.213,34.466) (49.295,34.462) (49.376,34.457) 
(40.477,34.984) (40.579,34.977) (40.681,34.970) (40.783,34.962) (40.884,34.955) (40.985,34.948) (41.085,34.941) (41.186,34.934) (41.286,34.927) (41.385,34.920) (41.485,34.913) (41.584,34.906) (41.682,34.899) (41.781,34.892) (41.879,34.885) (41.977,34.878) (42.075,34.871) (42.172,34.864) (42.270,34.858) (42.366,34.851) (42.463,34.844) (42.559,34.837) (42.655,34.831) (42.751,34.824) (42.847,34.818) (42.942,34.811) (43.037,34.804) (43.132,34.798) (43.227,34.792) (43.321,34.785) (43.415,34.779) (43.509,34.772) (43.602,34.766) (43.696,34.760) (43.789,34.753) (43.882,34.747) (43.975,34.741) (44.067,34.734) (44.159,34.728) (44.251,34.722) (44.343,34.716) (44.434,34.710) (44.526,34.704) (44.617,34.698) (44.708,34.692) (44.798,34.685) (44.889,34.679) (44.979,34.673) (45.069,34.668) (45.159,34.662) (45.249,34.656) (45.338,34.650) (45.427,34.644) (45.516,34.638) (45.605,34.632) (45.694,34.626) (45.782,34.621) (45.870,34.615) (45.958,34.609) (46.046,34.604) (46.134,34.598) (46.221,34.592) (46.308,34.587) (46.395,34.581) (46.482,34.575) (46.569,34.570) (46.656,34.564) (46.742,34.559) (46.828,34.553) (46.914,34.548) (47.000,34.542) (47.085,34.537) (47.171,34.531) (47.256,34.526) (47.341,34.521) (47.426,34.515) (47.511,34.510) (47.595,34.505) (47.680,34.499) (47.764,34.494) (47.848,34.489) (47.932,34.483) (48.016,34.478) (48.099,34.473) (48.183,34.468) (48.266,34.463) (48.349,34.458) (48.432,34.452) (48.515,34.447) (48.598,34.442) (48.680,34.437) (48.763,34.432) (48.845,34.427) (48.927,34.422) (49.009,34.417) (49.090,34.412) (49.172,34.407) (49.253,34.402) (49.335,34.397) (49.416,34.392) 
(40.537,34.917) (40.638,34.910) (40.740,34.903) (40.841,34.895) (40.942,34.888) (41.043,34.881) (41.143,34.874) (41.243,34.867) (41.343,34.860) (41.442,34.853) (41.541,34.846) (41.640,34.839) (41.739,34.832) (41.837,34.825) (41.935,34.818) (42.033,34.811) (42.130,34.805) (42.227,34.798) (42.324,34.791) (42.421,34.785) (42.517,34.778) (42.613,34.771) (42.709,34.765) (42.805,34.758) (42.900,34.751) (42.995,34.745) (43.090,34.738) (43.184,34.732) (43.279,34.725) (43.373,34.719) (43.467,34.713) (43.560,34.706) (43.654,34.700) (43.747,34.694) (43.840,34.687) (43.933,34.681) (44.025,34.675) (44.117,34.669) (44.209,34.663) (44.301,34.656) (44.393,34.650) (44.484,34.644) (44.575,34.638) (44.666,34.632) (44.757,34.626) (44.847,34.620) (44.937,34.614) (45.027,34.608) (45.117,34.602) (45.207,34.596) (45.296,34.590) (45.385,34.584) (45.474,34.579) (45.563,34.573) (45.652,34.567) (45.740,34.561) (45.828,34.556) (45.916,34.550) (46.004,34.544) (46.092,34.538) (46.179,34.533) (46.267,34.527) (46.354,34.522) (46.441,34.516) (46.527,34.510) (46.614,34.505) (46.700,34.499) (46.786,34.494) (46.872,34.488) (46.958,34.483) (47.044,34.477) (47.129,34.472) (47.214,34.467) (47.300,34.461) (47.385,34.456) (47.469,34.451) (47.554,34.445) (47.638,34.440) (47.723,34.435) (47.807,34.429) (47.891,34.424) (47.974,34.419) (48.058,34.414) (48.141,34.409) (48.225,34.403) (48.308,34.398) (48.391,34.393) (48.473,34.388) (48.556,34.383) (48.639,34.378) (48.721,34.373) (48.803,34.368) (48.885,34.363) (48.967,34.358) (49.049,34.353) (49.130,34.348) (49.212,34.343) (49.293,34.338) (49.374,34.333) (49.455,34.328) 
(40.595,34.850) (40.697,34.843) (40.798,34.836) (40.899,34.829) (41.000,34.821) (41.100,34.814) (41.200,34.807) (41.300,34.800) (41.399,34.793) (41.498,34.786) (41.597,34.779) (41.696,34.772) (41.794,34.766) (41.892,34.759) (41.990,34.752) (42.087,34.745) (42.185,34.738) (42.282,34.732) (42.378,34.725) (42.475,34.718) (42.571,34.712) (42.667,34.705) (42.762,34.698) (42.858,34.692) (42.953,34.685) (43.048,34.679) (43.142,34.672) (43.237,34.666) (43.331,34.660) (43.425,34.653) (43.518,34.647) (43.612,34.641) (43.705,34.634) (43.798,34.628) (43.890,34.622) (43.983,34.615) (44.075,34.609) (44.167,34.603) (44.259,34.597) (44.350,34.591) (44.442,34.585) (44.533,34.579) (44.624,34.573) (44.715,34.567) (44.805,34.561) (44.895,34.555) (44.985,34.549) (45.075,34.543) (45.165,34.537) (45.254,34.531) (45.343,34.525) (45.433,34.519) (45.521,34.513) (45.610,34.508) (45.698,34.502) (45.787,34.496) (45.875,34.490) (45.962,34.485) (46.050,34.479) (46.138,34.473) (46.225,34.468) (46.312,34.462) (46.399,34.457) (46.486,34.451) (46.572,34.446) (46.658,34.440) (46.745,34.435) (46.831,34.429) (46.916,34.424) (47.002,34.418) (47.087,34.413) (47.173,34.407) (47.258,34.402) (47.343,34.397) (47.428,34.391) (47.512,34.386) (47.597,34.381) (47.681,34.375) (47.765,34.370) (47.849,34.365) (47.933,34.360) (48.016,34.354) (48.100,34.349) (48.183,34.344) (48.266,34.339) (48.349,34.334) (48.432,34.329) (48.514,34.324) (48.597,34.319) (48.679,34.314) (48.762,34.309) (48.844,34.304) (48.925,34.299) (49.007,34.294) (49.089,34.289) (49.170,34.284) (49.251,34.279) (49.333,34.274) (49.414,34.269) (49.494,34.264) 
(40.654,34.783) (40.755,34.776) (40.856,34.769) (40.957,34.762) (41.057,34.755) (41.157,34.748) (41.257,34.741) (41.356,34.734) (41.456,34.727) (41.555,34.720) (41.653,34.713) (41.752,34.706) (41.850,34.699) (41.947,34.692) (42.045,34.686) (42.142,34.679) (42.239,34.672) (42.336,34.666) (42.432,34.659) (42.528,34.652) (42.624,34.646) (42.720,34.639) (42.815,34.632) (42.910,34.626) (43.005,34.619) (43.100,34.613) (43.194,34.607) (43.288,34.600) (43.382,34.594) (43.476,34.587) (43.569,34.581) (43.663,34.575) (43.755,34.569) (43.848,34.562) (43.941,34.556) (44.033,34.550) (44.125,34.544) (44.217,34.538) (44.308,34.531) (44.400,34.525) (44.491,34.519) (44.582,34.513) (44.672,34.507) (44.763,34.501) (44.853,34.495) (44.943,34.489) (45.033,34.483) (45.123,34.478) (45.212,34.472) (45.301,34.466) (45.391,34.460) (45.479,34.454) (45.568,34.448) (45.656,34.443) (45.745,34.437) (45.833,34.431) (45.921,34.425) (46.008,34.420) (46.096,34.414) (46.183,34.409) (46.270,34.403) (46.357,34.397) (46.444,34.392) (46.530,34.386) (46.617,34.381) (46.703,34.375) (46.789,34.370) (46.875,34.364) (46.960,34.359) (47.046,34.353) (47.131,34.348) (47.216,34.343) (47.301,34.337) (47.386,34.332) (47.470,34.327) (47.555,34.321) (47.639,34.316) (47.723,34.311) (47.807,34.306) (47.891,34.300) (47.975,34.295) (48.058,34.290) (48.141,34.285) (48.224,34.280) (48.307,34.275) (48.390,34.270) (48.473,34.265) (48.555,34.259) (48.638,34.254) (48.720,34.249) (48.802,34.244) (48.884,34.239) (48.965,34.234) (49.047,34.230) (49.129,34.225) (49.210,34.220) (49.291,34.215) (49.372,34.210) (49.453,34.205) (49.533,34.200) 
(40.712,34.717) (40.813,34.710) (40.914,34.702) (41.014,34.695) (41.114,34.688) (41.214,34.681) (41.314,34.674) (41.413,34.667) (41.512,34.660) (41.610,34.654) (41.709,34.647) (41.807,34.640) (41.905,34.633) (42.002,34.626) (42.099,34.620) (42.196,34.613) (42.293,34.606) (42.389,34.599) (42.486,34.593) (42.582,34.586) (42.677,34.580) (42.773,34.573) (42.868,34.567) (42.963,34.560) (43.057,34.554) (43.152,34.547) (43.246,34.541) (43.340,34.534) (43.434,34.528) (43.527,34.522) (43.620,34.515) (43.713,34.509) (43.806,34.503) (43.898,34.497) (43.991,34.491) (44.083,34.484) (44.174,34.478) (44.266,34.472) (44.357,34.466) (44.449,34.460) (44.540,34.454) (44.630,34.448) (44.721,34.442) (44.811,34.436) (44.901,34.430) (44.991,34.424) (45.081,34.418) (45.170,34.412) (45.259,34.407) (45.348,34.401) (45.437,34.395) (45.526,34.389) (45.614,34.383) (45.703,34.378) (45.791,34.372) (45.879,34.366) (45.966,34.361) (46.054,34.355) (46.141,34.349) (46.228,34.344) (46.315,34.338) (46.402,34.333) (46.488,34.327) (46.575,34.322) (46.661,34.316) (46.747,34.311) (46.833,34.305) (46.918,34.300) (47.004,34.294) (47.089,34.289) (47.174,34.284) (47.259,34.278) (47.344,34.273) (47.429,34.268) (47.513,34.262) (47.597,34.257) (47.681,34.252) (47.765,34.247) (47.849,34.241) (47.933,34.236) (48.016,34.231) (48.099,34.226) (48.183,34.221) (48.266,34.216) (48.348,34.211) (48.431,34.205) (48.514,34.200) (48.596,34.195) (48.678,34.190) (48.760,34.185) (48.842,34.180) (48.924,34.175) (49.005,34.170) (49.087,34.166) (49.168,34.161) (49.249,34.156) (49.330,34.151) (49.411,34.146) (49.492,34.141) (49.572,34.136) 
(40.770,34.650) (40.871,34.643) (40.971,34.636) (41.071,34.629) (41.171,34.622) (41.271,34.615) (41.370,34.608) (41.469,34.601) (41.567,34.594) (41.666,34.587) (41.764,34.580) (41.862,34.574) (41.959,34.567) (42.057,34.560) (42.154,34.553) (42.250,34.547) (42.347,34.540) (42.443,34.533) (42.539,34.527) (42.635,34.520) (42.730,34.514) (42.825,34.507) (42.920,34.501) (43.015,34.494) (43.109,34.488) (43.203,34.482) (43.297,34.475) (43.391,34.469) (43.484,34.462) (43.578,34.456) (43.671,34.450) (43.763,34.444) (43.856,34.437) (43.948,34.431) (44.040,34.425) (44.132,34.419) (44.224,34.413) (44.315,34.407) (44.406,34.401) (44.497,34.395) (44.588,34.389) (44.679,34.383) (44.769,34.377) (44.859,34.371) (44.949,34.365) (45.039,34.359) (45.128,34.353) (45.217,34.347) (45.306,34.342) (45.395,34.336) (45.484,34.330) (45.572,34.324) (45.661,34.318) (45.749,34.313) (45.837,34.307) (45.924,34.301) (46.012,34.296) (46.099,34.290) (46.186,34.285) (46.273,34.279) (46.360,34.273) (46.446,34.268) (46.533,34.262) (46.619,34.257) (46.705,34.251) (46.791,34.246) (46.876,34.241) (46.962,34.235) (47.047,34.230) (47.132,34.224) (47.217,34.219) (47.302,34.214) (47.387,34.208) (47.471,34.203) (47.555,34.198) (47.640,34.193) (47.723,34.187) (47.807,34.182) (47.891,34.177) (47.974,34.172) (48.058,34.167) (48.141,34.162) (48.224,34.157) (48.307,34.151) (48.389,34.146) (48.472,34.141) (48.554,34.136) (48.636,34.131) (48.718,34.126) (48.800,34.121) (48.882,34.116) (48.964,34.111) (49.045,34.106) (49.126,34.102) (49.207,34.097) (49.288,34.092) (49.369,34.087) (49.450,34.082) (49.531,34.077) (49.611,34.073) 
(40.827,34.584) (40.928,34.577) (41.028,34.570) (41.128,34.563) (41.227,34.556) (41.327,34.549) (41.426,34.542) (41.524,34.535) (41.623,34.528) (41.721,34.521) (41.819,34.514) (41.916,34.508) (42.014,34.501) (42.111,34.494) (42.207,34.487) (42.304,34.481) (42.400,34.474) (42.496,34.468) (42.592,34.461) (42.687,34.455) (42.782,34.448) (42.877,34.442) (42.972,34.435) (43.067,34.429) (43.161,34.422) (43.255,34.416) (43.348,34.410) (43.442,34.403) (43.535,34.397) (43.628,34.391) (43.721,34.385) (43.813,34.378) (43.906,34.372) (43.998,34.366) (44.090,34.360) (44.181,34.354) (44.273,34.348) (44.364,34.342) (44.455,34.336) (44.546,34.330) (44.636,34.324) (44.727,34.318) (44.817,34.312) (44.907,34.306) (44.996,34.300) (45.086,34.294) (45.175,34.288) (45.264,34.282) (45.353,34.277) (45.442,34.271) (45.530,34.265) (45.618,34.259) (45.707,34.254) (45.794,34.248) (45.882,34.242) (45.970,34.237) (46.057,34.231) (46.144,34.226) (46.231,34.220) (46.318,34.214) (46.404,34.209) (46.491,34.203) (46.577,34.198) (46.663,34.192) (46.749,34.187) (46.834,34.182) (46.920,34.176) (47.005,34.171) (47.090,34.165) (47.175,34.160) (47.260,34.155) (47.345,34.149) (47.429,34.144) (47.513,34.139) (47.598,34.134) (47.682,34.128) (47.765,34.123) (47.849,34.118) (47.932,34.113) (48.016,34.108) (48.099,34.103) (48.182,34.098) (48.265,34.092) (48.347,34.087) (48.430,34.082) (48.512,34.077) (48.594,34.072) (48.676,34.067) (48.758,34.062) (48.840,34.057) (48.922,34.052) (49.003,34.048) (49.084,34.043) (49.166,34.038) (49.247,34.033) (49.327,34.028) (49.408,34.023) (49.489,34.018) (49.569,34.014) (49.649,34.009) 
(40.884,34.517) (40.985,34.510) (41.085,34.503) (41.184,34.496) (41.283,34.489) (41.382,34.482) (41.481,34.476) (41.580,34.469) (41.678,34.462) (41.776,34.455) (41.873,34.448) (41.971,34.442) (42.068,34.435) (42.164,34.428) (42.261,34.422) (42.357,34.415) (42.453,34.408) (42.549,34.402) (42.644,34.395) (42.740,34.389) (42.835,34.382) (42.929,34.376) (43.024,34.370) (43.118,34.363) (43.212,34.357) (43.306,34.350) (43.399,34.344) (43.493,34.338) (43.586,34.332) (43.678,34.325) (43.771,34.319) (43.863,34.313) (43.955,34.307) (44.047,34.301) (44.139,34.295) (44.230,34.289) (44.321,34.282) (44.412,34.276) (44.503,34.270) (44.594,34.264) (44.684,34.259) (44.774,34.253) (44.864,34.247) (44.954,34.241) (45.043,34.235) (45.133,34.229) (45.222,34.223) (45.311,34.218) (45.399,34.212) (45.488,34.206) (45.576,34.200) (45.664,34.195) (45.752,34.189) (45.840,34.183) (45.927,34.178) (46.015,34.172) (46.102,34.166) (46.189,34.161) (46.276,34.155) (46.362,34.150) (46.449,34.144) (46.535,34.139) (46.621,34.133) (46.707,34.128) (46.792,34.123) (46.878,34.117) (46.963,34.112) (47.048,34.106) (47.133,34.101) (47.218,34.096) (47.303,34.091) (47.387,34.085) (47.471,34.080) (47.556,34.075) (47.640,34.070) (47.723,34.064) (47.807,34.059) (47.890,34.054) (47.974,34.049) (48.057,34.044) (48.140,34.039) (48.223,34.034) (48.305,34.028) (48.388,34.023) (48.470,34.018) (48.552,34.013) (48.634,34.008) (48.716,34.003) (48.798,33.999) (48.880,33.994) (48.961,33.989) (49.042,33.984) (49.124,33.979) (49.205,33.974) (49.285,33.969) (49.366,33.964) (49.447,33.960) (49.527,33.955) (49.608,33.950) (49.688,33.945) 
(40.941,34.451) (41.041,34.444) (41.141,34.437) (41.240,34.430) (41.339,34.423) (41.438,34.416) (41.536,34.410) (41.635,34.403) (41.732,34.396) (41.830,34.389) (41.927,34.382) (42.025,34.376) (42.121,34.369) (42.218,34.362) (42.314,34.356) (42.410,34.349) (42.506,34.343) (42.601,34.336) (42.697,34.330) (42.792,34.323) (42.886,34.317) (42.981,34.310) (43.075,34.304) (43.169,34.298) (43.263,34.291) (43.357,34.285) (43.450,34.279) (43.543,34.273) (43.636,34.266) (43.728,34.260) (43.821,34.254) (43.913,34.248) (44.005,34.242) (44.096,34.236) (44.188,34.229) (44.279,34.223) (44.370,34.217) (44.461,34.211) (44.551,34.205) (44.642,34.200) (44.732,34.194) (44.822,34.188) (44.911,34.182) (45.001,34.176) (45.090,34.170) (45.179,34.164) (45.268,34.159) (45.357,34.153) (45.446,34.147) (45.534,34.141) (45.622,34.136) (45.710,34.130) (45.798,34.124) (45.885,34.119) (45.972,34.113) (46.060,34.108) (46.147,34.102) (46.233,34.096) (46.320,34.091) (46.406,34.085) (46.493,34.080) (46.579,34.074) (46.664,34.069) (46.750,34.064) (46.836,34.058) (46.921,34.053) (47.006,34.048) (47.091,34.042) (47.176,34.037) (47.261,34.032) (47.345,34.026) (47.429,34.021) (47.513,34.016) (47.597,34.011) (47.681,34.005) (47.765,34.000) (47.848,33.995) (47.932,33.990) (48.015,33.985) (48.098,33.980) (48.181,33.975) (48.263,33.970) (48.346,33.965) (48.428,33.960) (48.510,33.955) (48.592,33.950) (48.674,33.945) (48.756,33.940) (48.838,33.935) (48.919,33.930) (49.000,33.925) (49.082,33.920) (49.163,33.915) (49.244,33.910) (49.324,33.906) (49.405,33.901) (49.485,33.896) (49.566,33.891) (49.646,33.886) (49.726,33.882) 
(40.998,34.385) (41.097,34.378) (41.197,34.371) (41.296,34.364) (41.395,34.357) (41.493,34.350) (41.591,34.344) (41.689,34.337) (41.787,34.330) (41.884,34.323) (41.981,34.317) (42.078,34.310) (42.175,34.303) (42.271,34.297) (42.367,34.290) (42.463,34.284) (42.558,34.277) (42.654,34.271) (42.749,34.264) (42.844,34.258) (42.938,34.251) (43.032,34.245) (43.126,34.239) (43.220,34.232) (43.314,34.226) (43.407,34.220) (43.500,34.214) (43.593,34.207) (43.685,34.201) (43.778,34.195) (43.870,34.189) (43.962,34.183) (44.054,34.177) (44.145,34.171) (44.236,34.164) (44.327,34.158) (44.418,34.152) (44.509,34.146) (44.599,34.141) (44.689,34.135) (44.779,34.129) (44.869,34.123) (44.958,34.117) (45.048,34.111) (45.137,34.105) (45.226,34.100) (45.315,34.094) (45.403,34.088) (45.491,34.082) (45.580,34.077) (45.667,34.071) (45.755,34.065) (45.843,34.060) (45.930,34.054) (46.017,34.049) (46.104,34.043) (46.191,34.038) (46.278,34.032) (46.364,34.027) (46.450,34.021) (46.536,34.016) (46.622,34.010) (46.708,34.005) (46.793,33.999) (46.879,33.994) (46.964,33.989) (47.049,33.983) (47.134,33.978) (47.218,33.973) (47.303,33.967) (47.387,33.962) (47.471,33.957) (47.555,33.952) (47.639,33.947) (47.723,33.941) (47.806,33.936) (47.890,33.931) (47.973,33.926) (48.056,33.921) (48.139,33.916) (48.221,33.911) (48.304,33.906) (48.386,33.901) (48.468,33.896) (48.550,33.891) (48.632,33.886) (48.714,33.881) (48.796,33.876) (48.877,33.871) (48.958,33.866) (49.040,33.861) (49.121,33.856) (49.201,33.852) (49.282,33.847) (49.363,33.842) (49.443,33.837) (49.524,33.832) (49.604,33.828) (49.684,33.823) (49.764,33.818) 
(41.054,34.319) (41.153,34.312) (41.252,34.305) (41.351,34.298) (41.450,34.291) (41.548,34.285) (41.646,34.278) (41.743,34.271) (41.841,34.264) (41.938,34.258) (42.035,34.251) (42.132,34.244) (42.228,34.238) (42.324,34.231) (42.420,34.225) (42.515,34.218) (42.611,34.212) (42.706,34.205) (42.800,34.199) (42.895,34.192) (42.989,34.186) (43.083,34.180) (43.177,34.173) (43.271,34.167) (43.364,34.161) (43.457,34.155) (43.550,34.148) (43.643,34.142) (43.735,34.136) (43.827,34.130) (43.919,34.124) (44.011,34.118) (44.102,34.112) (44.194,34.106) (44.285,34.100) (44.375,34.094) (44.466,34.088) (44.556,34.082) (44.647,34.076) (44.737,34.070) (44.826,34.064) (44.916,34.058) (45.005,34.052) (45.094,34.047) (45.183,34.041) (45.272,34.035) (45.361,34.029) (45.449,34.024) (45.537,34.018) (45.625,34.012) (45.713,34.007) (45.800,34.001) (45.888,33.995) (45.975,33.990) (46.062,33.984) (46.149,33.979) (46.235,33.973) (46.322,33.968) (46.408,33.962) (46.494,33.957) (46.580,33.951) (46.666,33.946) (46.751,33.941) (46.836,33.935) (46.922,33.930) (47.007,33.925) (47.091,33.919) (47.176,33.914) (47.261,33.909) (47.345,33.903) (47.429,33.898) (47.513,33.893) (47.597,33.888) (47.681,33.883) (47.764,33.878) (47.847,33.872) (47.930,33.867) (48.014,33.862) (48.096,33.857) (48.179,33.852) (48.262,33.847) (48.344,33.842) (48.426,33.837) (48.508,33.832) (48.590,33.827) (48.672,33.822) (48.754,33.817) (48.835,33.812) (48.916,33.807) (48.997,33.803) (49.079,33.798) (49.159,33.793) (49.240,33.788) (49.321,33.783) (49.401,33.778) (49.481,33.774) (49.562,33.769) (49.642,33.764) (49.722,33.760) (49.801,33.755) 
(41.109,34.253) (41.209,34.246) (41.307,34.239) (41.406,34.232) (41.504,34.226) (41.602,34.219) (41.700,34.212) (41.797,34.205) (41.895,34.199) (41.992,34.192) (42.088,34.185) (42.185,34.179) (42.281,34.172) (42.376,34.166) (42.472,34.159) (42.567,34.153) (42.662,34.146) (42.757,34.140) (42.852,34.133) (42.946,34.127) (43.040,34.121) (43.134,34.114) (43.228,34.108) (43.321,34.102) (43.414,34.096) (43.507,34.089) (43.600,34.083) (43.692,34.077) (43.784,34.071) (43.876,34.065) (43.968,34.059) (44.059,34.053) (44.151,34.047) (44.242,34.041) (44.333,34.035) (44.423,34.029) (44.514,34.023) (44.604,34.017) (44.694,34.011) (44.784,34.005) (44.873,33.999) (44.963,33.993) (45.052,33.988) (45.141,33.982) (45.229,33.976) (45.318,33.970) (45.406,33.965) (45.494,33.959) (45.582,33.953) (45.670,33.948) (45.758,33.942) (45.845,33.937) (45.932,33.931) (46.019,33.925) (46.106,33.920) (46.193,33.914) (46.279,33.909) (46.365,33.903) (46.452,33.898) (46.537,33.893) (46.623,33.887) (46.709,33.882) (46.794,33.876) (46.879,33.871) (46.964,33.866) (47.049,33.861) (47.134,33.855) (47.218,33.850) (47.303,33.845) (47.387,33.840) (47.471,33.834) (47.555,33.829) (47.638,33.824) (47.722,33.819) (47.805,33.814) (47.888,33.809) (47.971,33.804) (48.054,33.798) (48.137,33.793) (48.219,33.788) (48.302,33.783) (48.384,33.778) (48.466,33.773) (48.548,33.768) (48.630,33.764) (48.711,33.759) (48.793,33.754) (48.874,33.749) (48.955,33.744) (49.036,33.739) (49.117,33.734) (49.198,33.729) (49.279,33.725) (49.359,33.720) (49.439,33.715) (49.519,33.710) (49.600,33.706) (49.679,33.701) (49.759,33.696) (49.839,33.692) 
(41.165,34.187) (41.264,34.180) (41.362,34.174) (41.461,34.167) (41.559,34.160) (41.656,34.153) (41.754,34.147) (41.851,34.140) (41.948,34.133) (42.045,34.127) (42.141,34.120) (42.237,34.113) (42.333,34.107) (42.429,34.100) (42.524,34.094) (42.619,34.087) (42.714,34.081) (42.809,34.075) (42.903,34.068) (42.997,34.062) (43.091,34.056) (43.185,34.049) (43.278,34.043) (43.371,34.037) (43.464,34.031) (43.557,34.024) (43.649,34.018) (43.741,34.012) (43.833,34.006) (43.925,34.000) (44.017,33.994) (44.108,33.988) (44.199,33.982) (44.290,33.976) (44.380,33.970) (44.471,33.964) (44.561,33.958) (44.651,33.952) (44.741,33.946) (44.830,33.941) (44.920,33.935) (45.009,33.929) (45.098,33.923) (45.187,33.917) (45.275,33.912) (45.364,33.906) (45.452,33.900) (45.540,33.895) (45.628,33.889) (45.715,33.883) (45.803,33.878) (45.890,33.872) (45.977,33.867) (46.064,33.861) (46.150,33.856) (46.237,33.850) (46.323,33.845) (46.409,33.839) (46.495,33.834) (46.581,33.829) (46.666,33.823) (46.752,33.818) (46.837,33.812) (46.922,33.807) (47.007,33.802) (47.091,33.797) (47.176,33.791) (47.260,33.786) (47.344,33.781) (47.428,33.776) (47.512,33.771) (47.596,33.765) (47.679,33.760) (47.763,33.755) (47.846,33.750) (47.929,33.745) (48.012,33.740) (48.095,33.735) (48.177,33.730) (48.259,33.725) (48.342,33.720) (48.424,33.715) (48.506,33.710) (48.587,33.705) (48.669,33.700) (48.751,33.695) (48.832,33.690) (48.913,33.685) (48.994,33.681) (49.075,33.676) (49.156,33.671) (49.236,33.666) (49.317,33.661) (49.397,33.657) (49.477,33.652) (49.557,33.647) (49.637,33.642) (49.717,33.638) (49.797,33.633) (49.876,33.628) 
(41.220,34.122) (41.319,34.115) (41.417,34.108) (41.515,34.101) (41.613,34.094) (41.710,34.088) (41.808,34.081) (41.904,34.074) (42.001,34.068) (42.098,34.061) (42.194,34.055) (42.290,34.048) (42.385,34.042) (42.481,34.035) (42.576,34.029) (42.671,34.022) (42.765,34.016) (42.860,34.009) (42.954,34.003) (43.048,33.997) (43.141,33.991) (43.235,33.984) (43.328,33.978) (43.421,33.972) (43.514,33.966) (43.606,33.960) (43.698,33.953) (43.790,33.947) (43.882,33.941) (43.974,33.935) (44.065,33.929) (44.156,33.923) (44.247,33.917) (44.337,33.911) (44.428,33.905) (44.518,33.899) (44.608,33.894) (44.698,33.888) (44.788,33.882) (44.877,33.876) (44.966,33.870) (45.055,33.864) (45.144,33.859) (45.233,33.853) (45.321,33.847) (45.409,33.842) (45.497,33.836) (45.585,33.830) (45.673,33.825) (45.760,33.819) (45.847,33.814) (45.934,33.808) (46.021,33.803) (46.108,33.797) (46.194,33.792) (46.280,33.786) (46.367,33.781) (46.452,33.775) (46.538,33.770) (46.624,33.765) (46.709,33.759) (46.794,33.754) (46.879,33.749) (46.964,33.743) (47.049,33.738) (47.133,33.733) (47.218,33.728) (47.302,33.722) (47.386,33.717) (47.470,33.712) (47.553,33.707) (47.637,33.702) (47.720,33.697) (47.804,33.691) (47.887,33.686) (47.969,33.681) (48.052,33.676) (48.135,33.671) (48.217,33.666) (48.299,33.661) (48.381,33.656) (48.463,33.651) (48.545,33.646) (48.627,33.641) (48.708,33.637) (48.790,33.632) (48.871,33.627) (48.952,33.622) (49.033,33.617) (49.113,33.612) (49.194,33.608) (49.275,33.603) (49.355,33.598) (49.435,33.593) (49.515,33.589) (49.595,33.584) (49.675,33.579) (49.754,33.575) (49.834,33.570) (49.913,33.565) 
(41.275,34.056) (41.373,34.049) (41.471,34.042) (41.569,34.036) (41.667,34.029) (41.764,34.022) (41.861,34.016) (41.958,34.009) (42.054,34.002) (42.150,33.996) (42.246,33.989) (42.342,33.983) (42.437,33.976) (42.532,33.970) (42.627,33.963) (42.722,33.957) (42.816,33.951) (42.910,33.944) (43.004,33.938) (43.098,33.932) (43.191,33.926) (43.285,33.919) (43.378,33.913) (43.470,33.907) (43.563,33.901) (43.655,33.895) (43.747,33.889) (43.839,33.883) (43.930,33.877) (44.022,33.870) (44.113,33.865) (44.204,33.859) (44.294,33.853) (44.385,33.847) (44.475,33.841) (44.565,33.835) (44.655,33.829) (44.745,33.823) (44.834,33.817) (44.923,33.812) (45.012,33.806) (45.101,33.800) (45.190,33.794) (45.278,33.789) (45.366,33.783) (45.454,33.777) (45.542,33.772) (45.630,33.766) (45.717,33.761) (45.804,33.755) (45.891,33.750) (45.978,33.744) (46.065,33.739) (46.151,33.733) (46.238,33.728) (46.324,33.722) (46.410,33.717) (46.496,33.711) (46.581,33.706) (46.667,33.701) (46.752,33.695) (46.837,33.690) (46.922,33.685) (47.006,33.679) (47.091,33.674) (47.175,33.669) (47.259,33.664) (47.343,33.659) (47.427,33.653) (47.511,33.648) (47.595,33.643) (47.678,33.638) (47.761,33.633) (47.844,33.628) (47.927,33.623) (48.010,33.618) (48.092,33.613) (48.175,33.608) (48.257,33.603) (48.339,33.598) (48.421,33.593) (48.503,33.588) (48.584,33.583) (48.666,33.578) (48.747,33.573) (48.828,33.568) (48.909,33.564) (48.990,33.559) (49.071,33.554) (49.152,33.549) (49.232,33.544) (49.313,33.540) (49.393,33.535) (49.473,33.530) (49.553,33.525) (49.632,33.521) (49.712,33.516) (49.792,33.511) (49.871,33.507) (49.950,33.502) 
(41.329,33.990) (41.427,33.984) (41.525,33.977) (41.623,33.970) (41.720,33.964) (41.817,33.957) (41.914,33.950) (42.010,33.944) (42.106,33.937) (42.202,33.931) (42.298,33.924) (42.394,33.918) (42.489,33.911) (42.584,33.905) (42.678,33.898) (42.773,33.892) (42.867,33.886) (42.961,33.879) (43.055,33.873) (43.148,33.867) (43.241,33.861) (43.334,33.855) (43.427,33.848) (43.519,33.842) (43.612,33.836) (43.704,33.830) (43.796,33.824) (43.887,33.818) (43.979,33.812) (44.070,33.806) (44.161,33.800) (44.251,33.794) (44.342,33.788) (44.432,33.782) (44.522,33.776) (44.612,33.770) (44.702,33.765) (44.791,33.759) (44.880,33.753) (44.969,33.747) (45.058,33.742) (45.147,33.736) (45.235,33.730) (45.323,33.725) (45.411,33.719) (45.499,33.713) (45.587,33.708) (45.674,33.702) (45.762,33.697) (45.849,33.691) (45.936,33.685) (46.022,33.680) (46.109,33.675) (46.195,33.669) (46.281,33.664) (46.367,33.658) (46.453,33.653) (46.538,33.648) (46.624,33.642) (46.709,33.637) (46.794,33.632) (46.879,33.626) (46.964,33.621) (47.048,33.616) (47.133,33.611) (47.217,33.605) (47.301,33.600) (47.385,33.595) (47.468,33.590) (47.552,33.585) (47.635,33.580) (47.719,33.574) (47.802,33.569) (47.885,33.564) (47.967,33.559) (48.050,33.554) (48.132,33.549) (48.214,33.544) (48.297,33.539) (48.379,33.534) (48.460,33.530) (48.542,33.525) (48.623,33.520) (48.705,33.515) (48.786,33.510) (48.867,33.505) (48.948,33.500) (49.029,33.496) (49.109,33.491) (49.190,33.486) (49.270,33.481) (49.350,33.477) (49.430,33.472) (49.510,33.467) (49.590,33.462) (49.670,33.458) (49.749,33.453) (49.829,33.448) (49.908,33.444) (49.987,33.439) 
(41.383,33.925) (41.481,33.918) (41.579,33.912) (41.676,33.905) (41.773,33.898) (41.870,33.892) (41.966,33.885) (42.063,33.879) (42.159,33.872) (42.254,33.866) (42.350,33.859) (42.445,33.853) (42.540,33.846) (42.635,33.840) (42.729,33.833) (42.823,33.827) (42.917,33.821) (43.011,33.815) (43.105,33.808) (43.198,33.802) (43.291,33.796) (43.384,33.790) (43.476,33.784) (43.568,33.778) (43.660,33.771) (43.752,33.765) (43.844,33.759) (43.935,33.753) (44.026,33.747) (44.117,33.741) (44.208,33.735) (44.299,33.730) (44.389,33.724) (44.479,33.718) (44.569,33.712) (44.659,33.706) (44.748,33.700) (44.837,33.695) (44.926,33.689) (45.015,33.683) (45.104,33.677) (45.192,33.672) (45.280,33.666) (45.369,33.660) (45.456,33.655) (45.544,33.649) (45.631,33.644) (45.719,33.638) (45.806,33.633) (45.893,33.627) (45.979,33.622) (46.066,33.616) (46.152,33.611) (46.238,33.605) (46.324,33.600) (46.410,33.594) (46.496,33.589) (46.581,33.584) (46.666,33.578) (46.751,33.573) (46.836,33.568) (46.921,33.563) (47.006,33.557) (47.090,33.552) (47.174,33.547) (47.258,33.542) (47.342,33.537) (47.426,33.531) (47.509,33.526) (47.593,33.521) (47.676,33.516) (47.759,33.511) (47.842,33.506) (47.925,33.501) (48.007,33.496) (48.090,33.491) (48.172,33.486) (48.254,33.481) (48.336,33.476) (48.418,33.471) (48.499,33.466) (48.581,33.461) (48.662,33.457) (48.744,33.452) (48.825,33.447) (48.906,33.442) (48.986,33.437) (49.067,33.432) (49.147,33.428) (49.228,33.423) (49.308,33.418) (49.388,33.413) (49.468,33.409) (49.548,33.404) (49.627,33.399) (49.707,33.395) (49.786,33.390) (49.865,33.386) (49.944,33.381) (50.023,33.376) 
(41.437,33.860) (41.535,33.853) (41.632,33.846) (41.729,33.840) (41.826,33.833) (41.922,33.826) (42.019,33.820) (42.115,33.813) (42.211,33.807) (42.306,33.800) (42.401,33.794) (42.496,33.788) (42.591,33.781) (42.685,33.775) (42.780,33.769) (42.874,33.762) (42.967,33.756) (43.061,33.750) (43.154,33.744) (43.247,33.737) (43.340,33.731) (43.433,33.725) (43.525,33.719) (43.617,33.713) (43.709,33.707) (43.801,33.701) (43.892,33.695) (43.983,33.689) (44.074,33.683) (44.165,33.677) (44.255,33.671) (44.346,33.665) (44.436,33.659) (44.526,33.653) (44.615,33.648) (44.705,33.642) (44.794,33.636) (44.883,33.630) (44.972,33.625) (45.061,33.619) (45.149,33.613) (45.237,33.608) (45.325,33.602) (45.413,33.596) (45.501,33.591) (45.588,33.585) (45.676,33.580) (45.763,33.574) (45.850,33.569) (45.936,33.563) (46.023,33.558) (46.109,33.552) (46.195,33.547) (46.281,33.541) (46.367,33.536) (46.453,33.531) (46.538,33.525) (46.624,33.520) (46.709,33.515) (46.794,33.509) (46.878,33.504) (46.963,33.499) (47.047,33.494) (47.131,33.489) (47.216,33.483) (47.299,33.478) (47.383,33.473) (47.467,33.468) (47.550,33.463) (47.633,33.458) (47.716,33.453) (47.799,33.448) (47.882,33.443) (47.965,33.438) (48.047,33.433) (48.129,33.428) (48.211,33.423) (48.293,33.418) (48.375,33.413) (48.457,33.408) (48.538,33.403) (48.620,33.398) (48.701,33.393) (48.782,33.389) (48.863,33.384) (48.944,33.379) (49.024,33.374) (49.105,33.369) (49.185,33.365) (49.265,33.360) (49.345,33.355) (49.425,33.351) (49.505,33.346) (49.585,33.341) (49.664,33.337) (49.744,33.332) (49.823,33.327) (49.902,33.323) (49.981,33.318) (50.060,33.314) 
(41.490,33.794) (41.588,33.788) (41.685,33.781) (41.782,33.775) (41.878,33.768) (41.975,33.761) (42.071,33.755) (42.167,33.748) (42.262,33.742) (42.357,33.736) (42.452,33.729) (42.547,33.723) (42.642,33.716) (42.736,33.710) (42.830,33.704) (42.924,33.698) (43.017,33.691) (43.111,33.685) (43.204,33.679) (43.296,33.673) (43.389,33.667) (43.481,33.661) (43.573,33.655) (43.665,33.648) (43.757,33.642) (43.848,33.636) (43.940,33.630) (44.031,33.624) (44.121,33.619) (44.212,33.613) (44.302,33.607) (44.392,33.601) (44.482,33.595) (44.572,33.589) (44.662,33.583) (44.751,33.578) (44.840,33.572) (44.929,33.566) (45.018,33.561) (45.106,33.555) (45.194,33.549) (45.282,33.544) (45.370,33.538) (45.458,33.532) (45.545,33.527) (45.633,33.521) (45.720,33.516) (45.807,33.510) (45.893,33.505) (45.980,33.499) (46.066,33.494) (46.153,33.488) (46.239,33.483) (46.324,33.478) (46.410,33.472) (46.495,33.467) (46.581,33.462) (46.666,33.456) (46.751,33.451) (46.835,33.446) (46.920,33.441) (47.004,33.435) (47.089,33.430) (47.173,33.425) (47.257,33.420) (47.340,33.415) (47.424,33.410) (47.507,33.405) (47.591,33.400) (47.674,33.394) (47.757,33.389) (47.839,33.384) (47.922,33.379) (48.004,33.374) (48.087,33.369) (48.169,33.364) (48.251,33.360) (48.333,33.355) (48.414,33.350) (48.496,33.345) (48.577,33.340) (48.658,33.335) (48.739,33.330) (48.820,33.326) (48.901,33.321) (48.982,33.316) (49.062,33.311) (49.143,33.306) (49.223,33.302) (49.303,33.297) (49.383,33.292) (49.463,33.288) (49.542,33.283) (49.622,33.278) (49.701,33.274) (49.780,33.269) (49.859,33.265) (49.938,33.260) (50.017,33.255) (50.096,33.251) 
(41.544,33.729) (41.641,33.723) (41.738,33.716) (41.834,33.710) (41.931,33.703) (42.027,33.696) (42.123,33.690) (42.218,33.684) (42.313,33.677) (42.408,33.671) (42.503,33.664) (42.598,33.658) (42.692,33.652) (42.786,33.645) (42.880,33.639) (42.973,33.633) (43.067,33.627) (43.160,33.621) (43.253,33.614) (43.345,33.608) (43.438,33.602) (43.530,33.596) (43.622,33.590) (43.713,33.584) (43.805,33.578) (43.896,33.572) (43.987,33.566) (44.078,33.560) (44.169,33.554) (44.259,33.548) (44.349,33.543) (44.439,33.537) (44.529,33.531) (44.618,33.525) (44.708,33.519) (44.797,33.514) (44.886,33.508) (44.974,33.502) (45.063,33.497) (45.151,33.491) (45.239,33.485) (45.327,33.480) (45.415,33.474) (45.502,33.469) (45.590,33.463) (45.677,33.457) (45.764,33.452) (45.850,33.447) (45.937,33.441) (46.023,33.436) (46.110,33.430) (46.196,33.425) (46.281,33.419) (46.367,33.414) (46.452,33.409) (46.538,33.403) (46.623,33.398) (46.708,33.393) (46.793,33.388) (46.877,33.382) (46.962,33.377) (47.046,33.372) (47.130,33.367) (47.214,33.362) (47.298,33.357) (47.381,33.351) (47.465,33.346) (47.548,33.341) (47.631,33.336) (47.714,33.331) (47.797,33.326) (47.879,33.321) (47.962,33.316) (48.044,33.311) (48.126,33.306) (48.208,33.301) (48.290,33.296) (48.372,33.292) (48.453,33.287) (48.535,33.282) (48.616,33.277) (48.697,33.272) (48.778,33.267) (48.859,33.263) (48.939,33.258) (49.020,33.253) (49.100,33.248) (49.180,33.244) (49.260,33.239) (49.340,33.234) (49.420,33.230) (49.500,33.225) (49.579,33.220) (49.659,33.216) (49.738,33.211) (49.817,33.206) (49.896,33.202) (49.975,33.197) (50.053,33.193) (50.132,33.188) 
(41.596,33.664) (41.693,33.658) (41.790,33.651) (41.886,33.645) (41.983,33.638) (42.078,33.632) (42.174,33.625) (42.269,33.619) (42.364,33.612) (42.459,33.606) (42.554,33.600) (42.648,33.593) (42.742,33.587) (42.836,33.581) (42.930,33.575) (43.023,33.568) (43.116,33.562) (43.209,33.556) (43.302,33.550) (43.394,33.544) (43.486,33.538) (43.578,33.532) (43.670,33.526) (43.761,33.520) (43.853,33.514) (43.944,33.508) (44.034,33.502) (44.125,33.496) (44.215,33.490) (44.306,33.484) (44.396,33.478) (44.485,33.473) (44.575,33.467) (44.664,33.461) (44.753,33.455) (44.842,33.450) (44.931,33.444) (45.019,33.438) (45.108,33.433) (45.196,33.427) (45.284,33.421) (45.372,33.416) (45.459,33.410) (45.546,33.405) (45.634,33.399) (45.720,33.394) (45.807,33.388) (45.894,33.383) (45.980,33.377) (46.066,33.372) (46.152,33.367) (46.238,33.361) (46.324,33.356) (46.409,33.351) (46.495,33.345) (46.580,33.340) (46.665,33.335) (46.750,33.329) (46.834,33.324) (46.919,33.319) (47.003,33.314) (47.087,33.309) (47.171,33.304) (47.255,33.298) (47.338,33.293) (47.422,33.288) (47.505,33.283) (47.588,33.278) (47.671,33.273) (47.754,33.268) (47.836,33.263) (47.919,33.258) (48.001,33.253) (48.083,33.248) (48.165,33.243) (48.247,33.238) (48.329,33.233) (48.410,33.229) (48.492,33.224) (48.573,33.219) (48.654,33.214) (48.735,33.209) (48.816,33.204) (48.897,33.200) (48.977,33.195) (49.057,33.190) (49.138,33.186) (49.218,33.181) (49.298,33.176) (49.377,33.171) (49.457,33.167) (49.537,33.162) (49.616,33.158) (49.695,33.153) (49.774,33.148) (49.853,33.144) (49.932,33.139) (50.011,33.135) (50.089,33.130) (50.168,33.126) 
(41.649,33.599) (41.746,33.593) (41.842,33.586) (41.938,33.580) (42.034,33.573) (42.130,33.567) (42.225,33.560) (42.320,33.554) (42.415,33.548) (42.510,33.541) (42.604,33.535) (42.698,33.529) (42.792,33.523) (42.886,33.516) (42.979,33.510) (43.072,33.504) (43.165,33.498) (43.258,33.492) (43.350,33.486) (43.442,33.480) (43.534,33.473) (43.626,33.467) (43.718,33.461) (43.809,33.456) (43.900,33.450) (43.991,33.444) (44.081,33.438) (44.172,33.432) (44.262,33.426) (44.352,33.420) (44.442,33.414) (44.531,33.409) (44.621,33.403) (44.710,33.397) (44.799,33.391) (44.888,33.386) (44.976,33.380) (45.064,33.374) (45.153,33.369) (45.240,33.363) (45.328,33.358) (45.416,33.352) (45.503,33.347) (45.590,33.341) (45.677,33.336) (45.764,33.330) (45.851,33.325) (45.937,33.319) (46.023,33.314) (46.109,33.308) (46.195,33.303) (46.281,33.298) (46.366,33.292) (46.452,33.287) (46.537,33.282) (46.622,33.277) (46.707,33.271) (46.791,33.266) (46.876,33.261) (46.960,33.256) (47.044,33.251) (47.128,33.245) (47.212,33.240) (47.295,33.235) (47.379,33.230) (47.462,33.225) (47.545,33.220) (47.628,33.215) (47.711,33.210) (47.794,33.205) (47.876,33.200) (47.958,33.195) (48.040,33.190) (48.122,33.185) (48.204,33.180) (48.286,33.175) (48.368,33.171) (48.449,33.166) (48.530,33.161) (48.611,33.156) (48.692,33.151) (48.773,33.146) (48.854,33.142) (48.934,33.137) (49.015,33.132) (49.095,33.127) (49.175,33.123) (49.255,33.118) (49.335,33.113) (49.414,33.109) (49.494,33.104) (49.573,33.100) (49.653,33.095) (49.732,33.090) (49.811,33.086) (49.889,33.081) (49.968,33.077) (50.047,33.072) (50.125,33.068) (50.203,33.063) 
(41.701,33.535) (41.798,33.528) (41.894,33.522) (41.990,33.515) (42.085,33.509) (42.181,33.502) (42.276,33.496) (42.371,33.489) (42.466,33.483) (42.560,33.477) (42.654,33.471) (42.748,33.464) (42.842,33.458) (42.935,33.452) (43.028,33.446) (43.121,33.440) (43.214,33.433) (43.306,33.427) (43.398,33.421) (43.490,33.415) (43.582,33.409) (43.674,33.403) (43.765,33.397) (43.856,33.391) (43.947,33.385) (44.038,33.380) (44.128,33.374) (44.218,33.368) (44.308,33.362) (44.398,33.356) (44.488,33.350) (44.577,33.345) (44.666,33.339) (44.755,33.333) (44.844,33.328) (44.933,33.322) (45.021,33.316) (45.109,33.311) (45.197,33.305) (45.285,33.300) (45.372,33.294) (45.460,33.288) (45.547,33.283) (45.634,33.277) (45.721,33.272) (45.807,33.267) (45.894,33.261) (45.980,33.256) (46.066,33.250) (46.152,33.245) (46.238,33.240) (46.323,33.234) (46.408,33.229) (46.494,33.224) (46.579,33.219) (46.663,33.213) (46.748,33.208) (46.832,33.203) (46.917,33.198) (47.001,33.193) (47.085,33.187) (47.169,33.182) (47.252,33.177) (47.336,33.172) (47.419,33.167) (47.502,33.162) (47.585,33.157) (47.668,33.152) (47.751,33.147) (47.833,33.142) (47.915,33.137) (47.998,33.132) (48.080,33.127) (48.161,33.122) (48.243,33.117) (48.325,33.113) (48.406,33.108) (48.487,33.103) (48.568,33.098) (48.649,33.093) (48.730,33.088) (48.811,33.084) (48.891,33.079) (48.972,33.074) (49.052,33.070) (49.132,33.065) (49.212,33.060) (49.292,33.055) (49.372,33.051) (49.451,33.046) (49.531,33.042) (49.610,33.037) (49.689,33.032) (49.768,33.028) (49.847,33.023) (49.925,33.019) (50.004,33.014) (50.082,33.010) (50.161,33.005) (50.239,33.001) 
(41.753,33.470) (41.849,33.463) (41.945,33.457) (42.041,33.450) (42.136,33.444) (42.232,33.438) (42.327,33.431) (42.421,33.425) (42.516,33.419) (42.610,33.412) (42.704,33.406) (42.797,33.400) (42.891,33.394) (42.984,33.388) (43.077,33.381) (43.170,33.375) (43.262,33.369) (43.354,33.363) (43.447,33.357) (43.538,33.351) (43.630,33.345) (43.721,33.339) (43.812,33.333) (43.903,33.327) (43.994,33.321) (44.084,33.316) (44.175,33.310) (44.265,33.304) (44.354,33.298) (44.444,33.292) (44.533,33.287) (44.623,33.281) (44.712,33.275) (44.800,33.270) (44.889,33.264) (44.977,33.258) (45.066,33.253) (45.154,33.247) (45.241,33.241) (45.329,33.236) (45.416,33.230) (45.503,33.225) (45.590,33.219) (45.677,33.214) (45.764,33.209) (45.850,33.203) (45.937,33.198) (46.023,33.192) (46.109,33.187) (46.194,33.182) (46.280,33.176) (46.365,33.171) (46.450,33.166) (46.535,33.161) (46.620,33.155) (46.705,33.150) (46.789,33.145) (46.874,33.140) (46.958,33.135) (47.042,33.129) (47.126,33.124) (47.209,33.119) (47.293,33.114) (47.376,33.109) (47.459,33.104) (47.542,33.099) (47.625,33.094) (47.708,33.089) (47.790,33.084) (47.872,33.079) (47.955,33.074) (48.037,33.069) (48.118,33.064) (48.200,33.059) (48.282,33.055) (48.363,33.050) (48.444,33.045) (48.526,33.040) (48.607,33.035) (48.687,33.031) (48.768,33.026) (48.849,33.021) (48.929,33.016) (49.009,33.012) (49.089,33.007) (49.169,33.002) (49.249,32.998) (49.329,32.993) (49.408,32.988) (49.488,32.984) (49.567,32.979) (49.646,32.975) (49.725,32.970) (49.804,32.965) (49.883,32.961) (49.961,32.956) (50.040,32.952) (50.118,32.947) (50.196,32.943) (50.274,32.939) 
(41.805,33.405) (41.901,33.399) (41.996,33.392) (42.092,33.386) (42.187,33.379) (42.282,33.373) (42.377,33.367) (42.471,33.361) (42.565,33.354) (42.659,33.348) (42.753,33.342) (42.847,33.336) (42.940,33.329) (43.033,33.323) (43.126,33.317) (43.218,33.311) (43.310,33.305) (43.402,33.299) (43.494,33.293) (43.586,33.287) (43.677,33.281) (43.768,33.275) (43.859,33.269) (43.950,33.263) (44.041,33.258) (44.131,33.252) (44.221,33.246) (44.311,33.240) (44.400,33.234) (44.490,33.229) (44.579,33.223) (44.668,33.217) (44.757,33.212) (44.845,33.206) (44.934,33.200) (45.022,33.195) (45.110,33.189) (45.198,33.183) (45.285,33.178) (45.373,33.172) (45.460,33.167) (45.547,33.161) (45.634,33.156) (45.721,33.151) (45.807,33.145) (45.893,33.140) (45.979,33.134) (46.065,33.129) (46.151,33.124) (46.237,33.118) (46.322,33.113) (46.407,33.108) (46.492,33.103) (46.577,33.097) (46.662,33.092) (46.746,33.087) (46.830,33.082) (46.915,33.077) (46.999,33.071) (47.082,33.066) (47.166,33.061) (47.249,33.056) (47.333,33.051) (47.416,33.046) (47.499,33.041) (47.582,33.036) (47.664,33.031) (47.747,33.026) (47.829,33.021) (47.912,33.016) (47.994,33.011) (48.075,33.006) (48.157,33.002) (48.239,32.997) (48.320,32.992) (48.401,32.987) (48.483,32.982) (48.564,32.977) (48.644,32.973) (48.725,32.968) (48.806,32.963) (48.886,32.958) (48.966,32.954) (49.046,32.949) (49.126,32.944) (49.206,32.940) (49.286,32.935) (49.365,32.930) (49.445,32.926) (49.524,32.921) (49.603,32.917) (49.682,32.912) (49.761,32.908) (49.840,32.903) (49.918,32.899) (49.997,32.894) (50.075,32.890) (50.153,32.885) (50.232,32.881) (50.309,32.876) 
(41.856,33.341) (41.952,33.334) (42.047,33.328) (42.143,33.321) (42.238,33.315) (42.332,33.309) (42.427,33.302) (42.521,33.296) (42.615,33.290) (42.709,33.284) (42.802,33.278) (42.896,33.271) (42.989,33.265) (43.081,33.259) (43.174,33.253) (43.266,33.247) (43.358,33.241) (43.450,33.235) (43.542,33.229) (43.633,33.223) (43.724,33.217) (43.815,33.211) (43.906,33.205) (43.997,33.200) (44.087,33.194) (44.177,33.188) (44.267,33.182) (44.356,33.176) (44.446,33.171) (44.535,33.165) (44.624,33.159) (44.713,33.154) (44.802,33.148) (44.890,33.142) (44.978,33.137) (45.066,33.131) (45.154,33.126) (45.242,33.120) (45.329,33.114) (45.416,33.109) (45.503,33.104) (45.590,33.098) (45.677,33.093) (45.763,33.087) (45.850,33.082) (45.936,33.076) (46.022,33.071) (46.108,33.066) (46.193,33.060) (46.278,33.055) (46.364,33.050) (46.449,33.045) (46.534,33.039) (46.618,33.034) (46.703,33.029) (46.787,33.024) (46.871,33.019) (46.955,33.014) (47.039,33.008) (47.123,33.003) (47.206,32.998) (47.290,32.993) (47.373,32.988) (47.456,32.983) (47.539,32.978) (47.621,32.973) (47.704,32.968) (47.786,32.963) (47.868,32.958) (47.950,32.953) (48.032,32.949) (48.114,32.944) (48.196,32.939) (48.277,32.934) (48.358,32.929) (48.440,32.924) (48.521,32.920) (48.601,32.915) (48.682,32.910) (48.763,32.905) (48.843,32.901) (48.923,32.896) (49.003,32.891) (49.083,32.887) (49.163,32.882) (49.243,32.877) (49.323,32.873) (49.402,32.868) (49.481,32.864) (49.560,32.859) (49.639,32.854) (49.718,32.850) (49.797,32.845) (49.876,32.841) (49.954,32.836) (50.032,32.832) (50.111,32.827) (50.189,32.823) (50.267,32.819) (50.344,32.814) 
(41.907,33.276) (42.003,33.270) (42.098,33.263) (42.193,33.257) (42.288,33.251) (42.382,33.244) (42.477,33.238) (42.571,33.232) (42.664,33.226) (42.758,33.220) (42.851,33.213) (42.944,33.207) (43.037,33.201) (43.130,33.195) (43.222,33.189) (43.314,33.183) (43.406,33.177) (43.498,33.171) (43.589,33.165) (43.680,33.159) (43.771,33.153) (43.862,33.147) (43.953,33.142) (44.043,33.136) (44.133,33.130) (44.223,33.124) (44.313,33.118) (44.402,33.113) (44.491,33.107) (44.580,33.101) (44.669,33.096) (44.758,33.090) (44.846,33.084) (44.934,33.079) (45.023,33.073) (45.110,33.068) (45.198,33.062) (45.285,33.057) (45.373,33.051) (45.460,33.046) (45.547,33.040) (45.633,33.035) (45.720,33.029) (45.806,33.024) (45.892,33.019) (45.978,33.013) (46.064,33.008) (46.150,33.003) (46.235,32.997) (46.320,32.992) (46.405,32.987) (46.490,32.982) (46.575,32.976) (46.659,32.971) (46.744,32.966) (46.828,32.961) (46.912,32.956) (46.996,32.951) (47.079,32.946) (47.163,32.941) (47.246,32.935) (47.330,32.930) (47.413,32.925) (47.495,32.920) (47.578,32.915) (47.661,32.910) (47.743,32.906) (47.825,32.901) (47.907,32.896) (47.989,32.891) (48.071,32.886) (48.153,32.881) (48.234,32.876) (48.315,32.871) (48.396,32.867) (48.477,32.862) (48.558,32.857) (48.639,32.852) (48.720,32.848) (48.800,32.843) (48.880,32.838) (48.960,32.834) (49.040,32.829) (49.120,32.824) (49.200,32.820) (49.280,32.815) (49.359,32.810) (49.438,32.806) (49.517,32.801) (49.596,32.797) (49.675,32.792) (49.754,32.788) (49.833,32.783) (49.911,32.779) (49.989,32.774) (50.068,32.770) (50.146,32.765) (50.224,32.761) (50.302,32.756) (50.379,32.752) 
(41.958,33.212) (42.053,33.205) (42.148,33.199) (42.243,33.193) (42.338,33.187) (42.432,33.180) (42.526,33.174) (42.620,33.168) (42.713,33.162) (42.807,33.156) (42.900,33.149) (42.993,33.143) (43.085,33.137) (43.178,33.131) (43.270,33.125) (43.362,33.119) (43.453,33.113) (43.545,33.107) (43.636,33.101) (43.727,33.095) (43.818,33.090) (43.908,33.084) (43.999,33.078) (44.089,33.072) (44.179,33.066) (44.268,33.061) (44.358,33.055) (44.447,33.049) (44.536,33.043) (44.625,33.038) (44.714,33.032) (44.802,33.027) (44.891,33.021) (44.979,33.015) (45.067,33.010) (45.154,33.004) (45.242,32.999) (45.329,32.993) (45.416,32.988) (45.503,32.982) (45.590,32.977) (45.676,32.972) (45.763,32.966) (45.849,32.961) (45.935,32.955) (46.020,32.950) (46.106,32.945) (46.191,32.940) (46.277,32.934) (46.362,32.929) (46.447,32.924) (46.531,32.919) (46.616,32.913) (46.700,32.908) (46.785,32.903) (46.869,32.898) (46.952,32.893) (47.036,32.888) (47.120,32.883) (47.203,32.878) (47.286,32.873) (47.369,32.868) (47.452,32.863) (47.535,32.858) (47.617,32.853) (47.700,32.848) (47.782,32.843) (47.864,32.838) (47.946,32.833) (48.028,32.828) (48.109,32.823) (48.191,32.819) (48.272,32.814) (48.353,32.809) (48.434,32.804) (48.515,32.799) (48.596,32.795) (48.676,32.790) (48.757,32.785) (48.837,32.781) (48.917,32.776) (48.997,32.771) (49.077,32.767) (49.157,32.762) (49.236,32.757) (49.316,32.753) (49.395,32.748) (49.474,32.744) (49.553,32.739) (49.632,32.734) (49.711,32.730) (49.790,32.725) (49.868,32.721) (49.947,32.717) (50.025,32.712) (50.103,32.708) (50.181,32.703) (50.259,32.699) (50.336,32.694) (50.414,32.690) 
(42.008,33.148) (42.103,33.141) (42.198,33.135) (42.293,33.129) (42.387,33.122) (42.481,33.116) (42.575,33.110) (42.669,33.104) (42.762,33.098) (42.855,33.092) (42.948,33.085) (43.041,33.079) (43.133,33.073) (43.225,33.067) (43.317,33.061) (43.409,33.055) (43.500,33.049) (43.592,33.044) (43.683,33.038) (43.774,33.032) (43.864,33.026) (43.955,33.020) (44.045,33.014) (44.135,33.009) (44.224,33.003) (44.314,32.997) (44.403,32.991) (44.492,32.986) (44.581,32.980) (44.670,32.974) (44.758,32.969) (44.847,32.963) (44.935,32.958) (45.023,32.952) (45.110,32.946) (45.198,32.941) (45.285,32.936) (45.372,32.930) (45.459,32.925) (45.546,32.919) (45.632,32.914) (45.719,32.908) (45.805,32.903) (45.891,32.898) (45.977,32.892) (46.062,32.887) (46.148,32.882) (46.233,32.877) (46.318,32.871) (46.403,32.866) (46.488,32.861) (46.572,32.856) (46.657,32.851) (46.741,32.845) (46.825,32.840) (46.909,32.835) (46.993,32.830) (47.076,32.825) (47.160,32.820) (47.243,32.815) (47.326,32.810) (47.409,32.805) (47.491,32.800) (47.574,32.795) (47.656,32.790) (47.739,32.785) (47.821,32.780) (47.903,32.775) (47.984,32.771) (48.066,32.766) (48.148,32.761) (48.229,32.756) (48.310,32.751) (48.391,32.747) (48.472,32.742) (48.553,32.737) (48.633,32.732) (48.714,32.728) (48.794,32.723) (48.874,32.718) (48.954,32.714) (49.034,32.709) (49.114,32.704) (49.193,32.700) (49.273,32.695) (49.352,32.691) (49.431,32.686) (49.510,32.681) (49.589,32.677) (49.668,32.672) (49.747,32.668) (49.825,32.663) (49.903,32.659) (49.982,32.654) (50.060,32.650) (50.138,32.646) (50.216,32.641) (50.293,32.637) (50.371,32.632) (50.448,32.628) 
(42.058,33.083) (42.153,33.077) (42.248,33.071) (42.342,33.065) (42.436,33.058) (42.530,33.052) (42.624,33.046) (42.717,33.040) (42.811,33.034) (42.903,33.028) (42.996,33.022) (43.089,33.016) (43.181,33.010) (43.273,33.004) (43.365,32.998) (43.456,32.992) (43.547,32.986) (43.638,32.980) (43.729,32.974) (43.820,32.968) (43.910,32.962) (44.000,32.957) (44.090,32.951) (44.180,32.945) (44.270,32.939) (44.359,32.934) (44.448,32.928) (44.537,32.922) (44.626,32.917) (44.714,32.911) (44.803,32.905) (44.891,32.900) (44.979,32.894) (45.066,32.889) (45.154,32.883) (45.241,32.878) (45.328,32.872) (45.415,32.867) (45.502,32.861) (45.589,32.856) (45.675,32.851) (45.761,32.845) (45.847,32.840) (45.933,32.835) (46.019,32.829) (46.104,32.824) (46.189,32.819) (46.275,32.814) (46.359,32.808) (46.444,32.803) (46.529,32.798) (46.613,32.793) (46.697,32.788) (46.782,32.783) (46.865,32.778) (46.949,32.772) (47.033,32.767) (47.116,32.762) (47.199,32.757) (47.282,32.752) (47.365,32.747) (47.448,32.742) (47.531,32.737) (47.613,32.733) (47.695,32.728) (47.777,32.723) (47.859,32.718) (47.941,32.713) (48.023,32.708) (48.104,32.703) (48.186,32.698) (48.267,32.694) (48.348,32.689) (48.429,32.684) (48.509,32.679) (48.590,32.675) (48.671,32.670) (48.751,32.665) (48.831,32.661) (48.911,32.656) (48.991,32.651) (49.071,32.647) (49.150,32.642) (49.230,32.638) (49.309,32.633) (49.388,32.628) (49.467,32.624) (49.546,32.619) (49.625,32.615) (49.704,32.610) (49.782,32.606) (49.860,32.601) (49.939,32.597) (50.017,32.593) (50.095,32.588) (50.173,32.584) (50.250,32.579) (50.328,32.575) (50.405,32.571) (50.483,32.566) 
(42.108,33.019) (42.203,33.013) (42.297,33.007) (42.392,33.001) (42.486,32.994) (42.579,32.988) (42.673,32.982) (42.766,32.976) (42.859,32.970) (42.951,32.964) (43.044,32.958) (43.136,32.952) (43.228,32.946) (43.320,32.940) (43.412,32.934) (43.503,32.928) (43.594,32.922) (43.685,32.916) (43.775,32.910) (43.866,32.905) (43.956,32.899) (44.046,32.893) (44.136,32.887) (44.225,32.882) (44.315,32.876) (44.404,32.870) (44.493,32.865) (44.582,32.859) (44.670,32.853) (44.759,32.848) (44.847,32.842) (44.935,32.837) (45.022,32.831) (45.110,32.826) (45.197,32.820) (45.284,32.815) (45.371,32.809) (45.458,32.804) (45.545,32.798) (45.631,32.793) (45.717,32.788) (45.803,32.782) (45.889,32.777) (45.975,32.772) (46.060,32.767) (46.146,32.761) (46.231,32.756) (46.316,32.751) (46.401,32.746) (46.485,32.740) (46.570,32.735) (46.654,32.730) (46.738,32.725) (46.822,32.720) (46.906,32.715) (46.989,32.710) (47.073,32.705) (47.156,32.700) (47.239,32.695) (47.322,32.690) (47.405,32.685) (47.487,32.680) (47.570,32.675) (47.652,32.670) (47.734,32.665) (47.816,32.660) (47.898,32.655) (47.979,32.651) (48.061,32.646) (48.142,32.641) (48.223,32.636) (48.305,32.631) (48.385,32.627) (48.466,32.622) (48.547,32.617) (48.627,32.612) (48.708,32.608) (48.788,32.603) (48.868,32.598) (48.948,32.594) (49.027,32.589) (49.107,32.585) (49.186,32.580) (49.266,32.575) (49.345,32.571) (49.424,32.566) (49.503,32.562) (49.582,32.557) (49.660,32.553) (49.739,32.548) (49.817,32.544) (49.896,32.539) (49.974,32.535) (50.052,32.531) (50.129,32.526) (50.207,32.522) (50.285,32.517) (50.362,32.513) (50.440,32.509) (50.517,32.504) 
(42.158,32.955) (42.252,32.949) (42.347,32.943) (42.441,32.937) (42.534,32.931) (42.628,32.924) (42.721,32.918) (42.814,32.912) (42.907,32.906) (42.999,32.900) (43.091,32.894) (43.184,32.888) (43.275,32.882) (43.367,32.876) (43.458,32.870) (43.549,32.864) (43.640,32.859) (43.731,32.853) (43.821,32.847) (43.912,32.841) (44.002,32.835) (44.092,32.830) (44.181,32.824) (44.271,32.818) (44.360,32.813) (44.449,32.807) (44.537,32.801) (44.626,32.796) (44.714,32.790) (44.803,32.785) (44.891,32.779) (44.978,32.774) (45.066,32.768) (45.153,32.763) (45.240,32.757) (45.327,32.752) (45.414,32.746) (45.501,32.741) (45.587,32.735) (45.673,32.730) (45.760,32.725) (45.845,32.719) (45.931,32.714) (46.017,32.709) (46.102,32.704) (46.187,32.698) (46.272,32.693) (46.357,32.688) (46.441,32.683) (46.526,32.678) (46.610,32.673) (46.694,32.668) (46.778,32.662) (46.862,32.657) (46.945,32.652) (47.029,32.647) (47.112,32.642) (47.195,32.637) (47.278,32.632) (47.361,32.627) (47.444,32.622) (47.526,32.617) (47.608,32.613) (47.690,32.608) (47.772,32.603) (47.854,32.598) (47.936,32.593) (48.017,32.588) (48.099,32.583) (48.180,32.579) (48.261,32.574) (48.342,32.569) (48.423,32.564) (48.503,32.560) (48.584,32.555) (48.664,32.550) (48.744,32.546) (48.824,32.541) (48.904,32.536) (48.984,32.532) (49.064,32.527) (49.143,32.523) (49.223,32.518) (49.302,32.513) (49.381,32.509) (49.460,32.504) (49.539,32.500) (49.617,32.495) (49.696,32.491) (49.774,32.487) (49.852,32.482) (49.930,32.478) (50.008,32.473) (50.086,32.469) (50.164,32.464) (50.242,32.460) (50.319,32.456) (50.396,32.451) (50.474,32.447) (50.551,32.443) 
(42.207,32.891) (42.302,32.885) (42.396,32.879) (42.489,32.873) (42.583,32.867) (42.676,32.861) (42.769,32.855) (42.862,32.849) (42.954,32.842) (43.047,32.836) (43.139,32.831) (43.231,32.825) (43.322,32.819) (43.414,32.813) (43.505,32.807) (43.596,32.801) (43.686,32.795) (43.777,32.789) (43.867,32.784) (43.957,32.778) (44.047,32.772) (44.137,32.766) (44.226,32.761) (44.315,32.755) (44.404,32.749) (44.493,32.744) (44.582,32.738) (44.670,32.733) (44.758,32.727) (44.846,32.721) (44.934,32.716) (45.022,32.710) (45.109,32.705) (45.196,32.700) (45.283,32.694) (45.370,32.689) (45.457,32.683) (45.543,32.678) (45.629,32.673) (45.716,32.667) (45.801,32.662) (45.887,32.657) (45.973,32.651) (46.058,32.646) (46.143,32.641) (46.228,32.636) (46.313,32.631) (46.398,32.625) (46.482,32.620) (46.566,32.615) (46.650,32.610) (46.734,32.605) (46.818,32.600) (46.902,32.595) (46.985,32.590) (47.069,32.585) (47.152,32.580) (47.235,32.575) (47.317,32.570) (47.400,32.565) (47.482,32.560) (47.565,32.555) (47.647,32.550) (47.729,32.545) (47.811,32.540) (47.892,32.536) (47.974,32.531) (48.055,32.526) (48.137,32.521) (48.218,32.517) (48.299,32.512) (48.379,32.507) (48.460,32.502) (48.540,32.498) (48.621,32.493) (48.701,32.488) (48.781,32.484) (48.861,32.479) (48.941,32.474) (49.020,32.470) (49.100,32.465) (49.179,32.461) (49.258,32.456) (49.337,32.452) (49.416,32.447) (49.495,32.443) (49.574,32.438) (49.652,32.434) (49.731,32.429) (49.809,32.425) (49.887,32.420) (49.965,32.416) (50.043,32.411) (50.121,32.407) (50.198,32.403) (50.276,32.398) (50.353,32.394) (50.431,32.390) (50.508,32.385) (50.585,32.381) 
(42.256,32.828) (42.350,32.821) (42.444,32.815) (42.538,32.809) (42.631,32.803) (42.724,32.797) (42.817,32.791) (42.909,32.785) (43.002,32.779) (43.094,32.773) (43.186,32.767) (43.277,32.761) (43.369,32.755) (43.460,32.749) (43.551,32.743) (43.642,32.738) (43.732,32.732) (43.823,32.726) (43.913,32.720) (44.003,32.715) (44.092,32.709) (44.182,32.703) (44.271,32.697) (44.360,32.692) (44.449,32.686) (44.537,32.681) (44.626,32.675) (44.714,32.669) (44.802,32.664) (44.890,32.658) (44.977,32.653) (45.065,32.648) (45.152,32.642) (45.239,32.637) (45.326,32.631) (45.413,32.626) (45.499,32.620) (45.585,32.615) (45.671,32.610) (45.757,32.605) (45.843,32.599) (45.929,32.594) (46.014,32.589) (46.099,32.584) (46.184,32.578) (46.269,32.573) (46.354,32.568) (46.438,32.563) (46.522,32.558) (46.607,32.553) (46.691,32.548) (46.774,32.542) (46.858,32.537) (46.941,32.532) (47.025,32.527) (47.108,32.522) (47.191,32.517) (47.274,32.512) (47.356,32.508) (47.439,32.503) (47.521,32.498) (47.603,32.493) (47.685,32.488) (47.767,32.483) (47.849,32.478) (47.930,32.473) (48.012,32.469) (48.093,32.464) (48.174,32.459) (48.255,32.454) (48.336,32.450) (48.417,32.445) (48.497,32.440) (48.577,32.436) (48.658,32.431) (48.738,32.426) (48.818,32.422) (48.897,32.417) (48.977,32.412) (49.056,32.408) (49.136,32.403) (49.215,32.399) (49.294,32.394) (49.373,32.390) (49.452,32.385) (49.531,32.381) (49.609,32.376) (49.688,32.372) (49.766,32.367) (49.844,32.363) (49.922,32.359) (50.000,32.354) (50.078,32.350) (50.155,32.345) (50.233,32.341) (50.310,32.337) (50.387,32.332) (50.464,32.328) (50.541,32.324) (50.618,32.320) 
(42.305,32.764) (42.399,32.758) (42.493,32.752) (42.586,32.746) (42.679,32.739) (42.772,32.733) (42.864,32.727) (42.957,32.721) (43.049,32.715) (43.141,32.709) (43.233,32.704) (43.324,32.698) (43.415,32.692) (43.506,32.686) (43.597,32.680) (43.688,32.674) (43.778,32.669) (43.868,32.663) (43.958,32.657) (44.048,32.651) (44.137,32.646) (44.226,32.640) (44.315,32.634) (44.404,32.629) (44.493,32.623) (44.581,32.618) (44.670,32.612) (44.758,32.607) (44.845,32.601) (44.933,32.596) (45.021,32.590) (45.108,32.585) (45.195,32.579) (45.282,32.574) (45.368,32.568) (45.455,32.563) (45.541,32.558) (45.627,32.552) (45.713,32.547) (45.799,32.542) (45.885,32.537) (45.970,32.531) (46.055,32.526) (46.140,32.521) (46.225,32.516) (46.310,32.511) (46.394,32.505) (46.479,32.500) (46.563,32.495) (46.647,32.490) (46.730,32.485) (46.814,32.480) (46.898,32.475) (46.981,32.470) (47.064,32.465) (47.147,32.460) (47.230,32.455) (47.313,32.450) (47.395,32.445) (47.477,32.440) (47.560,32.435) (47.642,32.431) (47.723,32.426) (47.805,32.421) (47.887,32.416) (47.968,32.411) (48.049,32.407) (48.131,32.402) (48.211,32.397) (48.292,32.392) (48.373,32.388) (48.453,32.383) (48.534,32.378) (48.614,32.374) (48.694,32.369) (48.774,32.364) (48.854,32.360) (48.934,32.355) (49.013,32.351) (49.092,32.346) (49.172,32.341) (49.251,32.337) (49.330,32.332) (49.409,32.328) (49.487,32.323) (49.566,32.319) (49.644,32.315) (49.722,32.310) (49.801,32.306) (49.879,32.301) (49.957,32.297) (50.034,32.293) (50.112,32.288) (50.189,32.284) (50.267,32.280) (50.344,32.275) (50.421,32.271) (50.498,32.267) (50.575,32.262) (50.652,32.258) 
(42.354,32.700) (42.447,32.694) (42.541,32.688) (42.634,32.682) (42.727,32.676) (42.819,32.670) (42.912,32.664) (43.004,32.658) (43.096,32.652) (43.188,32.646) (43.279,32.640) (43.370,32.634) (43.461,32.629) (43.552,32.623) (43.643,32.617) (43.733,32.611) (43.823,32.605) (43.913,32.600) (44.003,32.594) (44.092,32.588) (44.182,32.583) (44.271,32.577) (44.360,32.571) (44.448,32.566) (44.537,32.560) (44.625,32.555) (44.713,32.549) (44.801,32.544) (44.889,32.538) (44.976,32.533) (45.063,32.527) (45.151,32.522) (45.237,32.516) (45.324,32.511) (45.411,32.506) (45.497,32.500) (45.583,32.495) (45.669,32.490) (45.755,32.484) (45.840,32.479) (45.926,32.474) (46.011,32.469) (46.096,32.464) (46.181,32.458) (46.266,32.453) (46.350,32.448) (46.435,32.443) (46.519,32.438) (46.603,32.433) (46.687,32.428) (46.770,32.423) (46.854,32.418) (46.937,32.413) (47.020,32.408) (47.103,32.403) (47.186,32.398) (47.269,32.393) (47.351,32.388) (47.434,32.383) (47.516,32.378) (47.598,32.373) (47.680,32.369) (47.761,32.364) (47.843,32.359) (47.924,32.354) (48.006,32.349) (48.087,32.345) (48.168,32.340) (48.249,32.335) (48.329,32.330) (48.410,32.326) (48.490,32.321) (48.570,32.316) (48.651,32.312) (48.731,32.307) (48.810,32.303) (48.890,32.298) (48.970,32.293) (49.049,32.289) (49.128,32.284) (49.207,32.280) (49.286,32.275) (49.365,32.271) (49.444,32.266) (49.522,32.262) (49.601,32.257) (49.679,32.253) (49.757,32.249) (49.835,32.244) (49.913,32.240) (49.991,32.235) (50.069,32.231) (50.146,32.227) (50.223,32.222) (50.301,32.218) (50.378,32.214) (50.455,32.209) (50.532,32.205) (50.609,32.201) (50.685,32.197) 
(42.402,32.637) (42.495,32.631) (42.588,32.625) (42.681,32.619) (42.774,32.613) (42.867,32.607) (42.959,32.601) (43.051,32.595) (43.142,32.589) (43.234,32.583) (43.325,32.577) (43.416,32.571) (43.507,32.565) (43.598,32.560) (43.688,32.554) (43.778,32.548) (43.868,32.542) (43.958,32.537) (44.048,32.531) (44.137,32.525) (44.226,32.520) (44.315,32.514) (44.404,32.508) (44.492,32.503) (44.581,32.497) (44.669,32.492) (44.757,32.486) (44.844,32.481) (44.932,32.475) (45.019,32.470) (45.106,32.465) (45.193,32.459) (45.280,32.454) (45.366,32.448) (45.453,32.443) (45.539,32.438) (45.625,32.432) (45.711,32.427) (45.796,32.422) (45.882,32.417) (45.967,32.412) (46.052,32.406) (46.137,32.401) (46.222,32.396) (46.306,32.391) (46.390,32.386) (46.475,32.381) (46.559,32.376) (46.643,32.371) (46.726,32.365) (46.810,32.360) (46.893,32.355) (46.976,32.350) (47.059,32.346) (47.142,32.341) (47.225,32.336) (47.307,32.331) (47.390,32.326) (47.472,32.321) (47.554,32.316) (47.636,32.311) (47.718,32.306) (47.799,32.302) (47.881,32.297) (47.962,32.292) (48.043,32.287) (48.124,32.283) (48.205,32.278) (48.286,32.273) (48.366,32.269) (48.447,32.264) (48.527,32.259) (48.607,32.255) (48.687,32.250) (48.767,32.245) (48.846,32.241) (48.926,32.236) (49.005,32.232) (49.085,32.227) (49.164,32.223) (49.243,32.218) (49.322,32.214) (49.400,32.209) (49.479,32.205) (49.557,32.200) (49.636,32.196) (49.714,32.191) (49.792,32.187) (49.870,32.183) (49.947,32.178) (50.025,32.174) (50.103,32.170) (50.180,32.165) (50.257,32.161) (50.334,32.157) (50.411,32.152) (50.488,32.148) (50.565,32.144) (50.642,32.140) (50.718,32.135) 
(42.450,32.573) (42.543,32.567) (42.636,32.561) (42.729,32.555) (42.821,32.549) (42.914,32.543) (43.006,32.537) (43.097,32.531) (43.189,32.526) (43.280,32.520) (43.371,32.514) (43.462,32.508) (43.553,32.502) (43.643,32.496) (43.733,32.491) (43.823,32.485) (43.913,32.479) (44.003,32.474) (44.092,32.468) (44.181,32.462) (44.270,32.457) (44.359,32.451) (44.448,32.446) (44.536,32.440) (44.624,32.435) (44.712,32.429) (44.800,32.424) (44.887,32.418) (44.974,32.413) (45.062,32.407) (45.149,32.402) (45.235,32.396) (45.322,32.391) (45.408,32.386) (45.494,32.381) (45.580,32.375) (45.666,32.370) (45.752,32.365) (45.837,32.359) (45.923,32.354) (46.008,32.349) (46.093,32.344) (46.177,32.339) (46.262,32.334) (46.346,32.329) (46.431,32.323) (46.515,32.318) (46.598,32.313) (46.682,32.308) (46.766,32.303) (46.849,32.298) (46.932,32.293) (47.015,32.288) (47.098,32.283) (47.181,32.278) (47.263,32.274) (47.346,32.269) (47.428,32.264) (47.510,32.259) (47.592,32.254) (47.674,32.249) (47.755,32.244) (47.837,32.240) (47.918,32.235) (47.999,32.230) (48.080,32.225) (48.161,32.221) (48.242,32.216) (48.322,32.211) (48.403,32.207) (48.483,32.202) (48.563,32.197) (48.643,32.193) (48.723,32.188) (48.803,32.184) (48.882,32.179) (48.962,32.175) (49.041,32.170) (49.120,32.165) (49.199,32.161) (49.278,32.156) (49.357,32.152) (49.435,32.148) (49.514,32.143) (49.592,32.139) (49.670,32.134) (49.748,32.130) (49.826,32.126) (49.904,32.121) (49.982,32.117) (50.059,32.112) (50.137,32.108) (50.214,32.104) (50.291,32.100) (50.368,32.095) (50.445,32.091) (50.522,32.087) (50.598,32.083) (50.675,32.078) (50.751,32.074) 
(42.498,32.510) (42.591,32.504) (42.683,32.498) (42.776,32.492) (42.868,32.486) (42.960,32.480) (43.052,32.474) (43.144,32.468) (43.235,32.462) (43.326,32.457) (43.417,32.451) (43.508,32.445) (43.598,32.439) (43.688,32.433) (43.778,32.428) (43.868,32.422) (43.958,32.416) (44.047,32.411) (44.136,32.405) (44.225,32.399) (44.314,32.394) (44.403,32.388) (44.491,32.383) (44.579,32.377) (44.667,32.372) (44.755,32.366) (44.843,32.361) (44.930,32.355) (45.017,32.350) (45.104,32.345) (45.191,32.339) (45.277,32.334) (45.364,32.329) (45.450,32.323) (45.536,32.318) (45.622,32.313) (45.708,32.308) (45.793,32.302) (45.878,32.297) (45.963,32.292) (46.048,32.287) (46.133,32.282) (46.218,32.276) (46.302,32.271) (46.386,32.266) (46.470,32.261) (46.554,32.256) (46.638,32.251) (46.722,32.246) (46.805,32.241) (46.888,32.236) (46.971,32.231) (47.054,32.226) (47.137,32.221) (47.219,32.216) (47.302,32.212) (47.384,32.207) (47.466,32.202) (47.548,32.197) (47.630,32.192) (47.712,32.187) (47.793,32.183) (47.874,32.178) (47.956,32.173) (48.037,32.168) (48.117,32.164) (48.198,32.159) (48.279,32.154) (48.359,32.150) (48.439,32.145) (48.520,32.140) (48.600,32.136) (48.679,32.131) (48.759,32.127) (48.839,32.122) (48.918,32.117) (48.997,32.113) (49.076,32.108) (49.155,32.104) (49.234,32.099) (49.313,32.095) (49.392,32.091) (49.470,32.086) (49.548,32.082) (49.627,32.077) (49.705,32.073) (49.783,32.068) (49.860,32.064) (49.938,32.060) (50.016,32.055) (50.093,32.051) (50.170,32.047) (50.248,32.043) (50.325,32.038) (50.402,32.034) (50.478,32.030) (50.555,32.026) (50.632,32.021) (50.708,32.017) (50.784,32.013) 
(42.545,32.447) (42.638,32.441) (42.730,32.435) (42.823,32.429) (42.915,32.423) (43.007,32.417) (43.098,32.411) (43.190,32.405) (43.281,32.399) (43.372,32.394) (43.463,32.388) (43.553,32.382) (43.643,32.376) (43.733,32.371) (43.823,32.365) (43.913,32.359) (44.002,32.354) (44.092,32.348) (44.181,32.342) (44.269,32.337) (44.358,32.331) (44.446,32.326) (44.534,32.320) (44.622,32.315) (44.710,32.309) (44.798,32.304) (44.885,32.298) (44.972,32.293) (45.059,32.288) (45.146,32.282) (45.233,32.277) (45.319,32.271) (45.405,32.266) (45.492,32.261) (45.577,32.256) (45.663,32.250) (45.749,32.245) (45.834,32.240) (45.919,32.235) (46.004,32.230) (46.089,32.224) (46.173,32.219) (46.258,32.214) (46.342,32.209) (46.426,32.204) (46.510,32.199) (46.594,32.194) (46.677,32.189) (46.761,32.184) (46.844,32.179) (46.927,32.174) (47.010,32.169) (47.093,32.164) (47.175,32.159) (47.258,32.154) (47.340,32.150) (47.422,32.145) (47.504,32.140) (47.586,32.135) (47.668,32.130) (47.749,32.126) (47.830,32.121) (47.912,32.116) (47.993,32.111) (48.074,32.107) (48.154,32.102) (48.235,32.097) (48.315,32.093) (48.396,32.088) (48.476,32.083) (48.556,32.079) (48.636,32.074) (48.715,32.070) (48.795,32.065) (48.874,32.060) (48.954,32.056) (49.033,32.051) (49.112,32.047) (49.191,32.042) (49.269,32.038) (49.348,32.034) (49.427,32.029) (49.505,32.025) (49.583,32.020) (49.661,32.016) (49.739,32.012) (49.817,32.007) (49.895,32.003) (49.972,31.998) (50.050,31.994) (50.127,31.990) (50.204,31.986) (50.281,31.981) (50.358,31.977) (50.435,31.973) (50.511,31.969) (50.588,31.964) (50.664,31.960) (50.741,31.956) (50.817,31.952) 
(42.592,32.383) (42.685,32.378) (42.777,32.372) (42.869,32.366) (42.961,32.360) (43.053,32.354) (43.144,32.348) (43.236,32.342) (43.327,32.336) (43.417,32.331) (43.508,32.325) (43.598,32.319) (43.688,32.313) (43.778,32.308) (43.868,32.302) (43.957,32.296) (44.046,32.291) (44.136,32.285) (44.224,32.280) (44.313,32.274) (44.401,32.269) (44.490,32.263) (44.578,32.258) (44.665,32.252) (44.753,32.247) (44.840,32.241) (44.928,32.236) (45.015,32.230) (45.102,32.225) (45.188,32.220) (45.275,32.214) (45.361,32.209) (45.447,32.204) (45.533,32.199) (45.619,32.193) (45.704,32.188) (45.789,32.183) (45.875,32.178) (45.960,32.173) (46.044,32.167) (46.129,32.162) (46.213,32.157) (46.298,32.152) (46.382,32.147) (46.466,32.142) (46.550,32.137) (46.633,32.132) (46.717,32.127) (46.800,32.122) (46.883,32.117) (46.966,32.112) (47.049,32.107) (47.131,32.102) (47.214,32.097) (47.296,32.093) (47.378,32.088) (47.460,32.083) (47.542,32.078) (47.624,32.073) (47.705,32.069) (47.786,32.064) (47.868,32.059) (47.949,32.054) (48.030,32.050) (48.110,32.045) (48.191,32.040) (48.271,32.036) (48.352,32.031) (48.432,32.026) (48.512,32.022) (48.592,32.017) (48.671,32.013) (48.751,32.008) (48.831,32.003) (48.910,31.999) (48.989,31.994) (49.068,31.990) (49.147,31.985) (49.226,31.981) (49.304,31.977) (49.383,31.972) (49.461,31.968) (49.539,31.963) (49.617,31.959) (49.695,31.955) (49.773,31.950) (49.851,31.946) (49.929,31.942) (50.006,31.937) (50.083,31.933) (50.160,31.929) (50.238,31.924) (50.314,31.920) (50.391,31.916) (50.468,31.912) (50.544,31.907) (50.621,31.903) (50.697,31.899) (50.773,31.895) (50.850,31.891) 
(42.639,32.320) (42.732,32.314) (42.824,32.309) (42.916,32.303) (43.007,32.297) (43.099,32.291) (43.190,32.285) (43.281,32.279) (43.372,32.273) (43.463,32.268) (43.553,32.262) (43.643,32.256) (43.733,32.251) (43.823,32.245) (43.912,32.239) (44.001,32.234) (44.090,32.228) (44.179,32.223) (44.268,32.217) (44.356,32.211) (44.445,32.206) (44.533,32.200) (44.620,32.195) (44.708,32.190) (44.796,32.184) (44.883,32.179) (44.970,32.173) (45.057,32.168) (45.143,32.163) (45.230,32.157) (45.316,32.152) (45.402,32.147) (45.488,32.142) (45.574,32.136) (45.659,32.131) (45.745,32.126) (45.830,32.121) (45.915,32.116) (46.000,32.110) (46.085,32.105) (46.169,32.100) (46.253,32.095) (46.337,32.090) (46.421,32.085) (46.505,32.080) (46.589,32.075) (46.672,32.070) (46.756,32.065) (46.839,32.060) (46.922,32.055) (47.004,32.050) (47.087,32.045) (47.170,32.041) (47.252,32.036) (47.334,32.031) (47.416,32.026) (47.498,32.021) (47.579,32.016) (47.661,32.012) (47.742,32.007) (47.824,32.002) (47.905,31.997) (47.986,31.993) (48.066,31.988) (48.147,31.983) (48.227,31.979) (48.308,31.974) (48.388,31.969) (48.468,31.965) (48.548,31.960) (48.628,31.956) (48.707,31.951) (48.787,31.947) (48.866,31.942) (48.945,31.938) (49.024,31.933) (49.103,31.929) (49.182,31.924) (49.261,31.920) (49.339,31.915) (49.417,31.911) (49.496,31.906) (49.574,31.902) (49.652,31.898) (49.730,31.893) (49.807,31.889) (49.885,31.885) (49.962,31.880) (50.040,31.876) (50.117,31.872) (50.194,31.868) (50.271,31.863) (50.348,31.859) (50.424,31.855) (50.501,31.851) (50.577,31.846) (50.654,31.842) (50.730,31.838) (50.806,31.834) (50.882,31.830) 
(42.686,32.257) (42.778,32.251) (42.870,32.246) (42.962,32.240) (43.053,32.234) (43.145,32.228) (43.236,32.222) (43.326,32.216) (43.417,32.211) (43.507,32.205) (43.598,32.199) (43.688,32.194) (43.777,32.188) (43.867,32.182) (43.956,32.177) (44.045,32.171) (44.134,32.166) (44.223,32.160) (44.311,32.154) (44.400,32.149) (44.488,32.143) (44.576,32.138) (44.663,32.133) (44.751,32.127) (44.838,32.122) (44.925,32.116) (45.012,32.111) (45.099,32.106) (45.185,32.100) (45.271,32.095) (45.358,32.090) (45.443,32.085) (45.529,32.079) (45.615,32.074) (45.700,32.069) (45.785,32.064) (45.870,32.059) (45.955,32.053) (46.040,32.048) (46.124,32.043) (46.209,32.038) (46.293,32.033) (46.377,32.028) (46.461,32.023) (46.544,32.018) (46.628,32.013) (46.711,32.008) (46.794,32.003) (46.877,31.998) (46.960,31.993) (47.043,31.988) (47.125,31.984) (47.208,31.979) (47.290,31.974) (47.372,31.969) (47.454,31.964) (47.535,31.959) (47.617,31.955) (47.698,31.950) (47.780,31.945) (47.861,31.941) (47.942,31.936) (48.022,31.931) (48.103,31.926) (48.183,31.922) (48.264,31.917) (48.344,31.913) (48.424,31.908) (48.504,31.903) (48.584,31.899) (48.663,31.894) (48.743,31.890) (48.822,31.885) (48.901,31.881) (48.980,31.876) (49.059,31.872) (49.138,31.867) (49.217,31.863) (49.295,31.858) (49.374,31.854) (49.452,31.850) (49.530,31.845) (49.608,31.841) (49.686,31.837) (49.764,31.832) (49.841,31.828) (49.919,31.824) (49.996,31.819) (50.073,31.815) (50.150,31.811) (50.227,31.807) (50.304,31.802) (50.381,31.798) (50.457,31.794) (50.534,31.790) (50.610,31.785) (50.686,31.781) (50.762,31.777) (50.838,31.773) (50.914,31.769) 
(42.732,32.194) (42.824,32.189) (42.916,32.183) (43.008,32.177) (43.099,32.171) (43.190,32.165) (43.281,32.159) (43.372,32.154) (43.462,32.148) (43.552,32.142) (43.642,32.137) (43.732,32.131) (43.822,32.125) (43.911,32.120) (44.000,32.114) (44.089,32.109) (44.178,32.103) (44.266,32.097) (44.354,32.092) (44.443,32.087) (44.530,32.081) (44.618,32.076) (44.706,32.070) (44.793,32.065) (44.880,32.059) (44.967,32.054) (45.054,32.049) (45.140,32.043) (45.227,32.038) (45.313,32.033) (45.399,32.028) (45.484,32.022) (45.570,32.017) (45.655,32.012) (45.741,32.007) (45.826,32.002) (45.911,31.997) (45.995,31.991) (46.080,31.986) (46.164,31.981) (46.248,31.976) (46.332,31.971) (46.416,31.966) (46.500,31.961) (46.583,31.956) (46.667,31.951) (46.750,31.946) (46.833,31.941) (46.916,31.936) (46.998,31.932) (47.081,31.927) (47.163,31.922) (47.245,31.917) (47.328,31.912) (47.409,31.907) (47.491,31.903) (47.573,31.898) (47.654,31.893) (47.735,31.888) (47.816,31.884) (47.897,31.879) (47.978,31.874) (48.059,31.870) (48.139,31.865) (48.220,31.860) (48.300,31.856) (48.380,31.851) (48.460,31.847) (48.540,31.842) (48.619,31.837) (48.699,31.833) (48.778,31.828) (48.857,31.824) (48.936,31.819) (49.015,31.815) (49.094,31.811) (49.173,31.806) (49.251,31.802) (49.330,31.797) (49.408,31.793) (49.486,31.788) (49.564,31.784) (49.642,31.780) (49.720,31.775) (49.797,31.771) (49.875,31.767) (49.952,31.763) (50.029,31.758) (50.106,31.754) (50.183,31.750) (50.260,31.746) (50.337,31.741) (50.414,31.737) (50.490,31.733) (50.566,31.729) (50.643,31.725) (50.719,31.720) (50.795,31.716) (50.871,31.712) (50.946,31.708) 
(42.779,32.132) (42.870,32.126) (42.962,32.120) (43.053,32.114) (43.144,32.108) (43.235,32.103) (43.326,32.097) (43.416,32.091) (43.507,32.085) (43.597,32.080) (43.687,32.074) (43.776,32.068) (43.865,32.063) (43.955,32.057) (44.044,32.052) (44.132,32.046) (44.221,32.041) (44.309,32.035) (44.397,32.030) (44.485,32.024) (44.573,32.019) (44.661,32.013) (44.748,32.008) (44.835,32.003) (44.922,31.997) (45.009,31.992) (45.095,31.987) (45.182,31.981) (45.268,31.976) (45.354,31.971) (45.440,31.966) (45.525,31.960) (45.611,31.955) (45.696,31.950) (45.781,31.945) (45.866,31.940) (45.951,31.935) (46.035,31.930) (46.120,31.924) (46.204,31.919) (46.288,31.914) (46.372,31.909) (46.455,31.904) (46.539,31.899) (46.622,31.894) (46.705,31.890) (46.788,31.885) (46.871,31.880) (46.954,31.875) (47.037,31.870) (47.119,31.865) (47.201,31.860) (47.283,31.855) (47.365,31.851) (47.447,31.846) (47.528,31.841) (47.610,31.836) (47.691,31.832) (47.772,31.827) (47.853,31.822) (47.934,31.818) (48.015,31.813) (48.095,31.808) (48.176,31.804) (48.256,31.799) (48.336,31.794) (48.416,31.790) (48.496,31.785) (48.575,31.781) (48.655,31.776) (48.734,31.772) (48.813,31.767) (48.892,31.763) (48.971,31.758) (49.050,31.754) (49.129,31.749) (49.207,31.745) (49.286,31.741) (49.364,31.736) (49.442,31.732) (49.520,31.727) (49.598,31.723) (49.676,31.719) (49.753,31.714) (49.831,31.710) (49.908,31.706) (49.986,31.702) (50.063,31.697) (50.140,31.693) (50.216,31.689) (50.293,31.685) (50.370,31.680) (50.446,31.676) (50.523,31.672) (50.599,31.668) (50.675,31.664) (50.751,31.660) (50.827,31.656) (50.903,31.651) (50.978,31.647) 
(42.824,32.069) (42.916,32.063) (43.007,32.057) (43.099,32.051) (43.190,32.046) (43.280,32.040) (43.371,32.034) (43.461,32.028) (43.551,32.023) (43.641,32.017) (43.731,32.012) (43.820,32.006) (43.909,32.000) (43.998,31.995) (44.087,31.989) (44.176,31.984) (44.264,31.978) (44.352,31.973) (44.440,31.967) (44.528,31.962) (44.615,31.956) (44.703,31.951) (44.790,31.946) (44.877,31.940) (44.964,31.935) (45.050,31.930) (45.137,31.924) (45.223,31.919) (45.309,31.914) (45.395,31.909) (45.480,31.904) (45.566,31.898) (45.651,31.893) (45.736,31.888) (45.821,31.883) (45.906,31.878) (45.991,31.873) (46.075,31.868) (46.159,31.863) (46.243,31.858) (46.327,31.853) (46.411,31.848) (46.494,31.843) (46.578,31.838) (46.661,31.833) (46.744,31.828) (46.827,31.823) (46.910,31.818) (46.992,31.813) (47.074,31.808) (47.157,31.804) (47.239,31.799) (47.321,31.794) (47.402,31.789) (47.484,31.784) (47.565,31.780) (47.647,31.775) (47.728,31.770) (47.809,31.766) (47.890,31.761) (47.970,31.756) (48.051,31.752) (48.131,31.747) (48.212,31.742) (48.292,31.738) (48.372,31.733) (48.451,31.729) (48.531,31.724) (48.611,31.719) (48.690,31.715) (48.769,31.710) (48.848,31.706) (48.927,31.702) (49.006,31.697) (49.085,31.693) (49.163,31.688) (49.242,31.684) (49.320,31.679) (49.398,31.675) (49.476,31.671) (49.554,31.666) (49.632,31.662) (49.710,31.658) (49.787,31.653) (49.864,31.649) (49.942,31.645) (50.019,31.641) (50.096,31.636) (50.173,31.632) (50.249,31.628) (50.326,31.624) (50.403,31.620) (50.479,31.615) (50.555,31.611) (50.631,31.607) (50.707,31.603) (50.783,31.599) (50.859,31.595) (50.935,31.591) (51.010,31.587) 
(42.870,32.006) (42.962,32.000) (43.053,31.995) (43.144,31.989) (43.235,31.983) (43.325,31.977) (43.415,31.972) (43.505,31.966) (43.595,31.960) (43.685,31.955) (43.774,31.949) (43.864,31.944) (43.953,31.938) (44.042,31.932) (44.130,31.927) (44.219,31.921) (44.307,31.916) (44.395,31.911) (44.482,31.905) (44.570,31.900) (44.657,31.894) (44.745,31.889) (44.832,31.884) (44.919,31.878) (45.005,31.873) (45.092,31.868) (45.178,31.862) (45.264,31.857) (45.350,31.852) (45.435,31.847) (45.521,31.842) (45.606,31.836) (45.691,31.831) (45.776,31.826) (45.861,31.821) (45.946,31.816) (46.030,31.811) (46.114,31.806) (46.198,31.801) (46.282,31.796) (46.366,31.791) (46.450,31.786) (46.533,31.781) (46.616,31.776) (46.699,31.771) (46.782,31.766) (46.865,31.761) (46.948,31.756) (47.030,31.752) (47.112,31.747) (47.194,31.742) (47.276,31.737) (47.358,31.732) (47.440,31.728) (47.521,31.723) (47.602,31.718) (47.684,31.714) (47.765,31.709) (47.845,31.704) (47.926,31.700) (48.007,31.695) (48.087,31.690) (48.167,31.686) (48.247,31.681) (48.327,31.676) (48.407,31.672) (48.487,31.667) (48.567,31.663) (48.646,31.658) (48.725,31.654) (48.804,31.649) (48.883,31.645) (48.962,31.640) (49.041,31.636) (49.119,31.632) (49.198,31.627) (49.276,31.623) (49.354,31.618) (49.432,31.614) (49.510,31.610) (49.588,31.605) (49.666,31.601) (49.743,31.597) (49.821,31.593) (49.898,31.588) (49.975,31.584) (50.052,31.580) (50.129,31.576) (50.206,31.571) (50.282,31.567) (50.359,31.563) (50.435,31.559) (50.511,31.555) (50.587,31.551) (50.663,31.546) (50.739,31.542) (50.815,31.538) (50.891,31.534) (50.966,31.530) (51.042,31.526) 
(42.916,31.944) (43.007,31.938) (43.098,31.932) (43.189,31.926) (43.279,31.921) (43.370,31.915) (43.460,31.909) (43.550,31.904) (43.639,31.898) (43.729,31.892) (43.818,31.887) (43.907,31.881) (43.996,31.876) (44.085,31.870) (44.173,31.865) (44.261,31.859) (44.349,31.854) (44.437,31.848) (44.525,31.843) (44.612,31.838) (44.699,31.832) (44.786,31.827) (44.873,31.822) (44.960,31.816) (45.046,31.811) (45.133,31.806) (45.219,31.801) (45.305,31.795) (45.390,31.790) (45.476,31.785) (45.561,31.780) (45.646,31.775) (45.731,31.770) (45.816,31.764) (45.901,31.759) (45.985,31.754) (46.070,31.749) (46.154,31.744) (46.238,31.739) (46.321,31.734) (46.405,31.729) (46.488,31.724) (46.572,31.719) (46.655,31.714) (46.738,31.710) (46.820,31.705) (46.903,31.700) (46.985,31.695) (47.068,31.690) (47.150,31.685) (47.232,31.681) (47.314,31.676) (47.395,31.671) (47.477,31.666) (47.558,31.662) (47.639,31.657) (47.720,31.652) (47.801,31.648) (47.882,31.643) (47.962,31.638) (48.043,31.634) (48.123,31.629) (48.203,31.624) (48.283,31.620) (48.363,31.615) (48.443,31.611) (48.522,31.606) (48.602,31.602) (48.681,31.597) (48.760,31.593) (48.839,31.588) (48.918,31.584) (48.997,31.579) (49.075,31.575) (49.154,31.571) (49.232,31.566) (49.310,31.562) (49.388,31.558) (49.466,31.553) (49.544,31.549) (49.622,31.545) (49.699,31.540) (49.777,31.536) (49.854,31.532) (49.931,31.528) (50.008,31.523) (50.085,31.519) (50.162,31.515) (50.238,31.511) (50.315,31.506) (50.391,31.502) (50.467,31.498) (50.544,31.494) (50.620,31.490) (50.696,31.486) (50.771,31.482) (50.847,31.478) (50.923,31.474) (50.998,31.470) (51.073,31.465) 
(42.961,31.881) (43.052,31.875) (43.143,31.870) (43.233,31.864) (43.324,31.858) (43.414,31.853) (43.504,31.847) (43.594,31.841) (43.683,31.836) (43.772,31.830) (43.861,31.825) (43.950,31.819) (44.039,31.813) (44.127,31.808) (44.216,31.803) (44.304,31.797) (44.392,31.792) (44.479,31.786) (44.567,31.781) (44.654,31.776) (44.741,31.770) (44.828,31.765) (44.915,31.760) (45.001,31.754) (45.087,31.749) (45.174,31.744) (45.259,31.739) (45.345,31.733) (45.431,31.728) (45.516,31.723) (45.601,31.718) (45.686,31.713) (45.771,31.708) (45.856,31.703) (45.940,31.698) (46.025,31.693) (46.109,31.688) (46.193,31.683) (46.276,31.678) (46.360,31.673) (46.444,31.668) (46.527,31.663) (46.610,31.658) (46.693,31.653) (46.776,31.648) (46.858,31.643) (46.941,31.638) (47.023,31.634) (47.105,31.629) (47.187,31.624) (47.269,31.619) (47.351,31.614) (47.432,31.610) (47.513,31.605) (47.595,31.600) (47.676,31.596) (47.757,31.591) (47.837,31.586) (47.918,31.582) (47.998,31.577) (48.079,31.572) (48.159,31.568) (48.239,31.563) (48.319,31.559) (48.398,31.554) (48.478,31.550) (48.557,31.545) (48.637,31.541) (48.716,31.536) (48.795,31.532) (48.874,31.527) (48.953,31.523) (49.031,31.519) (49.110,31.514) (49.188,31.510) (49.266,31.505) (49.344,31.501) (49.422,31.497) (49.500,31.492) (49.578,31.488) (49.655,31.484) (49.733,31.480) (49.810,31.475) (49.887,31.471) (49.964,31.467) (50.041,31.463) (50.118,31.458) (50.194,31.454) (50.271,31.450) (50.347,31.446) (50.424,31.442) (50.500,31.438) (50.576,31.433) (50.652,31.429) (50.727,31.425) (50.803,31.421) (50.879,31.417) (50.954,31.413) (51.029,31.409) (51.105,31.405) 
(43.006,31.819) (43.097,31.813) (43.187,31.807) (43.278,31.802) (43.368,31.796) (43.458,31.790) (43.548,31.785) (43.637,31.779) (43.727,31.773) (43.816,31.768) (43.905,31.762) (43.993,31.757) (44.082,31.751) (44.170,31.746) (44.258,31.740) (44.346,31.735) (44.434,31.730) (44.521,31.724) (44.609,31.719) (44.696,31.714) (44.783,31.708) (44.869,31.703) (44.956,31.698) (45.042,31.692) (45.128,31.687) (45.214,31.682) (45.300,31.677) (45.386,31.672) (45.471,31.667) (45.556,31.661) (45.641,31.656) (45.726,31.651) (45.811,31.646) (45.895,31.641) (45.980,31.636) (46.064,31.631) (46.148,31.626) (46.232,31.621) (46.315,31.616) (46.399,31.611) (46.482,31.606) (46.565,31.601) (46.648,31.596) (46.731,31.592) (46.814,31.587) (46.896,31.582) (46.978,31.577) (47.060,31.572) (47.142,31.567) (47.224,31.563) (47.306,31.558) (47.388,31.553) (47.469,31.548) (47.550,31.544) (47.631,31.539) (47.712,31.534) (47.793,31.530) (47.873,31.525) (47.954,31.521) (48.034,31.516) (48.114,31.511) (48.194,31.507) (48.274,31.502) (48.354,31.498) (48.434,31.493) (48.513,31.489) (48.592,31.484) (48.672,31.480) (48.751,31.475) (48.830,31.471) (48.908,31.466) (48.987,31.462) (49.065,31.458) (49.144,31.453) (49.222,31.449) (49.300,31.445) (49.378,31.440) (49.456,31.436) (49.533,31.432) (49.611,31.427) (49.688,31.423) (49.766,31.419) (49.843,31.415) (49.920,31.410) (49.997,31.406) (50.074,31.402) (50.150,31.398) (50.227,31.394) (50.303,31.389) (50.380,31.385) (50.456,31.381) (50.532,31.377) (50.608,31.373) (50.683,31.369) (50.759,31.365) (50.835,31.361) (50.910,31.357) (50.986,31.353) (51.061,31.349) (51.136,31.345) 
(43.051,31.756) (43.141,31.751) (43.232,31.745) (43.322,31.739) (43.412,31.734) (43.502,31.728) (43.591,31.722) (43.681,31.717) (43.770,31.711) (43.859,31.706) (43.948,31.700) (44.036,31.695) (44.124,31.689) (44.213,31.684) (44.300,31.678) (44.388,31.673) (44.476,31.668) (44.563,31.662) (44.650,31.657) (44.737,31.652) (44.824,31.646) (44.910,31.641) (44.997,31.636) (45.083,31.631) (45.169,31.625) (45.255,31.620) (45.340,31.615) (45.426,31.610) (45.511,31.605) (45.596,31.600) (45.681,31.595) (45.766,31.590) (45.850,31.585) (45.935,31.580) (46.019,31.574) (46.103,31.569) (46.187,31.565) (46.270,31.560) (46.354,31.555) (46.437,31.550) (46.520,31.545) (46.603,31.540) (46.686,31.535) (46.769,31.530) (46.851,31.525) (46.934,31.521) (47.016,31.516) (47.098,31.511) (47.180,31.506) (47.261,31.501) (47.343,31.497) (47.424,31.492) (47.506,31.487) (47.587,31.483) (47.668,31.478) (47.748,31.473) (47.829,31.469) (47.909,31.464) (47.990,31.460) (48.070,31.455) (48.150,31.450) (48.230,31.446) (48.310,31.441) (48.389,31.437) (48.469,31.432) (48.548,31.428) (48.627,31.423) (48.706,31.419) (48.785,31.414) (48.864,31.410) (48.943,31.406) (49.021,31.401) (49.099,31.397) (49.178,31.393) (49.256,31.388) (49.334,31.384) (49.412,31.380) (49.489,31.375) (49.567,31.371) (49.644,31.367) (49.722,31.362) (49.799,31.358) (49.876,31.354) (49.953,31.350) (50.030,31.346) (50.106,31.341) (50.183,31.337) (50.259,31.333) (50.336,31.329) (50.412,31.325) (50.488,31.321) (50.564,31.317) (50.640,31.312) (50.715,31.308) (50.791,31.304) (50.866,31.300) (50.942,31.296) (51.017,31.292) (51.092,31.288) (51.167,31.284) 
(43.095,31.694) (43.186,31.688) (43.276,31.683) (43.366,31.677) (43.456,31.671) (43.545,31.666) (43.635,31.660) (43.724,31.655) (43.813,31.649) (43.902,31.644) (43.990,31.638) (44.079,31.633) (44.167,31.627) (44.255,31.622) (44.343,31.617) (44.430,31.611) (44.517,31.606) (44.605,31.601) (44.692,31.595) (44.778,31.590) (44.865,31.585) (44.951,31.579) (45.038,31.574) (45.124,31.569) (45.209,31.564) (45.295,31.559) (45.380,31.553) (45.466,31.548) (45.551,31.543) (45.636,31.538) (45.721,31.533) (45.805,31.528) (45.889,31.523) (45.974,31.518) (46.058,31.513) (46.142,31.508) (46.225,31.503) (46.309,31.498) (46.392,31.493) (46.475,31.488) (46.558,31.483) (46.641,31.479) (46.724,31.474) (46.806,31.469) (46.889,31.464) (46.971,31.459) (47.053,31.455) (47.135,31.450) (47.217,31.445) (47.298,31.440) (47.380,31.436) (47.461,31.431) (47.542,31.426) (47.623,31.422) (47.704,31.417) (47.784,31.412) (47.865,31.408) (47.945,31.403) (48.025,31.399) (48.106,31.394) (48.185,31.389) (48.265,31.385) (48.345,31.380) (48.424,31.376) (48.504,31.371) (48.583,31.367) (48.662,31.363) (48.741,31.358) (48.820,31.354) (48.898,31.349) (48.977,31.345) (49.055,31.341) (49.133,31.336) (49.212,31.332) (49.289,31.327) (49.367,31.323) (49.445,31.319) (49.523,31.315) (49.600,31.310) (49.677,31.306) (49.755,31.302) (49.832,31.298) (49.909,31.293) (49.985,31.289) (50.062,31.285) (50.139,31.281) (50.215,31.277) (50.291,31.273) (50.368,31.268) (50.444,31.264) (50.520,31.260) (50.595,31.256) (50.671,31.252) (50.747,31.248) (50.822,31.244) (50.898,31.240) (50.973,31.236) (51.048,31.232) (51.123,31.228) (51.198,31.224) 
(43.139,31.632) (43.230,31.626) (43.320,31.621) (43.410,31.615) (43.499,31.609) (43.589,31.604) (43.678,31.598) (43.767,31.593) (43.856,31.587) (43.944,31.582) (44.033,31.576) (44.121,31.571) (44.209,31.565) (44.297,31.560) (44.384,31.555) (44.472,31.549) (44.559,31.544) (44.646,31.539) (44.733,31.533) (44.819,31.528) (44.906,31.523) (44.992,31.518) (45.078,31.513) (45.164,31.507) (45.250,31.502) (45.335,31.497) (45.420,31.492) (45.506,31.487) (45.590,31.482) (45.675,31.477) (45.760,31.472) (45.844,31.467) (45.928,31.462) (46.013,31.457) (46.096,31.452) (46.180,31.447) (46.264,31.442) (46.347,31.437) (46.430,31.432) (46.513,31.427) (46.596,31.422) (46.679,31.417) (46.761,31.413) (46.844,31.408) (46.926,31.403) (47.008,31.398) (47.090,31.393) (47.172,31.389) (47.253,31.384) (47.335,31.379) (47.416,31.375) (47.497,31.370) (47.578,31.365) (47.659,31.361) (47.740,31.356) (47.820,31.351) (47.901,31.347) (47.981,31.342) (48.061,31.338) (48.141,31.333) (48.221,31.329) (48.300,31.324) (48.380,31.320) (48.459,31.315) (48.538,31.311) (48.617,31.306) (48.696,31.302) (48.775,31.297) (48.854,31.293) (48.932,31.289) (49.011,31.284) (49.089,31.280) (49.167,31.275) (49.245,31.271) (49.323,31.267) (49.401,31.263) (49.478,31.258) (49.556,31.254) (49.633,31.250) (49.710,31.246) (49.787,31.241) (49.864,31.237) (49.941,31.233) (50.018,31.229) (50.095,31.225) (50.171,31.220) (50.247,31.216) (50.323,31.212) (50.400,31.208) (50.476,31.204) (50.551,31.200) (50.627,31.196) (50.703,31.192) (50.778,31.188) (50.854,31.184) (50.929,31.180) (51.004,31.176) (51.079,31.172) (51.154,31.168) (51.229,31.164) 
(43.183,31.570) (43.273,31.564) (43.363,31.558) (43.453,31.553) (43.543,31.547) (43.632,31.542) (43.721,31.536) (43.810,31.531) (43.898,31.525) (43.987,31.520) (44.075,31.514) (44.163,31.509) (44.251,31.504) (44.339,31.498) (44.426,31.493) (44.513,31.488) (44.600,31.482) (44.687,31.477) (44.774,31.472) (44.860,31.467) (44.946,31.461) (45.033,31.456) (45.118,31.451) (45.204,31.446) (45.290,31.441) (45.375,31.436) (45.460,31.430) (45.545,31.425) (45.630,31.420) (45.715,31.415) (45.799,31.410) (45.883,31.405) (45.967,31.400) (46.051,31.395) (46.135,31.390) (46.219,31.385) (46.302,31.380) (46.385,31.376) (46.468,31.371) (46.551,31.366) (46.634,31.361) (46.716,31.356) (46.799,31.351) (46.881,31.347) (46.963,31.342) (47.045,31.337) (47.127,31.332) (47.209,31.328) (47.290,31.323) (47.371,31.318) (47.452,31.314) (47.533,31.309) (47.614,31.304) (47.695,31.300) (47.776,31.295) (47.856,31.290) (47.936,31.286) (48.016,31.281) (48.096,31.277) (48.176,31.272) (48.256,31.268) (48.335,31.263) (48.415,31.259) (48.494,31.254) (48.573,31.250) (48.652,31.245) (48.731,31.241) (48.809,31.237) (48.888,31.232) (48.966,31.228) (49.045,31.224) (49.123,31.219) (49.201,31.215) (49.279,31.211) (49.356,31.206) (49.434,31.202) (49.512,31.198) (49.589,31.194) (49.666,31.189) (49.743,31.185) (49.820,31.181) (49.897,31.177) (49.974,31.173) (50.050,31.168) (50.127,31.164) (50.203,31.160) (50.279,31.156) (50.355,31.152) (50.431,31.148) (50.507,31.144) (50.583,31.140) (50.659,31.136) (50.734,31.132) (50.810,31.128) (50.885,31.123) (50.960,31.119) (51.035,31.116) (51.110,31.112) (51.185,31.108) (51.259,31.104) 
(43.227,31.508) (43.317,31.502) (43.407,31.496) (43.496,31.491) (43.586,31.485) (43.675,31.480) (43.764,31.474) (43.852,31.469) (43.941,31.464) (44.029,31.458) (44.117,31.453) (44.205,31.447) (44.293,31.442) (44.380,31.437) (44.467,31.431) (44.554,31.426) (44.641,31.421) (44.728,31.415) (44.814,31.410) (44.901,31.405) (44.987,31.400) (45.073,31.395) (45.159,31.389) (45.244,31.384) (45.329,31.379) (45.415,31.374) (45.500,31.369) (45.584,31.364) (45.669,31.359) (45.754,31.354) (45.838,31.349) (45.922,31.344) (46.006,31.339) (46.090,31.334) (46.173,31.329) (46.257,31.324) (46.340,31.319) (46.423,31.314) (46.506,31.310) (46.589,31.305) (46.671,31.300) (46.754,31.295) (46.836,31.290) (46.918,31.286) (47.000,31.281) (47.082,31.276) (47.164,31.271) (47.245,31.267) (47.326,31.262) (47.408,31.257) (47.489,31.253) (47.569,31.248) (47.650,31.243) (47.731,31.239) (47.811,31.234) (47.891,31.230) (47.972,31.225) (48.052,31.221) (48.131,31.216) (48.211,31.212) (48.291,31.207) (48.370,31.203) (48.449,31.198) (48.528,31.194) (48.607,31.189) (48.686,31.185) (48.765,31.180) (48.843,31.176) (48.922,31.172) (49.000,31.167) (49.078,31.163) (49.156,31.159) (49.234,31.154) (49.312,31.150) (49.390,31.146) (49.467,31.142) (49.545,31.137) (49.622,31.133) (49.699,31.129) (49.776,31.125) (49.853,31.121) (49.929,31.116) (50.006,31.112) (50.083,31.108) (50.159,31.104) (50.235,31.100) (50.311,31.096) (50.387,31.092) (50.463,31.088) (50.539,31.083) (50.614,31.079) (50.690,31.075) (50.765,31.071) (50.841,31.067) (50.916,31.063) (50.991,31.059) (51.066,31.055) (51.141,31.051) (51.215,31.048) (51.290,31.044) 
(43.271,31.446) (43.360,31.440) (43.450,31.435) (43.539,31.429) (43.628,31.424) (43.717,31.418) (43.806,31.413) (43.895,31.407) (43.983,31.402) (44.071,31.396) (44.159,31.391) (44.247,31.386) (44.334,31.380) (44.421,31.375) (44.509,31.370) (44.595,31.364) (44.682,31.359) (44.769,31.354) (44.855,31.349) (44.941,31.344) (45.027,31.338) (45.113,31.333) (45.198,31.328) (45.284,31.323) (45.369,31.318) (45.454,31.313) (45.539,31.308) (45.624,31.303) (45.708,31.298) (45.792,31.293) (45.877,31.288) (45.961,31.283) (46.044,31.278) (46.128,31.273) (46.211,31.268) (46.295,31.263) (46.378,31.258) (46.461,31.253) (46.544,31.248) (46.626,31.244) (46.709,31.239) (46.791,31.234) (46.873,31.229) (46.955,31.225) (47.037,31.220) (47.119,31.215) (47.200,31.210) (47.281,31.206) (47.363,31.201) (47.444,31.196) (47.525,31.192) (47.605,31.187) (47.686,31.183) (47.766,31.178) (47.847,31.173) (47.927,31.169) (48.007,31.164) (48.087,31.160) (48.166,31.155) (48.246,31.151) (48.325,31.146) (48.405,31.142) (48.484,31.137) (48.563,31.133) (48.642,31.129) (48.720,31.124) (48.799,31.120) (48.877,31.116) (48.956,31.111) (49.034,31.107) (49.112,31.103) (49.190,31.098) (49.268,31.094) (49.345,31.090) (49.423,31.085) (49.500,31.081) (49.577,31.077) (49.654,31.073) (49.731,31.069) (49.808,31.064) (49.885,31.060) (49.962,31.056) (50.038,31.052) (50.115,31.048) (50.191,31.044) (50.267,31.040) (50.343,31.035) (50.419,31.031) (50.495,31.027) (50.570,31.023) (50.646,31.019) (50.721,31.015) (50.796,31.011) (50.872,31.007) (50.947,31.003) (51.022,30.999) (51.096,30.995) (51.171,30.991) (51.246,30.987) (51.320,30.984) 
(43.314,31.384) (43.404,31.378) (43.493,31.373) (43.582,31.367) (43.671,31.362) (43.760,31.356) (43.848,31.351) (43.937,31.345) (44.025,31.340) (44.113,31.335) (44.201,31.329) (44.288,31.324) (44.375,31.319) (44.463,31.313) (44.550,31.308) (44.636,31.303) (44.723,31.298) (44.809,31.292) (44.895,31.287) (44.981,31.282) (45.067,31.277) (45.153,31.272) (45.238,31.267) (45.323,31.262) (45.409,31.257) (45.493,31.251) (45.578,31.246) (45.663,31.241) (45.747,31.236) (45.831,31.231) (45.915,31.226) (45.999,31.222) (46.083,31.217) (46.166,31.212) (46.249,31.207) (46.333,31.202) (46.416,31.197) (46.498,31.192) (46.581,31.187) (46.664,31.183) (46.746,31.178) (46.828,31.173) (46.910,31.168) (46.992,31.164) (47.074,31.159) (47.155,31.154) (47.236,31.150) (47.318,31.145) (47.399,31.140) (47.480,31.136) (47.560,31.131) (47.641,31.126) (47.721,31.122) (47.802,31.117) (47.882,31.113) (47.962,31.108) (48.042,31.104) (48.122,31.099) (48.201,31.095) (48.281,31.090) (48.360,31.086) (48.439,31.081) (48.518,31.077) (48.597,31.073) (48.676,31.068) (48.754,31.064) (48.833,31.059) (48.911,31.055) (48.989,31.051) (49.067,31.046) (49.145,31.042) (49.223,31.038) (49.301,31.034) (49.378,31.029) (49.456,31.025) (49.533,31.021) (49.610,31.017) (49.687,31.012) (49.764,31.008) (49.841,31.004) (49.917,31.000) (49.994,30.996) (50.070,30.992) (50.146,30.988) (50.223,30.983) (50.299,30.979) (50.375,30.975) (50.450,30.971) (50.526,30.967) (50.602,30.963) (50.677,30.959) (50.752,30.955) (50.827,30.951) (50.903,30.947) (50.977,30.943) (51.052,30.939) (51.127,30.935) (51.202,30.931) (51.276,30.928) (51.351,30.924) 
(43.357,31.322) (43.447,31.317) (43.536,31.311) (43.625,31.306) (43.714,31.300) (43.802,31.295) (43.891,31.289) (43.979,31.284) (44.067,31.278) (44.154,31.273) (44.242,31.268) (44.329,31.262) (44.417,31.257) (44.504,31.252) (44.590,31.247) (44.677,31.241) (44.763,31.236) (44.850,31.231) (44.936,31.226) (45.021,31.221) (45.107,31.216) (45.192,31.211) (45.278,31.205) (45.363,31.200) (45.448,31.195) (45.533,31.190) (45.617,31.185) (45.701,31.180) (45.786,31.175) (45.870,31.170) (45.954,31.165) (46.037,31.160) (46.121,31.156) (46.204,31.151) (46.287,31.146) (46.370,31.141) (46.453,31.136) (46.536,31.131) (46.618,31.127) (46.701,31.122) (46.783,31.117) (46.865,31.112) (46.947,31.108) (47.028,31.103) (47.110,31.098) (47.191,31.093) (47.273,31.089) (47.354,31.084) (47.435,31.080) (47.515,31.075) (47.596,31.070) (47.677,31.066) (47.757,31.061) (47.837,31.057) (47.917,31.052) (47.997,31.048) (48.077,31.043) (48.156,31.039) (48.236,31.034) (48.315,31.030) (48.394,31.025) (48.473,31.021) (48.552,31.016) (48.631,31.012) (48.710,31.008) (48.788,31.003) (48.866,30.999) (48.945,30.995) (49.023,30.990) (49.101,30.986) (49.178,30.982) (49.256,30.978) (49.334,30.973) (49.411,30.969) (49.488,30.965) (49.566,30.961) (49.643,30.956) (49.719,30.952) (49.796,30.948) (49.873,30.944) (49.949,30.940) (50.026,30.936) (50.102,30.932) (50.178,30.927) (50.254,30.923) (50.330,30.919) (50.406,30.915) (50.482,30.911) (50.557,30.907) (50.633,30.903) (50.708,30.899) (50.783,30.895) (50.858,30.891) (50.933,30.887) (51.008,30.883) (51.083,30.879) (51.157,30.875) (51.232,30.872) (51.306,30.868) (51.381,30.864) 
(43.400,31.260) (43.489,31.255) (43.578,31.249) (43.667,31.244) (43.756,31.238) (43.844,31.233) (43.932,31.228) (44.020,31.222) (44.108,31.217) (44.196,31.212) (44.283,31.206) (44.370,31.201) (44.457,31.196) (44.544,31.191) (44.631,31.185) (44.717,31.180) (44.804,31.175) (44.890,31.170) (44.975,31.165) (45.061,31.159) (45.147,31.154) (45.232,31.149) (45.317,31.144) (45.402,31.139) (45.487,31.134) (45.571,31.129) (45.656,31.124) (45.740,31.119) (45.824,31.114) (45.908,31.109) (45.992,31.104) (46.075,31.099) (46.159,31.095) (46.242,31.090) (46.325,31.085) (46.408,31.080) (46.490,31.075) (46.573,31.070) (46.655,31.066) (46.738,31.061) (46.820,31.056) (46.901,31.051) (46.983,31.047) (47.065,31.042) (47.146,31.037) (47.227,31.033) (47.309,31.028) (47.390,31.023) (47.470,31.019) (47.551,31.014) (47.632,31.010) (47.712,31.005) (47.792,31.001) (47.872,30.996) (47.952,30.992) (48.032,30.987) (48.111,30.983) (48.191,30.978) (48.270,30.974) (48.349,30.969) (48.429,30.965) (48.507,30.960) (48.586,30.956) (48.665,30.952) (48.743,30.947) (48.822,30.943) (48.900,30.939) (48.978,30.934) (49.056,30.930) (49.134,30.926) (49.212,30.922) (49.289,30.917) (49.367,30.913) (49.444,30.909) (49.521,30.905) (49.598,30.900) (49.675,30.896) (49.752,30.892) (49.828,30.888) (49.905,30.884) (49.981,30.880) (50.058,30.876) (50.134,30.871) (50.210,30.867) (50.286,30.863) (50.362,30.859) (50.437,30.855) (50.513,30.851) (50.588,30.847) (50.664,30.843) (50.739,30.839) (50.814,30.835) (50.889,30.831) (50.964,30.827) (51.039,30.823) (51.113,30.819) (51.188,30.816) (51.262,30.812) (51.336,30.808) (51.411,30.804) 
(43.443,31.199) (43.532,31.193) (43.621,31.188) (43.709,31.182) (43.798,31.177) (43.886,31.172) (43.974,31.166) (44.062,31.161) (44.150,31.156) (44.237,31.150) (44.324,31.145) (44.411,31.140) (44.498,31.134) (44.585,31.129) (44.671,31.124) (44.758,31.119) (44.844,31.114) (44.930,31.109) (45.015,31.103) (45.101,31.098) (45.186,31.093) (45.271,31.088) (45.356,31.083) (45.441,31.078) (45.526,31.073) (45.610,31.068) (45.694,31.063) (45.778,31.058) (45.862,31.053) (45.946,31.048) (46.030,31.043) (46.113,31.039) (46.196,31.034) (46.279,31.029) (46.362,31.024) (46.445,31.019) (46.528,31.014) (46.610,31.010) (46.692,31.005) (46.774,31.000) (46.856,30.995) (46.938,30.991) (47.020,30.986) (47.101,30.981) (47.182,30.977) (47.263,30.972) (47.344,30.967) (47.425,30.963) (47.506,30.958) (47.586,30.954) (47.667,30.949) (47.747,30.945) (47.827,30.940) (47.907,30.936) (47.987,30.931) (48.067,30.927) (48.146,30.922) (48.225,30.918) (48.305,30.913) (48.384,30.909) (48.463,30.904) (48.541,30.900) (48.620,30.896) (48.699,30.891) (48.777,30.887) (48.855,30.883) (48.933,30.878) (49.011,30.874) (49.089,30.870) (49.167,30.866) (49.244,30.861) (49.322,30.857) (49.399,30.853) (49.476,30.849) (49.553,30.844) (49.630,30.840) (49.707,30.836) (49.784,30.832) (49.860,30.828) (49.937,30.824) (50.013,30.820) (50.089,30.816) (50.165,30.811) (50.241,30.807) (50.317,30.803) (50.393,30.799) (50.468,30.795) (50.544,30.791) (50.619,30.787) (50.695,30.783) (50.770,30.779) (50.845,30.775) (50.919,30.771) (50.994,30.768) (51.069,30.764) (51.143,30.760) (51.218,30.756) (51.292,30.752) (51.366,30.748) (51.440,30.744) 
(43.485,31.137) (43.574,31.132) (43.663,31.126) (43.751,31.121) (43.840,31.115) (43.928,31.110) (44.015,31.105) (44.103,31.099) (44.191,31.094) (44.278,31.089) (44.365,31.084) (44.452,31.078) (44.539,31.073) (44.625,31.068) (44.711,31.063) (44.798,31.058) (44.883,31.052) (44.969,31.047) (45.055,31.042) (45.140,31.037) (45.225,31.032) (45.310,31.027) (45.395,31.022) (45.480,31.017) (45.564,31.012) (45.649,31.007) (45.733,31.002) (45.817,30.997) (45.900,30.992) (45.984,30.987) (46.067,30.983) (46.151,30.978) (46.234,30.973) (46.317,30.968) (46.400,30.963) (46.482,30.958) (46.565,30.954) (46.647,30.949) (46.729,30.944) (46.811,30.939) (46.893,30.935) (46.974,30.930) (47.056,30.925) (47.137,30.921) (47.218,30.916) (47.299,30.911) (47.380,30.907) (47.461,30.902) (47.541,30.898) (47.622,30.893) (47.702,30.889) (47.782,30.884) (47.862,30.880) (47.942,30.875) (48.022,30.871) (48.101,30.866) (48.180,30.862) (48.260,30.857) (48.339,30.853) (48.418,30.849) (48.497,30.844) (48.575,30.840) (48.654,30.835) (48.732,30.831) (48.810,30.827) (48.889,30.822) (48.967,30.818) (49.044,30.814) (49.122,30.810) (49.200,30.805) (49.277,30.801) (49.355,30.797) (49.432,30.793) (49.509,30.789) (49.586,30.784) (49.663,30.780) (49.739,30.776) (49.816,30.772) (49.892,30.768) (49.969,30.764) (50.045,30.760) (50.121,30.756) (50.197,30.752) (50.273,30.747) (50.348,30.743) (50.424,30.739) (50.499,30.735) (50.575,30.731) (50.650,30.727) (50.725,30.723) (50.800,30.720) (50.875,30.716) (50.950,30.712) (51.025,30.708) (51.099,30.704) (51.174,30.700) (51.248,30.696) (51.322,30.692) (51.396,30.688) (51.470,30.685) 
(43.527,31.076) (43.616,31.070) (43.705,31.065) (43.793,31.059) (43.881,31.054) (43.969,31.049) (44.057,31.043) (44.144,31.038) (44.232,31.033) (44.319,31.028) (44.406,31.022) (44.492,31.017) (44.579,31.012) (44.665,31.007) (44.751,31.002) (44.837,30.996) (44.923,30.991) (45.009,30.986) (45.094,30.981) (45.179,30.976) (45.264,30.971) (45.349,30.966) (45.434,30.961) (45.518,30.956) (45.603,30.951) (45.687,30.946) (45.771,30.941) (45.855,30.936) (45.938,30.931) (46.022,30.927) (46.105,30.922) (46.188,30.917) (46.271,30.912) (46.354,30.907) (46.437,30.902) (46.519,30.898) (46.601,30.893) (46.683,30.888) (46.765,30.883) (46.847,30.879) (46.929,30.874) (47.010,30.869) (47.092,30.865) (47.173,30.860) (47.254,30.856) (47.335,30.851) (47.416,30.846) (47.496,30.842) (47.577,30.837) (47.657,30.833) (47.737,30.828) (47.817,30.824) (47.897,30.819) (47.976,30.815) (48.056,30.810) (48.135,30.806) (48.215,30.801) (48.294,30.797) (48.373,30.793) (48.452,30.788) (48.530,30.784) (48.609,30.780) (48.687,30.775) (48.766,30.771) (48.844,30.767) (48.922,30.762) (49.000,30.758) (49.077,30.754) (49.155,30.750) (49.232,30.745) (49.310,30.741) (49.387,30.737) (49.464,30.733) (49.541,30.729) (49.618,30.724) (49.695,30.720) (49.771,30.716) (49.848,30.712) (49.924,30.708) (50.000,30.704) (50.076,30.700) (50.152,30.696) (50.228,30.692) (50.304,30.688) (50.380,30.684) (50.455,30.680) (50.530,30.676) (50.606,30.672) (50.681,30.668) (50.756,30.664) (50.831,30.660) (50.905,30.656) (50.980,30.652) (51.055,30.648) (51.129,30.644) (51.203,30.640) (51.278,30.636) (51.352,30.633) (51.426,30.629) (51.500,30.625) 
(43.569,31.014) (43.658,31.009) (43.746,31.003) (43.834,30.998) (43.922,30.993) (44.010,30.987) (44.098,30.982) (44.185,30.977) (44.272,30.972) (44.359,30.966) (44.446,30.961) (44.533,30.956) (44.619,30.951) (44.705,30.946) (44.791,30.941) (44.877,30.935) (44.963,30.930) (45.048,30.925) (45.133,30.920) (45.218,30.915) (45.303,30.910) (45.388,30.905) (45.473,30.900) (45.557,30.895) (45.641,30.890) (45.725,30.885) (45.809,30.880) (45.893,30.876) (45.976,30.871) (46.059,30.866) (46.143,30.861) (46.225,30.856) (46.308,30.851) (46.391,30.847) (46.473,30.842) (46.556,30.837) (46.638,30.832) (46.720,30.828) (46.802,30.823) (46.883,30.818) (46.965,30.814) (47.046,30.809) (47.128,30.804) (47.209,30.800) (47.290,30.795) (47.370,30.791) (47.451,30.786) (47.531,30.781) (47.612,30.777) (47.692,30.772) (47.772,30.768) (47.852,30.763) (47.931,30.759) (48.011,30.754) (48.090,30.750) (48.170,30.746) (48.249,30.741) (48.328,30.737) (48.407,30.732) (48.485,30.728) (48.564,30.724) (48.642,30.719) (48.721,30.715) (48.799,30.711) (48.877,30.707) (48.955,30.702) (49.033,30.698) (49.110,30.694) (49.188,30.690) (49.265,30.685) (49.342,30.681) (49.419,30.677) (49.496,30.673) (49.573,30.669) (49.650,30.664) (49.727,30.660) (49.803,30.656) (49.879,30.652) (49.956,30.648) (50.032,30.644) (50.108,30.640) (50.184,30.636) (50.259,30.632) (50.335,30.628) (50.410,30.624) (50.486,30.620) (50.561,30.616) (50.636,30.612) (50.711,30.608) (50.786,30.604) (50.861,30.600) (50.936,30.596) (51.010,30.592) (51.085,30.588) (51.159,30.585) (51.233,30.581) (51.307,30.577) (51.381,30.573) (51.455,30.569) (51.529,30.565) 
(43.611,30.953) (43.700,30.948) (43.788,30.942) (43.876,30.937) (43.964,30.932) (44.051,30.926) (44.139,30.921) (44.226,30.916) (44.313,30.910) (44.400,30.905) (44.486,30.900) (44.573,30.895) (44.659,30.890) (44.745,30.885) (44.831,30.880) (44.916,30.874) (45.002,30.869) (45.087,30.864) (45.172,30.859) (45.257,30.854) (45.342,30.849) (45.427,30.844) (45.511,30.839) (45.595,30.834) (45.679,30.829) (45.763,30.825) (45.847,30.820) (45.930,30.815) (46.014,30.810) (46.097,30.805) (46.180,30.800) (46.263,30.795) (46.345,30.791) (46.428,30.786) (46.510,30.781) (46.592,30.776) (46.674,30.772) (46.756,30.767) (46.838,30.762) (46.919,30.758) (47.001,30.753) (47.082,30.748) (47.163,30.744) (47.244,30.739) (47.325,30.735) (47.406,30.730) (47.486,30.726) (47.566,30.721) (47.646,30.717) (47.727,30.712) (47.806,30.708) (47.886,30.703) (47.966,30.699) (48.045,30.694) (48.124,30.690) (48.204,30.685) (48.283,30.681) (48.362,30.677) (48.440,30.672) (48.519,30.668) (48.597,30.664) (48.676,30.659) (48.754,30.655) (48.832,30.651) (48.910,30.646) (48.988,30.642) (49.065,30.638) (49.143,30.634) (49.220,30.630) (49.297,30.625) (49.375,30.621) (49.452,30.617) (49.528,30.613) (49.605,30.609) (49.682,30.605) (49.758,30.600) (49.835,30.596) (49.911,30.592) (49.987,30.588) (50.063,30.584) (50.139,30.580) (50.215,30.576) (50.290,30.572) (50.366,30.568) (50.441,30.564) (50.517,30.560) (50.592,30.556) (50.667,30.552) (50.742,30.548) (50.817,30.544) (50.891,30.540) (50.966,30.537) (51.040,30.533) (51.115,30.529) (51.189,30.525) (51.263,30.521) (51.337,30.517) (51.411,30.513) (51.485,30.510) (51.558,30.506) 
(43.653,30.892) (43.741,30.886) (43.829,30.881) (43.917,30.876) (44.004,30.870) (44.092,30.865) (44.179,30.860) (44.266,30.855) (44.353,30.849) (44.440,30.844) (44.526,30.839) (44.612,30.834) (44.699,30.829) (44.784,30.824) (44.870,30.819) (44.956,30.814) (45.041,30.808) (45.126,30.803) (45.211,30.798) (45.296,30.793) (45.380,30.788) (45.465,30.783) (45.549,30.779) (45.633,30.774) (45.717,30.769) (45.801,30.764) (45.884,30.759) (45.968,30.754) (46.051,30.749) (46.134,30.744) (46.217,30.740) (46.300,30.735) (46.382,30.730) (46.464,30.725) (46.547,30.721) (46.629,30.716) (46.711,30.711) (46.792,30.707) (46.874,30.702) (46.955,30.697) (47.037,30.693) (47.118,30.688) (47.199,30.683) (47.279,30.679) (47.360,30.674) (47.441,30.670) (47.521,30.665) (47.601,30.661) (47.681,30.656) (47.761,30.652) (47.841,30.647) (47.920,30.643) (48.000,30.638) (48.079,30.634) (48.158,30.630) (48.238,30.625) (48.316,30.621) (48.395,30.617) (48.474,30.612) (48.552,30.608) (48.631,30.604) (48.709,30.599) (48.787,30.595) (48.865,30.591) (48.943,30.587) (49.020,30.582) (49.098,30.578) (49.175,30.574) (49.253,30.570) (49.330,30.565) (49.407,30.561) (49.484,30.557) (49.560,30.553) (49.637,30.549) (49.714,30.545) (49.790,30.541) (49.866,30.537) (49.942,30.533) (50.018,30.529) (50.094,30.524) (50.170,30.520) (50.246,30.516) (50.321,30.512) (50.397,30.508) (50.472,30.504) (50.547,30.501) (50.622,30.497) (50.697,30.493) (50.772,30.489) (50.847,30.485) (50.921,30.481) (50.996,30.477) (51.070,30.473) (51.144,30.469) (51.219,30.465) (51.293,30.462) (51.367,30.458) (51.440,30.454) (51.514,30.450) (51.588,30.446) 
(43.694,30.830) (43.782,30.825) (43.870,30.820) (43.958,30.815) (44.045,30.809) (44.132,30.804) (44.220,30.799) (44.306,30.794) (44.393,30.788) (44.480,30.783) (44.566,30.778) (44.652,30.773) (44.738,30.768) (44.824,30.763) (44.909,30.758) (44.995,30.753) (45.080,30.748) (45.165,30.743) (45.250,30.738) (45.334,30.733) (45.419,30.728) (45.503,30.723) (45.587,30.718) (45.671,30.713) (45.755,30.708) (45.838,30.703) (45.922,30.698) (46.005,30.694) (46.088,30.689) (46.171,30.684) (46.254,30.679) (46.336,30.674) (46.419,30.670) (46.501,30.665) (46.583,30.660) (46.665,30.656) (46.747,30.651) (46.828,30.646) (46.910,30.642) (46.991,30.637) (47.072,30.632) (47.153,30.628) (47.234,30.623) (47.315,30.619) (47.395,30.614) (47.476,30.610) (47.556,30.605) (47.636,30.601) (47.716,30.596) (47.796,30.592) (47.875,30.587) (47.955,30.583) (48.034,30.578) (48.113,30.574) (48.192,30.570) (48.271,30.565) (48.350,30.561) (48.429,30.557) (48.507,30.552) (48.586,30.548) (48.664,30.544) (48.742,30.539) (48.820,30.535) (48.898,30.531) (48.975,30.527) (49.053,30.522) (49.130,30.518) (49.208,30.514) (49.285,30.510) (49.362,30.506) (49.439,30.502) (49.516,30.497) (49.592,30.493) (49.669,30.489) (49.745,30.485) (49.821,30.481) (49.898,30.477) (49.974,30.473) (50.050,30.469) (50.125,30.465) (50.201,30.461) (50.277,30.457) (50.352,30.453) (50.427,30.449) (50.502,30.445) (50.578,30.441) (50.652,30.437) (50.727,30.433) (50.802,30.429) (50.877,30.425) (50.951,30.421) (51.026,30.418) (51.100,30.414) (51.174,30.410) (51.248,30.406) (51.322,30.402) (51.396,30.398) (51.470,30.395) (51.543,30.391) (51.617,30.387) 
(43.735,30.769) (43.823,30.764) (43.911,30.759) (43.998,30.754) (44.086,30.748) (44.173,30.743) (44.260,30.738) (44.347,30.733) (44.433,30.727) (44.519,30.722) (44.606,30.717) (44.691,30.712) (44.777,30.707) (44.863,30.702) (44.948,30.697) (45.033,30.692) (45.118,30.687) (45.203,30.682) (45.288,30.677) (45.372,30.672) (45.457,30.667) (45.541,30.662) (45.625,30.657) (45.709,30.652) (45.792,30.647) (45.876,30.643) (45.959,30.638) (46.042,30.633) (46.125,30.628) (46.208,30.623) (46.290,30.619) (46.373,30.614) (46.455,30.609) (46.537,30.605) (46.619,30.600) (46.701,30.595) (46.783,30.591) (46.864,30.586) (46.945,30.581) (47.027,30.577) (47.108,30.572) (47.188,30.568) (47.269,30.563) (47.350,30.558) (47.430,30.554) (47.510,30.549) (47.590,30.545) (47.670,30.540) (47.750,30.536) (47.830,30.532) (47.909,30.527) (47.989,30.523) (48.068,30.518) (48.147,30.514) (48.226,30.510) (48.305,30.505) (48.383,30.501) (48.462,30.497) (48.540,30.492) (48.619,30.488) (48.697,30.484) (48.775,30.479) (48.853,30.475) (48.930,30.471) (49.008,30.467) (49.085,30.463) (49.163,30.458) (49.240,30.454) (49.317,30.450) (49.394,30.446) (49.471,30.442) (49.547,30.438) (49.624,30.434) (49.700,30.429) (49.777,30.425) (49.853,30.421) (49.929,30.417) (50.005,30.413) (50.081,30.409) (50.156,30.405) (50.232,30.401) (50.307,30.397) (50.383,30.393) (50.458,30.389) (50.533,30.385) (50.608,30.381) (50.683,30.378) (50.757,30.374) (50.832,30.370) (50.907,30.366) (50.981,30.362) (51.055,30.358) (51.129,30.354) (51.204,30.351) (51.277,30.347) (51.351,30.343) (51.425,30.339) (51.499,30.335) (51.572,30.332) (51.646,30.328) 
(43.776,30.708) (43.864,30.703) (43.952,30.698) (44.039,30.693) (44.126,30.687) (44.213,30.682) (44.300,30.677) (44.386,30.672) (44.473,30.667) (44.559,30.662) (44.645,30.656) (44.731,30.651) (44.816,30.646) (44.902,30.641) (44.987,30.636) (45.072,30.631) (45.157,30.626) (45.242,30.621) (45.326,30.616) (45.411,30.611) (45.495,30.606) (45.579,30.602) (45.663,30.597) (45.746,30.592) (45.830,30.587) (45.913,30.582) (45.996,30.577) (46.079,30.573) (46.162,30.568) (46.244,30.563) (46.327,30.558) (46.409,30.554) (46.491,30.549) (46.573,30.544) (46.655,30.540) (46.737,30.535) (46.818,30.530) (46.900,30.526) (46.981,30.521) (47.062,30.516) (47.143,30.512) (47.224,30.507) (47.304,30.503) (47.385,30.498) (47.465,30.494) (47.545,30.489) (47.625,30.485) (47.705,30.480) (47.784,30.476) (47.864,30.472) (47.943,30.467) (48.023,30.463) (48.102,30.458) (48.181,30.454) (48.259,30.450) (48.338,30.445) (48.417,30.441) (48.495,30.437) (48.573,30.432) (48.652,30.428) (48.730,30.424) (48.807,30.420) (48.885,30.415) (48.963,30.411) (49.040,30.407) (49.118,30.403) (49.195,30.399) (49.272,30.394) (49.349,30.390) (49.426,30.386) (49.502,30.382) (49.579,30.378) (49.655,30.374) (49.732,30.370) (49.808,30.366) (49.884,30.362) (49.960,30.358) (50.036,30.354) (50.111,30.350) (50.187,30.346) (50.262,30.342) (50.338,30.338) (50.413,30.334) (50.488,30.330) (50.563,30.326) (50.638,30.322) (50.713,30.318) (50.787,30.314) (50.862,30.310) (50.936,30.307) (51.011,30.303) (51.085,30.299) (51.159,30.295) (51.233,30.291) (51.307,30.287) (51.380,30.284) (51.454,30.280) (51.528,30.276) (51.601,30.272) (51.674,30.269) 
(43.817,30.647) (43.905,30.642) (43.992,30.637) (44.079,30.632) (44.166,30.626) (44.253,30.621) (44.340,30.616) (44.426,30.611) (44.512,30.606) (44.598,30.601) (44.684,30.596) (44.770,30.591) (44.855,30.586) (44.941,30.581) (45.026,30.576) (45.111,30.571) (45.195,30.566) (45.280,30.561) (45.364,30.556) (45.448,30.551) (45.532,30.546) (45.616,30.541) (45.700,30.536) (45.783,30.531) (45.867,30.527) (45.950,30.522) (46.033,30.517) (46.116,30.512) (46.198,30.507) (46.281,30.503) (46.363,30.498) (46.445,30.493) (46.527,30.489) (46.609,30.484) (46.691,30.479) (46.773,30.475) (46.854,30.470) (46.935,30.465) (47.016,30.461) (47.097,30.456) (47.178,30.452) (47.258,30.447) (47.339,30.443) (47.419,30.438) (47.499,30.434) (47.579,30.429) (47.659,30.425) (47.739,30.420) (47.818,30.416) (47.898,30.412) (47.977,30.407) (48.056,30.403) (48.135,30.398) (48.214,30.394) (48.293,30.390) (48.371,30.385) (48.450,30.381) (48.528,30.377) (48.606,30.373) (48.684,30.368) (48.762,30.364) (48.840,30.360) (48.918,30.356) (48.995,30.351) (49.072,30.347) (49.150,30.343) (49.227,30.339) (49.304,30.335) (49.381,30.331) (49.457,30.327) (49.534,30.322) (49.610,30.318) (49.687,30.314) (49.763,30.310) (49.839,30.306) (49.915,30.302) (49.991,30.298) (50.067,30.294) (50.142,30.290) (50.218,30.286) (50.293,30.282) (50.368,30.278) (50.443,30.274) (50.518,30.270) (50.593,30.267) (50.668,30.263) (50.743,30.259) (50.817,30.255) (50.892,30.251) (50.966,30.247) (51.040,30.243) (51.114,30.240) (51.188,30.236) (51.262,30.232) (51.336,30.228) (51.410,30.224) (51.483,30.221) (51.556,30.217) (51.630,30.213) (51.703,30.209) 
(43.858,30.586) (43.945,30.581) (44.032,30.576) (44.119,30.571) (44.206,30.566) (44.293,30.561) (44.379,30.555) (44.465,30.550) (44.552,30.545) (44.637,30.540) (44.723,30.535) (44.809,30.530) (44.894,30.525) (44.979,30.520) (45.064,30.515) (45.149,30.510) (45.233,30.505) (45.318,30.500) (45.402,30.495) (45.486,30.490) (45.570,30.485) (45.654,30.481) (45.737,30.476) (45.821,30.471) (45.904,30.466) (45.987,30.461) (46.070,30.457) (46.152,30.452) (46.235,30.447) (46.317,30.442) (46.399,30.438) (46.482,30.433) (46.563,30.428) (46.645,30.424) (46.727,30.419) (46.808,30.415) (46.889,30.410) (46.970,30.405) (47.051,30.401) (47.132,30.396) (47.213,30.392) (47.293,30.387) (47.374,30.383) (47.454,30.378) (47.534,30.374) (47.614,30.369) (47.693,30.365) (47.773,30.360) (47.852,30.356) (47.932,30.352) (48.011,30.347) (48.090,30.343) (48.169,30.339) (48.247,30.334) (48.326,30.330) (48.405,30.326) (48.483,30.321) (48.561,30.317) (48.639,30.313) (48.717,30.309) (48.795,30.304) (48.872,30.300) (48.950,30.296) (49.027,30.292) (49.105,30.288) (49.182,30.284) (49.259,30.279) (49.335,30.275) (49.412,30.271) (49.489,30.267) (49.565,30.263) (49.642,30.259) (49.718,30.255) (49.794,30.251) (49.870,30.247) (49.946,30.243) (50.022,30.239) (50.097,30.235) (50.173,30.231) (50.248,30.227) (50.323,30.223) (50.398,30.219) (50.473,30.215) (50.548,30.211) (50.623,30.207) (50.698,30.203) (50.772,30.199) (50.847,30.196) (50.921,30.192) (50.995,30.188) (51.070,30.184) (51.144,30.180) (51.217,30.177) (51.291,30.173) (51.365,30.169) (51.438,30.165) (51.512,30.161) (51.585,30.158) (51.658,30.154) (51.732,30.150) 
(43.898,30.526) (43.985,30.520) (44.072,30.515) (44.159,30.510) (44.246,30.505) (44.332,30.500) (44.419,30.495) (44.505,30.490) (44.591,30.485) (44.676,30.479) (44.762,30.474) (44.847,30.469) (44.932,30.464) (45.017,30.459) (45.102,30.454) (45.187,30.450) (45.271,30.445) (45.356,30.440) (45.440,30.435) (45.524,30.430) (45.607,30.425) (45.691,30.420) (45.774,30.415) (45.858,30.411) (45.941,30.406) (46.024,30.401) (46.106,30.396) (46.189,30.392) (46.271,30.387) (46.353,30.382) (46.435,30.378) (46.517,30.373) (46.599,30.368) (46.681,30.364) (46.762,30.359) (46.843,30.354) (46.925,30.350) (47.005,30.345) (47.086,30.341) (47.167,30.336) (47.247,30.332) (47.328,30.327) (47.408,30.323) (47.488,30.318) (47.568,30.314) (47.648,30.309) (47.727,30.305) (47.807,30.301) (47.886,30.296) (47.965,30.292) (48.044,30.287) (48.123,30.283) (48.202,30.279) (48.281,30.275) (48.359,30.270) (48.437,30.266) (48.516,30.262) (48.594,30.257) (48.672,30.253) (48.749,30.249) (48.827,30.245) (48.905,30.241) (48.982,30.236) (49.059,30.232) (49.136,30.228) (49.213,30.224) (49.290,30.220) (49.367,30.216) (49.444,30.212) (49.520,30.208) (49.597,30.203) (49.673,30.199) (49.749,30.195) (49.825,30.191) (49.901,30.187) (49.977,30.183) (50.052,30.179) (50.128,30.175) (50.203,30.171) (50.278,30.167) (50.354,30.164) (50.429,30.160) (50.504,30.156) (50.578,30.152) (50.653,30.148) (50.728,30.144) (50.802,30.140) (50.876,30.136) (50.951,30.133) (51.025,30.129) (51.099,30.125) (51.173,30.121) (51.246,30.117) (51.320,30.114) (51.394,30.110) (51.467,30.106) (51.541,30.102) (51.614,30.099) (51.687,30.095) (51.760,30.091) 
(43.938,30.465) (44.025,30.460) (44.112,30.455) (44.199,30.449) (44.285,30.444) (44.372,30.439) (44.458,30.434) (44.544,30.429) (44.630,30.424) (44.715,30.419) (44.801,30.414) (44.886,30.409) (44.971,30.404) (45.056,30.399) (45.140,30.394) (45.225,30.389) (45.309,30.384) (45.393,30.379) (45.477,30.374) (45.561,30.370) (45.645,30.365) (45.728,30.360) (45.811,30.355) (45.894,30.350) (45.977,30.346) (46.060,30.341) (46.143,30.336) (46.225,30.331) (46.307,30.327) (46.389,30.322) (46.471,30.317) (46.553,30.313) (46.635,30.308) (46.716,30.304) (46.797,30.299) (46.879,30.294) (46.960,30.290) (47.040,30.285) (47.121,30.281) (47.202,30.276) (47.282,30.272) (47.362,30.267) (47.442,30.263) (47.522,30.258) (47.602,30.254) (47.682,30.250) (47.761,30.245) (47.841,30.241) (47.920,30.236) (47.999,30.232) (48.078,30.228) (48.157,30.223) (48.235,30.219) (48.314,30.215) (48.392,30.211) (48.470,30.206) (48.548,30.202) (48.626,30.198) (48.704,30.194) (48.782,30.189) (48.859,30.185) (48.937,30.181) (49.014,30.177) (49.091,30.173) (49.168,30.169) (49.245,30.164) (49.322,30.160) (49.399,30.156) (49.475,30.152) (49.551,30.148) (49.628,30.144) (49.704,30.140) (49.780,30.136) (49.856,30.132) (49.932,30.128) (50.007,30.124) (50.083,30.120) (50.158,30.116) (50.233,30.112) (50.309,30.108) (50.384,30.104) (50.459,30.100) (50.533,30.097) (50.608,30.093) (50.683,30.089) (50.757,30.085) (50.832,30.081) (50.906,30.077) (50.980,30.073) (51.054,30.070) (51.128,30.066) (51.202,30.062) (51.275,30.058) (51.349,30.055) (51.422,30.051) (51.496,30.047) (51.569,30.043) (51.642,30.040) (51.715,30.036) (51.788,30.032) 
(43.978,30.404) (44.065,30.399) (44.152,30.394) (44.238,30.389) (44.325,30.384) (44.411,30.379) (44.497,30.374) (44.583,30.368) (44.668,30.363) (44.754,30.358) (44.839,30.353) (44.924,30.348) (45.009,30.344) (45.094,30.339) (45.178,30.334) (45.262,30.329) (45.347,30.324) (45.431,30.319) (45.514,30.314) (45.598,30.309) (45.682,30.305) (45.765,30.300) (45.848,30.295) (45.931,30.290) (46.014,30.285) (46.096,30.281) (46.179,30.276) (46.261,30.271) (46.343,30.267) (46.425,30.262) (46.507,30.257) (46.589,30.253) (46.670,30.248) (46.751,30.244) (46.833,30.239) (46.914,30.234) (46.994,30.230) (47.075,30.225) (47.156,30.221) (47.236,30.216) (47.316,30.212) (47.397,30.207) (47.476,30.203) (47.556,30.199) (47.636,30.194) (47.715,30.190) (47.795,30.185) (47.874,30.181) (47.953,30.177) (48.032,30.172) (48.111,30.168) (48.190,30.164) (48.268,30.159) (48.347,30.155) (48.425,30.151) (48.503,30.147) (48.581,30.142) (48.659,30.138) (48.736,30.134) (48.814,30.130) (48.891,30.126) (48.969,30.122) (49.046,30.117) (49.123,30.113) (49.200,30.109) (49.277,30.105) (49.353,30.101) (49.430,30.097) (49.506,30.093) (49.583,30.089) (49.659,30.085) (49.735,30.081) (49.811,30.077) (49.886,30.073) (49.962,30.069) (50.038,30.065) (50.113,30.061) (50.188,30.057) (50.264,30.053) (50.339,30.049) (50.414,30.045) (50.489,30.041) (50.563,30.037) (50.638,30.033) (50.712,30.030) (50.787,30.026) (50.861,30.022) (50.935,30.018) (51.009,30.014) (51.083,30.011) (51.157,30.007) (51.231,30.003) (51.304,29.999) (51.378,29.996) (51.451,29.992) (51.524,29.988) (51.598,29.984) (51.671,29.981) (51.744,29.977) (51.816,29.973) 
(44.018,30.344) (44.104,30.339) (44.191,30.333) (44.278,30.328) (44.364,30.323) (44.450,30.318) (44.536,30.313) (44.621,30.308) (44.707,30.303) (44.792,30.298) (44.877,30.293) (44.962,30.288) (45.047,30.283) (45.131,30.278) (45.216,30.273) (45.300,30.268) (45.384,30.264) (45.468,30.259) (45.552,30.254) (45.635,30.249) (45.718,30.244) (45.802,30.240) (45.885,30.235) (45.967,30.230) (46.050,30.225) (46.132,30.221) (46.215,30.216) (46.297,30.211) (46.379,30.207) (46.461,30.202) (46.542,30.197) (46.624,30.193) (46.705,30.188) (46.787,30.184) (46.868,30.179) (46.948,30.175) (47.029,30.170) (47.110,30.166) (47.190,30.161) (47.271,30.157) (47.351,30.152) (47.431,30.148) (47.510,30.143) (47.590,30.139) (47.670,30.134) (47.749,30.130) (47.828,30.126) (47.907,30.121) (47.986,30.117) (48.065,30.113) (48.144,30.108) (48.223,30.104) (48.301,30.100) (48.379,30.096) (48.457,30.091) (48.535,30.087) (48.613,30.083) (48.691,30.079) (48.769,30.075) (48.846,30.070) (48.923,30.066) (49.001,30.062) (49.078,30.058) (49.155,30.054) (49.231,30.050) (49.308,30.046) (49.385,30.042) (49.461,30.038) (49.537,30.033) (49.614,30.029) (49.690,30.025) (49.766,30.021) (49.841,30.017) (49.917,30.013) (49.993,30.009) (50.068,30.006) (50.143,30.002) (50.219,29.998) (50.294,29.994) (50.369,29.990) (50.444,29.986) (50.518,29.982) (50.593,29.978) (50.667,29.974) (50.742,29.971) (50.816,29.967) (50.890,29.963) (50.964,29.959) (51.038,29.955) (51.112,29.952) (51.186,29.948) (51.259,29.944) (51.333,29.940) (51.406,29.937) (51.480,29.933) (51.553,29.929) (51.626,29.926) (51.699,29.922) (51.772,29.918) (51.844,29.915) 
(44.057,30.283) (44.144,30.278) (44.230,30.273) (44.317,30.268) (44.403,30.263) (44.489,30.258) (44.574,30.253) (44.660,30.248) (44.745,30.243) (44.830,30.238) (44.915,30.233) (45.000,30.228) (45.085,30.223) (45.169,30.218) (45.253,30.213) (45.337,30.208) (45.421,30.203) (45.505,30.199) (45.588,30.194) (45.672,30.189) (45.755,30.184) (45.838,30.180) (45.921,30.175) (46.004,30.170) (46.086,30.165) (46.168,30.161) (46.251,30.156) (46.333,30.151) (46.415,30.147) (46.496,30.142) (46.578,30.138) (46.659,30.133) (46.740,30.128) (46.821,30.124) (46.902,30.119) (46.983,30.115) (47.064,30.110) (47.144,30.106) (47.225,30.101) (47.305,30.097) (47.385,30.092) (47.465,30.088) (47.544,30.084) (47.624,30.079) (47.703,30.075) (47.783,30.070) (47.862,30.066) (47.941,30.062) (48.020,30.057) (48.098,30.053) (48.177,30.049) (48.255,30.045) (48.334,30.040) (48.412,30.036) (48.490,30.032) (48.568,30.028) (48.645,30.023) (48.723,30.019) (48.801,30.015) (48.878,30.011) (48.955,30.007) (49.032,30.003) (49.109,29.999) (49.186,29.995) (49.263,29.990) (49.339,29.986) (49.416,29.982) (49.492,29.978) (49.568,29.974) (49.644,29.970) (49.720,29.966) (49.796,29.962) (49.872,29.958) (49.947,29.954) (50.023,29.950) (50.098,29.946) (50.173,29.942) (50.249,29.939) (50.324,29.935) (50.398,29.931) (50.473,29.927) (50.548,29.923) (50.622,29.919) (50.697,29.915) (50.771,29.912) (50.845,29.908) (50.919,29.904) (50.993,29.900) (51.067,29.896) (51.141,29.893) (51.215,29.889) (51.288,29.885) (51.361,29.881) (51.435,29.878) (51.508,29.874) (51.581,29.870) (51.654,29.867) (51.727,29.863) (51.800,29.859) (51.872,29.856) 
(44.097,30.223) (44.183,30.218) (44.269,30.212) (44.355,30.207) (44.441,30.202) (44.527,30.197) (44.613,30.192) (44.698,30.187) (44.783,30.182) (44.868,30.177) (44.953,30.173) (45.038,30.168) (45.122,30.163) (45.206,30.158) (45.291,30.153) (45.374,30.148) (45.458,30.143) (45.542,30.139) (45.625,30.134) (45.708,30.129) (45.791,30.124) (45.874,30.119) (45.957,30.115) (46.040,30.110) (46.122,30.105) (46.204,30.101) (46.286,30.096) (46.368,30.091) (46.450,30.087) (46.532,30.082) (46.613,30.078) (46.694,30.073) (46.775,30.069) (46.856,30.064) (46.937,30.060) (47.018,30.055) (47.098,30.051) (47.179,30.046) (47.259,30.042) (47.339,30.037) (47.419,30.033) (47.498,30.028) (47.578,30.024) (47.657,30.020) (47.737,30.015) (47.816,30.011) (47.895,30.007) (47.974,30.002) (48.053,29.998) (48.131,29.994) (48.210,29.989) (48.288,29.985) (48.366,29.981) (48.444,29.977) (48.522,29.972) (48.600,29.968) (48.678,29.964) (48.755,29.960) (48.832,29.956) (48.910,29.952) (48.987,29.948) (49.064,29.943) (49.141,29.939) (49.217,29.935) (49.294,29.931) (49.370,29.927) (49.447,29.923) (49.523,29.919) (49.599,29.915) (49.675,29.911) (49.751,29.907) (49.827,29.903) (49.902,29.899) (49.978,29.895) (50.053,29.891) (50.128,29.887) (50.203,29.883) (50.278,29.880) (50.353,29.876) (50.428,29.872) (50.503,29.868) (50.577,29.864) (50.652,29.860) (50.726,29.856) (50.800,29.853) (50.874,29.849) (50.948,29.845) (51.022,29.841) (51.096,29.838) (51.170,29.834) (51.243,29.830) (51.317,29.826) (51.390,29.823) (51.463,29.819) (51.536,29.815) (51.609,29.812) (51.682,29.808) (51.755,29.804) (51.828,29.801) (51.900,29.797) 
(44.136,30.162) (44.222,30.157) (44.308,30.152) (44.394,30.147) (44.480,30.142) (44.566,30.137) (44.651,30.132) (44.736,30.127) (44.821,30.122) (44.906,30.117) (44.991,30.112) (45.075,30.107) (45.160,30.103) (45.244,30.098) (45.328,30.093) (45.411,30.088) (45.495,30.083) (45.578,30.078) (45.662,30.074) (45.745,30.069) (45.828,30.064) (45.911,30.060) (45.993,30.055) (46.076,30.050) (46.158,30.046) (46.240,30.041) (46.322,30.036) (46.404,30.032) (46.485,30.027) (46.567,30.022) (46.648,30.018) (46.729,30.013) (46.810,30.009) (46.891,30.004) (46.972,30.000) (47.052,29.995) (47.132,29.991) (47.213,29.986) (47.293,29.982) (47.373,29.978) (47.452,29.973) (47.532,29.969) (47.612,29.964) (47.691,29.960) (47.770,29.956) (47.849,29.951) (47.928,29.947) (48.007,29.943) (48.085,29.939) (48.164,29.934) (48.242,29.930) (48.320,29.926) (48.399,29.922) (48.476,29.917) (48.554,29.913) (48.632,29.909) (48.709,29.905) (48.787,29.901) (48.864,29.897) (48.941,29.892) (49.018,29.888) (49.095,29.884) (49.172,29.880) (49.249,29.876) (49.325,29.872) (49.401,29.868) (49.478,29.864) (49.554,29.860) (49.630,29.856) (49.706,29.852) (49.781,29.848) (49.857,29.844) (49.932,29.840) (50.008,29.836) (50.083,29.832) (50.158,29.828) (50.233,29.824) (50.308,29.821) (50.383,29.817) (50.458,29.813) (50.532,29.809) (50.607,29.805) (50.681,29.801) (50.755,29.798) (50.829,29.794) (50.903,29.790) (50.977,29.786) (51.051,29.782) (51.125,29.779) (51.198,29.775) (51.272,29.771) (51.345,29.768) (51.418,29.764) (51.491,29.760) (51.564,29.756) (51.637,29.753) (51.710,29.749) (51.783,29.746) (51.855,29.742) (51.928,29.738) 
(44.175,30.102) (44.261,30.097) (44.347,30.092) (44.433,30.087) (44.518,30.082) (44.604,30.077) (44.689,30.072) (44.774,30.067) (44.859,30.062) (44.944,30.057) (45.028,30.052) (45.113,30.047) (45.197,30.043) (45.281,30.038) (45.365,30.033) (45.448,30.028) (45.532,30.023) (45.615,30.019) (45.698,30.014) (45.781,30.009) (45.864,30.004) (45.947,30.000) (46.029,29.995) (46.111,29.990) (46.193,29.986) (46.275,29.981) (46.357,29.976) (46.439,29.972) (46.520,29.967) (46.602,29.963) (46.683,29.958) (46.764,29.954) (46.845,29.949) (46.925,29.945) (47.006,29.940) (47.086,29.936) (47.167,29.931) (47.247,29.927) (47.327,29.922) (47.406,29.918) (47.486,29.914) (47.566,29.909) (47.645,29.905) (47.724,29.901) (47.803,29.896) (47.882,29.892) (47.961,29.888) (48.040,29.883) (48.118,29.879) (48.196,29.875) (48.275,29.871) (48.353,29.866) (48.431,29.862) (48.509,29.858) (48.586,29.854) (48.664,29.850) (48.741,29.846) (48.819,29.841) (48.896,29.837) (48.973,29.833) (49.050,29.829) (49.126,29.825) (49.203,29.821) (49.280,29.817) (49.356,29.813) (49.432,29.809) (49.508,29.805) (49.584,29.801) (49.660,29.797) (49.736,29.793) (49.812,29.789) (49.887,29.785) (49.963,29.781) (50.038,29.777) (50.113,29.773) (50.188,29.769) (50.263,29.765) (50.338,29.762) (50.413,29.758) (50.487,29.754) (50.562,29.750) (50.636,29.746) (50.710,29.742) (50.784,29.739) (50.858,29.735) (50.932,29.731) (51.006,29.727) (51.080,29.724) (51.153,29.720) (51.227,29.716) (51.300,29.712) (51.373,29.709) (51.446,29.705) (51.519,29.701) (51.592,29.698) (51.665,29.694) (51.738,29.690) (51.810,29.687) (51.883,29.683) (51.955,29.680) 
(44.213,30.042) (44.299,30.037) (44.385,30.032) (44.471,30.027) (44.557,30.022) (44.642,30.017) (44.727,30.012) (44.812,30.007) (44.897,30.002) (44.981,29.997) (45.066,29.992) (45.150,29.987) (45.234,29.983) (45.318,29.978) (45.401,29.973) (45.485,29.968) (45.568,29.963) (45.651,29.959) (45.734,29.954) (45.817,29.949) (45.900,29.945) (45.982,29.940) (46.065,29.935) (46.147,29.931) (46.229,29.926) (46.311,29.921) (46.392,29.917) (46.474,29.912) (46.555,29.908) (46.636,29.903) (46.717,29.899) (46.798,29.894) (46.879,29.890) (46.960,29.885) (47.040,29.881) (47.120,29.876) (47.200,29.872) (47.280,29.867) (47.360,29.863) (47.440,29.859) (47.519,29.854) (47.599,29.850) (47.678,29.845) (47.757,29.841) (47.836,29.837) (47.915,29.833) (47.994,29.828) (48.072,29.824) (48.151,29.820) (48.229,29.816) (48.307,29.811) (48.385,29.807) (48.463,29.803) (48.541,29.799) (48.618,29.795) (48.696,29.790) (48.773,29.786) (48.850,29.782) (48.927,29.778) (49.004,29.774) (49.081,29.770) (49.157,29.766) (49.234,29.762) (49.310,29.758) (49.387,29.754) (49.463,29.750) (49.539,29.746) (49.615,29.742) (49.691,29.738) (49.766,29.734) (49.842,29.730) (49.917,29.726) (49.993,29.722) (50.068,29.718) (50.143,29.714) (50.218,29.710) (50.293,29.707) (50.367,29.703) (50.442,29.699) (50.516,29.695) (50.591,29.691) (50.665,29.687) (50.739,29.684) (50.813,29.680) (50.887,29.676) (50.961,29.672) (51.035,29.669) (51.108,29.665) (51.182,29.661) (51.255,29.658) (51.328,29.654) (51.401,29.650) (51.474,29.646) (51.547,29.643) (51.620,29.639) (51.693,29.636) (51.766,29.632) (51.838,29.628) (51.910,29.625) (51.983,29.621) 
(44.252,29.982) (44.338,29.977) (44.424,29.972) (44.509,29.967) (44.594,29.962) (44.680,29.957) (44.765,29.952) (44.849,29.947) (44.934,29.942) (45.018,29.937) (45.103,29.932) (45.187,29.927) (45.271,29.923) (45.354,29.918) (45.438,29.913) (45.521,29.908) (45.604,29.904) (45.688,29.899) (45.770,29.894) (45.853,29.889) (45.936,29.885) (46.018,29.880) (46.100,29.875) (46.182,29.871) (46.264,29.866) (46.346,29.862) (46.427,29.857) (46.509,29.853) (46.590,29.848) (46.671,29.843) (46.752,29.839) (46.833,29.834) (46.913,29.830) (46.994,29.826) (47.074,29.821) (47.154,29.817) (47.234,29.812) (47.314,29.808) (47.394,29.803) (47.473,29.799) (47.553,29.795) (47.632,29.790) (47.711,29.786) (47.790,29.782) (47.869,29.778) (47.948,29.773) (48.026,29.769) (48.105,29.765) (48.183,29.761) (48.261,29.756) (48.339,29.752) (48.417,29.748) (48.495,29.744) (48.572,29.740) (48.650,29.735) (48.727,29.731) (48.804,29.727) (48.881,29.723) (48.958,29.719) (49.035,29.715) (49.112,29.711) (49.188,29.707) (49.265,29.703) (49.341,29.699) (49.417,29.695) (49.493,29.691) (49.569,29.687) (49.645,29.683) (49.721,29.679) (49.796,29.675) (49.872,29.671) (49.947,29.667) (50.022,29.663) (50.097,29.659) (50.172,29.655) (50.247,29.652) (50.322,29.648) (50.397,29.644) (50.471,29.640) (50.546,29.636) (50.620,29.632) (50.694,29.629) (50.768,29.625) (50.842,29.621) (50.916,29.617) (50.989,29.614) (51.063,29.610) (51.137,29.606) (51.210,29.603) (51.283,29.599) (51.356,29.595) (51.429,29.592) (51.502,29.588) (51.575,29.584) (51.648,29.581) (51.721,29.577) (51.793,29.573) (51.866,29.570) (51.938,29.566) (52.010,29.563) 
(44.290,29.921) (44.376,29.916) (44.462,29.911) (44.547,29.907) (44.632,29.902) (44.717,29.897) (44.802,29.892) (44.887,29.887) (44.971,29.882) (45.056,29.877) (45.140,29.872) (45.224,29.868) (45.307,29.863) (45.391,29.858) (45.474,29.853) (45.558,29.848) (45.641,29.844) (45.724,29.839) (45.806,29.834) (45.889,29.830) (45.971,29.825) (46.053,29.820) (46.136,29.816) (46.217,29.811) (46.299,29.807) (46.381,29.802) (46.462,29.797) (46.543,29.793) (46.625,29.788) (46.705,29.784) (46.786,29.779) (46.867,29.775) (46.947,29.771) (47.028,29.766) (47.108,29.762) (47.188,29.757) (47.268,29.753) (47.348,29.748) (47.427,29.744) (47.507,29.740) (47.586,29.735) (47.665,29.731) (47.744,29.727) (47.823,29.723) (47.902,29.718) (47.980,29.714) (48.059,29.710) (48.137,29.706) (48.215,29.701) (48.293,29.697) (48.371,29.693) (48.449,29.689) (48.527,29.685) (48.604,29.680) (48.681,29.676) (48.759,29.672) (48.836,29.668) (48.913,29.664) (48.990,29.660) (49.066,29.656) (49.143,29.652) (49.219,29.648) (49.296,29.644) (49.372,29.640) (49.448,29.636) (49.524,29.632) (49.600,29.628) (49.675,29.624) (49.751,29.620) (49.826,29.616) (49.902,29.612) (49.977,29.608) (50.052,29.604) (50.127,29.601) (50.202,29.597) (50.277,29.593) (50.351,29.589) (50.426,29.585) (50.500,29.581) (50.575,29.578) (50.649,29.574) (50.723,29.570) (50.797,29.566) (50.871,29.563) (50.944,29.559) (51.018,29.555) (51.091,29.551) (51.165,29.548) (51.238,29.544) (51.311,29.540) (51.384,29.537) (51.457,29.533) (51.530,29.529) (51.603,29.526) (51.676,29.522) (51.748,29.519) (51.821,29.515) (51.893,29.511) (51.965,29.508) (52.037,29.504) 
